Name,Country,Region,Location,Lat,Lng,Project type,Work nature,Project stage,Status,Client,General contractor/JV,General contractor,JV / parents,Concrete subcontractor,Competitor present,Value,Currency,Value band,Announced,Tender deadline,Expected concrete start,Expected completion,Concrete opportunity,Fit,Fit profile,Fit reason,Fit dimensions,Product fit,Use case,AE,SDR,Partner route,Partner contact,Source,Notice URL,Notice ID,Summary,Verified,Next action,Next action date,Recontact date,HubSpot deal
Pure Water Southern California,United States,us_west,"Carson, CA",,,Water treatment,New build,Planning / pre-tender,New,MWD + LA County Sanitation Districts,,,,,,3580,USD,250M+,,,,2035-12-31,Large,High,Low-carbon spec-in,,,"MixAI,Data Hub",Marine / water-retaining,lawson,reed,TBD,,NEWS,https://www.mwdh2o.com/building-local-supplies/pure-water-southern-california/,,AWPF at Carson + up to 60 miles pipeline. Final EIR certified Feb 2026. Stage 1 45MGD; rises to $11.3-12.3bn at 150MGD.,__NO__,,,,
California High-Speed Rail - Central Valley (live structures),United States,us_west,"Madera/Fresno/Kings/Tulare, CA",,,Rail / metro,New build,Main works / on site,New,California High-Speed Rail Authority,,,,,,128000,USD,250M+,,,,,Large,High,Mass-concrete civils,,,"Cure / Signal,Data Hub",Precast,lawson,reed,TBD,,NEWS,https://hsr.ca.gov/2026/06/25/news-release-california-high-speed-rail-advances-major-construction-procurement-for-merced-to-madera-extension/,,"80+ miles guideway complete, 61 structures finished, 30 under construction as of June 2026.",__NO__,,,,
California High-Speed Rail - Merced to Madera civil works,United States,us_west,"Merced to Madera, CA",,,Rail / metro,New build,Tender,New,California High-Speed Rail Authority,,,,,,,USD,,,,,,Large,High,Mass-concrete civils,,,"Cure / Signal,MixAI,Data Hub",Precast,lawson,reed,TBD,,NEWS,https://hsr.ca.gov/2026/06/25/news-release-california-high-speed-rail-advances-major-construction-procurement-for-merced-to-madera-extension/,,"RFQ approved June 2026. ~33.9 miles, ~40 structures. Collaborative design-build. Two teams shortlisted by end 2026.",__NO__,,,,
California High-Speed Rail - Fresno to Bakersfield (LGA) extension,United States,us_west,"Shafter to Bakersfield, CA",,,Rail / metro,New build,Planning / pre-tender,New,California High-Speed Rail Authority,,,,,,,USD,,,,,,Large,High,Mass-concrete civils,,,"Cure / Signal,Data Hub",Precast,lawson,reed,TBD,,NEWS,https://hsr.ca.gov/project-overview/,,"~18.5 miles, 31 structures.",__NO__,,,,
Delta Conveyance Project,United States,us_west,"Sacramento-San Joaquin Delta, CA",,,Tunnel,New build,Planning / pre-tender,New,California DWR,,,,,,20000,USD,250M+,,,,2044-12-31,Large,Medium,Low-carbon spec-in,,,"MixAI,Data Hub",Tunnel linings,lawson,reed,TBD,,NEWS,https://www.gov.ca.gov/2026/06/05/delta-conveyance-project-receives-critical-federal-clearance-to-advance-construction/,,"45-mile 36ft ID concrete-lined tunnel, 11 shafts, 2 intakes, Bethany pumping plant. ESA complete June 2026. Politically contested; on-site batch plants in approved scope.",__NO__,,,,
Sites Reservoir,United States,us_west,"Colusa County, CA",,,Dam / hydro / reservoir,New build,Planning / pre-tender,New,Sites Project Authority,,,,,,6000,USD,250M+,,,,,Large,High,Mass-concrete civils,,,"Cure / Signal,MixAI,Data Hub",Mass concrete,lawson,reed,TBD,,NEWS,https://www.bondbuyer.com/news/key-decisions-near-for-californias-sites-reservoir-project,,1.5m acre-feet off-stream reservoir. Construction possibly starting late 2026; first debt spring/summer 2027. Federal share 9-25% unresolved.,__NO__,,,,
Sepulveda Transit Corridor,United States,us_west,"Los Angeles (Van Nuys to Westwood), CA",,,Rail / metro,New build,Planning / pre-tender,New,LA Metro,,,,,,24200,USD,250M+,,,,,Large,High,Mass-concrete civils,,,"MixAI,Data Hub,FieldAtlas",Tunnel linings,lawson,reed,TBD,,NEWS,https://thesource.metro.net/in-major-step-forward-for-sepulveda-transit-corridor-project-metro-board-selects-a-route-and-heavy-rail-as-locally-preferred-alternative/,,"13 miles fully underground heavy rail, 7 stations, LPA selected Jan 2026. Opens 2033-2035.",__NO__,,,,
LA Convention Center Expansion & Modernization,United States,us_west,"Downtown Los Angeles, CA",,,Stadium / arena / convention,Extension,Main works / on site,New,City of Los Angeles,PCL Construction + Webcor,,,,,2600,USD,250M+,,,,2029-06-30,Large,High,Schedule-critical vertical build,,,"Cure / Signal,Data Hub",In-situ frame,lawson,reed,TBD,,NEWS,https://engineering.lacity.gov/projects/laconventioncenter-expansion-and-modernization-project,,"325,000 sq ft structure bridging over Pico Blvd + 98,000 sq ft rooftop ballroom. Pauses for 2028 Games.",__NO__,,,,
LAX Terminal 9 + Concourse 0 (ATMP),United States,us_west,"Los Angeles (LAX), CA",,,Airport,Extension,Planning / pre-tender,New,Los Angeles World Airports,,,,,,,USD,,,,,2028-06-30,Large,High,Schedule-critical vertical build,,,"Cure / Signal,Data Hub",In-situ frame,lawson,reed,TBD,,NEWS,https://www.lawa.org/atmp/project,,"Two projects each >1m sq ft. T9 12-18 gates, Concourse 0 6-9 gates, elevated roadway system.",__NO__,,,,
LAX Terminal 5 rebuild,United States,us_west,"Los Angeles (LAX), CA",,,Airport,Replacement,Groundbreaking / enabling works,New,Los Angeles World Airports,,,,,,,USD,,,,,,Unknown,Medium,Schedule-critical vertical build,,,Cure / Signal,In-situ frame,lawson,reed,TBD,,NEWS,https://labusinessjournal.com/special-reports/infrastructure-los-angeles-international-airport/,,"Terminal closed 2025, demolition from late 2025/early 2026. Confirm award status.",__NO__,,,,
Hyperion 2035 / Hyperion AWPF,United States,us_west,"Playa del Rey, CA",,,Wastewater treatment,Refurbishment / retrofit,Main works / on site,New,LA Sanitation & Environment,Walsh / Brown and Caldwell,,,,,3000,USD,250M+,,,,2035-12-31,Large,High,Low-carbon spec-in,,,"MixAI,Data Hub",Marine / water-retaining,lawson,reed,TBD,,NEWS,https://www.waterandwastewater.com/hyperion-water-reclamation-plant-los-angeles/,,Largest water reclamation plant in western US (275 MGD avg). MBR+RO+UV/AOP retrofit to 100% recycling by 2035.,__NO__,,,,
Fourth & Central,United States,us_west,"Downtown Los Angeles, CA",,,Residential,New build,Awarded - pre-start,New,LA Cold Storage,,,,,,2000,USD,250M+,,,,,Large,Medium,Schedule-critical vertical build,,,"Cure / Signal,Data Hub",Post-tensioned slabs,lawson,reed,TBD,,NEWS,https://therealdeal.com/la/2026/07/01/los-angeles-approves-downtown-housing-retail-complex/,,"10 buildings, 2.3m sq ft, tallest 30 storeys. Council approval July 2026. RISK: financing not closed.",__NO__,,,,
Centro Westlake,United States,us_west,"Westlake, Los Angeles, CA",,,Residential,New build,Planning / pre-tender,New,Walter J. Company + LA Metro,,,,,,,USD,,,,,,Medium,Medium,Schedule-critical vertical build,,,Cure / Signal,"Slipform core,Post-tensioned slabs",lawson,reed,TBD,,NEWS,https://commercialobserver.com/2026/03/la-mixed-use-metro-affordable-housing-walter-j/,,"55 and 39 storey towers, 668 units, 300-key hotel. Approved March 2026.",__NO__,,,,
6800 Sunset Blvd,United States,us_west,"Hollywood, Los Angeles, CA",,,Residential,New build,Planning / pre-tender,New,Galaxy Commercial Holdings,,,,,,,USD,,,,,,Medium,Low,Schedule-critical vertical build,,,Cure / Signal,Post-tensioned slabs,lawson,reed,TBD,,NEWS,https://la.urbanize.city/post/42-story-mixed-use-tower-gets-go-ahead-6800-sunset-blvd-hollywood,,"42-storey tower, 304 apartments + 115 hotel rooms. Tier 3.",__NO__,,,,
Metro D Line Extension Sections 2 & 3,United States,us_west,"Los Angeles (Wilshire corridor), CA",,,Rail / metro,New build,Finishing,Disqualified,LA Metro,Tutor Perini / O&G,,,,,3400,USD,250M+,,,,,Small,Disqualified,Mass-concrete civils,,,,Tunnel linings,lawson,reed,TBD,,NEWS,https://labusinessjournal.com/special-reports/infrastructure-metro-d-line-extension/,,"DISQUALIFIED Aug 2026: tunnelling complete Apr 2024. Sec2 83%/Sec3 73% complete Oct 2025; remaining is finishes, trackwork, systems. Keep Tutor Perini/O&G as relationship for Sepulveda.",__NO__,,,,
Lucas Museum of Narrative Art,United States,us_west,"Exposition Park, Los Angeles, CA",,,Retail / hotel / leisure,New build,Finishing,Disqualified,,,,,,,1000,USD,250M+,,,,,Small,Disqualified,Schedule-critical vertical build,,,,In-situ frame,lawson,reed,TBD,,NEWS,https://constructionreviewonline.com/los-angeles-breaks-ground-on-2-6-billion-convention-center-expansion/,,DISQUALIFIED: opens Sept 2026.,__NO__,,,,
Southeast Gateway Line Phase 1,United States,us_west,"Artesia to Slauson, LA County, CA",,,Rail / metro,New build,Groundbreaking / enabling works,New,LA Metro,,,,,,7100,USD,250M+,,,,2035-10-01,Large,High,Mass-concrete civils,,,"Cure / Signal,MixAI,Data Hub",Precast,lawson,reed,TBD,,NEWS,https://www.enr.com/articles/58564-la-metros-board-green-lights-71b-southeast-gateway-line,,"14.5 miles, 9+ stations. Utility relocation from Oct 2024, design ~30%. Includes proposed $687m elevated crossing at 183rd/Gridley. Service fall 2035.",__NO__,,,,
K Line (C Line) Extension to Torrance,United States,us_west,"Redondo Beach to Torrance, CA",,,Rail / metro,New build,PCSA / preconstruction,New,LA Metro,,,,,,3400,USD,250M+,,,,2036-12-31,Large,High,Mass-concrete civils,,,"Cure / Signal,Data Hub",Precast,lawson,reed,TBD,,NEWS,https://www.metro.net/about/la-metro-releases-final-environmental-impact-report-for-c-line-extension-to-torrance/,,"4.5 miles fully grade-separated, elevated down Hawthorne Blvd median. FEIR certified 22 Jan 2026. Construction from 2027, opens 2036.",__NO__,,,,
Port of Long Beach Pier B On-Dock Rail Support Facility,United States,us_west,"Long Beach, CA",,,Port / marine,Extension,Main works / on site,New,Port of Long Beach,,,,,,1800,USD,250M+,,,,2032-12-31,Large,High,Mass-concrete civils,,,"Cure / Signal,Data Hub",Slabs / pavements,lawson,reed,TBD,,NEWS,https://www.railwayage.com/intermodal/intermodal-briefs-port-of-la-port-of-long-beach/,,"Rail yard 82 to 171 acres, 30-locomotive depot, 10,000ft train staging. FY26-27 capital spend $571.8m. Within $3.3bn CIP.",__NO__,,,,
Port of Los Angeles capital programme,United States,us_west,"San Pedro / Wilmington, CA",,,Port / marine,Extension,Main works / on site,New,Port of Los Angeles,,,,,,3400,USD,250M+,,,,,Large,Medium,Mass-concrete civils,,,"Cure / Signal,Data Hub",Marine / water-retaining,lawson,reed,TBD,,NEWS,https://www.railwayage.com/intermodal/intermodal-briefs-port-of-la-port-of-long-beach/,,"FY2026/27 budget $3.4bn. Wharf, terminal, public access. Plus San Pedro town square $53.7m and 1,300ft walkway $65m.",__NO__,,,,
Harbor-UCLA Medical Center Replacement,United States,us_west,"West Carson, CA",,,Hospital / healthcare,Replacement,Finishing,Disqualified,LA County Public Works,Hensel Phelps,,,,,1800,USD,250M+,,,,2028-12-31,Small,Disqualified,Schedule-critical vertical build,,,,Raft / substructure / basement,lawson,reed,TBD,,NEWS,https://la.urbanize.city/post/flying-over-harbor-ucla-medical-centers-18b-expansion,,"DISQUALIFIED Aug 2026: tower is STEEL-framed, topped out May 2025. Only major pour was the mat foundation (~10,200-11,000 cy over two nights Nov 2024). Now enclosure/fit-out.",__NO__,,,,
I-105 ExpressLanes Segments 2 & 3,United States,us_west,"Central Ave to Studebaker Rd, LA County, CA",,,Highway / road,Widening / twinning,Awarded - pre-start,New,LA Metro + Caltrans D7,,,,,,660,USD,250M+,,,Summer 2026,2029-12-31,Medium,High,Mass-concrete civils,,,"Cure / Signal,Data Hub",Culverts / ancillary structures,lawson,reed,TBD,,NEWS,https://www.metro.net/projects/i105-expresslanes/,,"~95% designed. Multiple bridge widenings, retaining and sound walls, street reprofiling. Construction starts summer 2026.",__NO__,,,,
Inglewood Transit Connector,United States,us_west,"Inglewood, CA",,,Rail / metro,New build,PCSA / preconstruction,New,Inglewood Transit Connector JPA,Elevate Inglewood Partners,,,,,2000,USD,250M+,,,,2030-12-31,Large,High,Mass-concrete civils,,,"Cure / Signal,Data Hub,FieldAtlas",Precast,lawson,reed,TBD,,NEWS,https://www.masstransitmag.com/rail/infrastructure/press-release/55127907/city-of-inglewood-elevate-inglewood-partners-selected-best-value-proposer-for-inglewood-transit-connector-project,,"1.6-mile elevated automated people mover, 3 stations. $1bn FTA commitment. Service ~2030.",__NO__,,,,
"West Harbor, San Pedro",United States,us_west,"San Pedro, CA",,,Retail / hotel / leisure,New build,Main works / on site,New,Port of Los Angeles,,,,,,500,USD,250M+,,,,,Medium,Low,Schedule-critical vertical build,,,Cure / Signal,In-situ frame,lawson,reed,TBD,,NEWS,https://lawaterfront.org/invest/current-port-projects,,"Waterfront development with 6,200-seat amphitheatre. Verify unlet concrete.",__NO__,,,,
Whittier Narrows Dam Safety Modification,United States,us_west,"South El Monte, CA",,,Dam / hydro / reservoir,Refurbishment / retrofit,Awarded - pre-start,New,USACE Los Angeles District,Barnard Construction,,,,,736,USD,250M+,,,2026,2032-01-05,Large,High,Mass-concrete civils,,,"Cure / Signal,MixAI,Data Hub",Mass concrete,lawson,reed,TBD,,NEWS,https://www.enr.com/articles/62773-usace-awards-18b-in-southern-california-dam-safety-contracts-to-barnard-construction,,$735.7m contract ($761m cumulative). Foundation internal-erosion repair + COMPACTED CONCRETE overtopping structure + Lincoln Ave embankment. ~104 acres parkland taken.,__NO__,,,,
East San Fernando Valley Light Rail Transit,United States,us_west,"Van Nuys Blvd, San Fernando Valley, CA",,,Rail / metro,New build,Main works / on site,New,LA Metro,,,,,,3635,USD,250M+,,,,2031-12-31,Large,High,Mass-concrete civils,,,"Cure / Signal,Data Hub",Slabs / pavements,lawson,reed,TBD,,NEWS,https://www.transit.dot.gov/sites/fta.dot.gov/files/2023-03/CA-Los-Angeles-East-San-Fernando-Valley-Project-Profile-AR24.pdf,,"6.7 miles at-grade LRT, 11 stations, 10 traction power substations, maintenance and storage facility. $893m federal grant.",__NO__,,,,
Metro G Line Improvements Project,United States,us_west,"San Fernando Valley, CA",,,Rail / metro,Refurbishment / retrofit,Main works / on site,New,LA Metro,,,,,,,USD,,,,,,Unknown,Medium,Mass-concrete civils,,,Cure / Signal,Slabs / pavements,lawson,reed,TBD,,NEWS,https://www.enr.com/articles/61034-la-metro-officials-highlight-progress-plans-for-transit,,BRT-to-LRT conversion groundwork. Confirm scope and value - grade separations would make it qualify comfortably.,__NO__,,,,
DisneylandForward - Eastern Gateway parking structure,United States,us_west,"Anaheim, CA",,,Retail / hotel / leisure,New build,Groundbreaking / enabling works,New,Disney,,,,,,1900,USD,250M+,,,2026,,Large,High,Schedule-critical vertical build,,,"Cure / Signal,Data Hub",Post-tensioned slabs,lawson,reed,TBD,,NEWS,https://deeparrival.com/news/disneylandforward-construction-begins-2026/,,"8 levels, ~3.2m sq ft, 6,000 spaces + shuttle/rideshare staging. Prep began 8 June 2026. Likely largest single PT deck package in California. Further structures follow in sequence.",__NO__,,,,
"OCTA freeway programme (SR-55, I-5/Ortega interchange)",United States,us_west,"Orange County, CA",,,Highway / road,Widening / twinning,Main works / on site,New,OCTA,,,,,,,USD,,,,,,Medium,Low,Mass-concrete civils,,,Cure / Signal,Culverts / ancillary structures,lawson,reed,TBD,,NEWS,https://octa.net/programs-projects/projects/freeway-projects/overview,,Packages typically $30-150m. Approach OCTA + Caltrans D12 as relationships. I-405 SR-73 to I-605 complete - do not chase.,__NO__,,,,
Santiago Creek Dam - new spillway and outlet tower,United States,us_west,"Orange County, CA",,,Dam / hydro / reservoir,Replacement,PCSA / preconstruction,New,Serrano Water District + Irvine Ranch Water District,,,,,,,USD,,,,,2029-12-31,Medium,High,Mass-concrete civils,,,"Cure / Signal,MixAI,Data Hub",Marine / water-retaining,lawson,reed,TBD,,NEWS,https://cwc.ca.gov/-/media/DWR-Website/Web-Pages/Programs/All-Programs/Division-of-Safety-of-Dams/Files/Publications/Dams-Within-Jurisdiction-of-the-State-of-California-with-Restrictions-September-2022.pdf,,"DSOD restricted, Poor condition, Extremely High hazard. New spillway + new inclined outlet tower. 60% design, physical model being built. Online by 2029.",__NO__,,,,
Prado Dam Spillway Modification,United States,us_west,"Corona, CA",,,Dam / hydro / reservoir,Refurbishment / retrofit,Awarded - pre-start,New,USACE Los Angeles District,Barnard Construction,,,,,1130,USD,250M+,,,Spring 2027,2033-12-31,Large,High,Mass-concrete civils,,,"Cure / Signal,MixAI,Data Hub",Mass concrete,lawson,reed,TBD,,NEWS,https://www.enr.com/articles/62773-usace-awards-18b-in-southern-california-dam-safety-contracts-to-barnard-construction,,"Demolish and rebuild spillway walls/slabs as LABYRINTH SPILLWAY, tie into earthen embankments, raise crest 20ft. Protects ~1.4m people. Construction spring 2027-2033.",__NO__,,,,
I-15 Express Lanes Southern Extension,United States,us_west,"Corona, Riverside County, CA",,,Highway / road,Widening / twinning,Planning / pre-tender,New,RCTC,,,,,,,USD,,,,,,Medium,Medium,Mass-concrete civils,,,Cure / Signal,Culverts / ancillary structures,lawson,reed,TBD,,NEWS,https://www.rctc.org/projects/,,"Extends express lanes south from Cajalco Rd. Barrier, retaining wall, structures.",__NO__,,,,
SR-71 Corridor Improvement Project,United States,us_west,"Riverside County, CA",,,Highway / road,Widening / twinning,Planning / pre-tender,New,RCTC,,,,,,,USD,,,,,,Unknown,Low,Mass-concrete civils,,,Cure / Signal,Unknown,lawson,reed,TBD,,NEWS,https://www.rctc.org/projects/,,Corridor upgrade - confirm current stage.,__NO__,,,,
I-10 Pass Express Lanes + truck climbing lane,United States,us_west,"Beaumont / Banning, CA",,,Highway / road,Widening / twinning,Planning / pre-tender,New,RCTC / Caltrans D8,,,,,,,USD,,,,,,Medium,Medium,Mass-concrete civils,,,Cure / Signal,Slabs / pavements,lawson,reed,TBD,,NEWS,https://www.rctc.org/projects/,,"High-wind corridor, heavy truck loading, JPCP pavement work.",__NO__,,,,
Ramona Expressway upgrade,United States,us_west,"Riverside County, CA",,,Highway / road,Widening / twinning,Awarded - pre-start,New,Caltrans D8,,,,,,63,USD,50-250M,,,,,Small,Low,Mass-concrete civils,,,Cure / Signal,Culverts / ancillary structures,lawson,reed,TBD,,NEWS,https://dot.ca.gov/news-releases/news-release-2026-003,,"New bridge, bike lanes, wildlife crossing. $63m allocated Feb 2026 CTC.",__NO__,,,,
Mid County Parkway,United States,us_west,"Riverside County, CA",,,Highway / road,New build,Planning / pre-tender,New,RCTC,,,,,,,USD,,,,,,Unknown,Low,Mass-concrete civils,,,Cure / Signal,Unknown,lawson,reed,TBD,,NEWS,https://www.rctc.org/projects/,,Long-term RCTC programme. Watchlist.,__NO__,,,,
Coachella Valley-San Gorgonio Pass Rail Corridor,United States,us_west,"Riverside County, CA",,,Rail / metro,New build,Planning / pre-tender,New,RCTC,,,,,,,USD,,,,,,Unknown,Low,Mass-concrete civils,,,"MixAI,Data Hub",Unknown,lawson,reed,TBD,,NEWS,https://www.rctc.org/projects/,,Long horizon. Watchlist for spec-in.,__NO__,,,,
Vail Dam Rehabilitation,United States,us_west,"Temecula, CA",,,Dam / hydro / reservoir,Refurbishment / retrofit,PCSA / preconstruction,New,Rancho California Water District,,,,,,,USD,,,,,,Medium,High,Mass-concrete civils,,,"Cure / Signal,MixAI,Data Hub",Mass concrete,lawson,reed,TBD,,NEWS,https://cwc.ca.gov/-/media/DWR-Website/Web-Pages/Programs/All-Programs/Division-of-Safety-of-Dams/Files/Publications/Dams-Within-Jurisdiction-of-the-State-of-California-with-Restrictions-September-2022.pdf,,"DSOD restricted (seismic), Extremely High hazard. Rehabilitation design 90% COMPLETE, under DSOD review. Closest to procurement on the DSOD list.",__NO__,,,,
Lee Lake Dam replacement,United States,us_west,"Elsinore, CA",,,Dam / hydro / reservoir,Replacement,PCSA / preconstruction,New,Elsinore Valley Municipal Water District,,,,,,,USD,,,,,,Medium,Medium,Mass-concrete civils,,,"Cure / Signal,MixAI",Mass concrete,lawson,reed,TBD,,NEWS,https://cwc.ca.gov/-/media/DWR-Website/Web-Pages/Programs/All-Programs/Division-of-Safety-of-Dams/Files/Publications/Dams-Within-Jurisdiction-of-the-State-of-California-with-Restrictions-September-2022.pdf,,"DSOD restricted, Poor condition. Removal of existing dam and replacement with new dam or flood control structure. 50% design underway.",__NO__,,,,
"I-15 Auxiliary Lanes, Temecula",United States,us_west,"Temecula, CA",,,Highway / road,Widening / twinning,Complete,Disqualified,Caltrans D8,,,,,,34,USD,Under 50M,,,,,Small,Disqualified,Mass-concrete civils,,,,Slabs / pavements,lawson,reed,TBD,,NEWS,https://dot.ca.gov/caltrans-near-me/district-8/district-8-current-projects/i-15-aux-lane-in-temecula,,"DISQUALIFIED: $33.8m, finished spring 2026 ahead of schedule.",__NO__,,,,
"I-15 Deceleration Lane, Corona",United States,us_west,"Corona, CA",,,Highway / road,Widening / twinning,Planning / pre-tender,Disqualified,Caltrans D8,,,,,,6,USD,Under 50M,,,,,Small,Disqualified,Mass-concrete civils,,,,Slabs / pavements,lawson,reed,TBD,,NEWS,https://dot.ca.gov/caltrans-near-me/district-8/district-8-current-projects/i-15-deceleration-lane-in-corona,,"DISQUALIFIED: $6m, below value threshold.",__NO__,,,,
Brightline West High-Speed Rail,United States,us_west,"Rancho Cucamonga to Las Vegas (I-15 corridor), CA/NV",,,Rail / metro,New build,Main works / on site,New,Brightline West,,,,,,12000,USD,250M+,,,,2028-08-31,Large,High,Mass-concrete civils,,,"Cure / Signal,MixAI,Data Hub,FieldAtlas",Precast,lawson,reed,TBD,,NEWS,https://railwaynews.net/brightline-west-high-speed-rail-project-las-vegas-to-rancho-cucamonga.html,,"218 miles largely in I-15 median. OVER 160 STRUCTURES incl viaducts and bridges, extensive retaining walls, ~3.5-mile viaduct crossing I-15 SB into Rancho Cucamonga, Cajon Pass segment, elevated RC station. Target summer 2028. ~11,000 workers. Multiple contractors by segment.",__NO__,,,,
I-15 Corridor Express Lanes (Riverside PM49.8 to San Bernardino PM12.2),United States,us_west,"Eastvale / Jurupa Valley / Ontario / Rancho Cucamonga, CA",,,Highway / road,Widening / twinning,Main works / on site,New,Caltrans D8,,,,,,,USD,,,,,,Large,Medium,Mass-concrete civils,,,"Cure / Signal,Data Hub",Culverts / ancillary structures,lawson,reed,TBD,,NEWS,https://ceqanet.lci.ca.gov/2018021044/2,,"~14.7 miles express lanes + reconstruction/modification of interchange ramps, local arterials and structures.",__NO__,,,,
I-10 Corridor Freight & Managed Lane Project Contract 2B,United States,us_west,"Fontana to Colton, CA",,,Highway / road,Widening / twinning,Awarded - pre-start,New,Caltrans D8 / SBCTA,,,,,,73,USD,50-250M,,,,,Medium,Medium,Mass-concrete civils,,,Cure / Signal,Slabs / pavements,lawson,reed,TBD,,NEWS,https://dot.ca.gov/news-releases/news-release-2026-003,,9.4 lane miles Sierra Ave to Pepper Ave + 1.8 lane miles auxiliary. Funded Feb 2026.,__NO__,,,,
Inland Empire data centre cluster,United States,us_west,"Riverside / San Bernardino counties, CA",,,Data centre,New build,Planning / pre-tender,New,,,,,,,,USD,,,,,,Large,Medium,Precast & batching supply,,,"Cure / Signal,Data Hub",Slabs / pavements,lawson,reed,TBD,,NEWS,https://abcsocal.org/data-center-construction-community-engagement-in-southern-california/,,"$300m-$1bn+ per campus. CEQA and organised opposition are the constraint. NEEDS individual project identification - campuses, developers and values not yet named.",__NO__,,,,
San Diego International Airport New Terminal 1 Phase 1B,United States,us_west,"San Diego, CA",,,Airport,Extension,Main works / on site,New,San Diego County Regional Airport Authority,Turner-Flatiron JV,,,,,3800,USD,250M+,,,,2028-03-31,Large,High,Schedule-critical vertical build,,,"Cure / Signal,Data Hub",Post-tensioned slabs,lawson,reed,TBD,,NEWS,https://www.pacificbeachbuilder.com/blog/san-diego-airport-terminal-1-phase-1b-renderings-construction-impact-2026/,,"Takes New T1 to 30 gates. Adds ~5 miles roadway incl ELEVATED departures/arrivals lanes and 5,200-space parking plaza. Phase 1A was $2.6bn, opened Sept 2025.",__NO__,,,,
SDIA Terminal 2 East Connector,United States,us_west,"San Diego, CA",,,Airport,New build,Awarded - pre-start,New,San Diego County Regional Airport Authority,Sundt Construction,,,,,,USD,,,,,,Medium,Medium,Schedule-critical vertical build,,,Cure / Signal,In-situ frame,lawson,reed,TBD,,NEWS,https://www.sundt.com/2026/sundt-awarded-new-project-at-san-diego-international-airport/,,"Two-level connector, employee checkpoint, airside barriers, apron improvements, elevated walkway, two gate hold rooms. Sundt selected Jan 2026.",__NO__,,,,
Pure Water San Diego Phase 1,United States,us_west,"San Diego, CA",,,Water treatment,New build,Main works / on site,New,City of San Diego,,,,,,1000,USD,250M+,,,,2035-12-31,Large,High,Low-carbon spec-in,,,"MixAI,Data Hub,Cure / Signal",Marine / water-retaining,lawson,reed,TBD,,NEWS,https://www.sandiego.gov/public-utilities/sustainability/pure-water-sd/phase-1-projects,,"12 projects incl North City Pure Water Facility, pipelines, pump stations, tunnelling. 30 MGD. Largest infrastructure programme in city history. Phase 2 planning is the spec-in window.",__NO__,,,,
Otay Mesa East Port of Entry / SR-11,United States,us_west,"Otay Mesa, San Diego, CA",,,Other,New build,Main works / on site,New,SANDAG + Caltrans,Atkinson/Clark JV,,,,,1300,USD,250M+,,,,2028-06-30,Large,Medium,Mass-concrete civils,,,"Cure / Signal,Data Hub",In-situ frame,lawson,reed,TBD,,NEWS,https://www.cbp.gov/newsroom/local-media-release/donation-acceptance-agreements-pave-way-new-port-entry-otay-mesa-east,,"$535m POE JV package within $1.3bn. Inspection facilities, CVEF, toll infrastructure, SR-11 connection. Has slipped 2017 to 2024 to 2027 - treat dates sceptically.",__NO__,,,,
NAVFAC Southwest MILCON programme,United States,us_west,"San Diego / Camp Pendleton / Coronado, CA",,,Prison / justice / defence,Unknown,Unknown,New,NAVFAC Southwest,,,,,,,USD,,,,,,Unknown,Medium,Mass-concrete civils,,,"Cure / Signal,Data Hub",Marine / water-retaining,lawson,reed,TBD,,NEWS,https://pacific.navfac.navy.mil/Facilities-Engineering-Commands/NAVFAC-Southwest/,,"Rolling; individual packages frequently >$100m. Piers, waterfront structures, hardstand. NEEDS dedicated DoD award pass.",__NO__,,,,
Lake Hodges Dam improvements,United States,us_west,"San Diego County, CA",,,Dam / hydro / reservoir,Refurbishment / retrofit,Planning / pre-tender,New,City of San Diego,,,,,,,USD,,,,,,Medium,Medium,Mass-concrete civils,,,"Cure / Signal,MixAI",Mass concrete,lawson,reed,TBD,,NEWS,https://cwc.ca.gov/-/media/DWR-Website/Web-Pages/Programs/All-Programs/Division-of-Safety-of-Dams/Files/Publications/Dams-Within-Jurisdiction-of-the-State-of-California-with-Restrictions-September-2022.pdf,,"DSOD restricted (seismic), Poor, Extremely High hazard. Near-term repairs to dam and spillway apron being implemented; long-term improvements in development.",__NO__,,,,
El Capitan Dam improvements,United States,us_west,"San Diego County, CA",,,Dam / hydro / reservoir,Refurbishment / retrofit,Planning / pre-tender,New,City of San Diego,,,,,,,USD,,,,,,Medium,Low,Mass-concrete civils,,,"Cure / Signal,MixAI",Mass concrete,lawson,reed,TBD,,NEWS,https://cwc.ca.gov/-/media/DWR-Website/Web-Pages/Programs/All-Programs/Division-of-Safety-of-Dams/Files/Publications/Dams-Within-Jurisdiction-of-the-State-of-California-with-Restrictions-September-2022.pdf,,"DSOD restricted (seismic), Poor, Extremely High hazard. Initial geologic/seismic stability evaluation complete; further analyses to determine improvements.",__NO__,,,,
Morena Dam improvements,United States,us_west,"San Diego County, CA",,,Dam / hydro / reservoir,Refurbishment / retrofit,Planning / pre-tender,New,City of San Diego,,,,,,,USD,,,,,,Medium,Low,Mass-concrete civils,,,"Cure / Signal,MixAI",Mass concrete,lawson,reed,TBD,,NEWS,https://cwc.ca.gov/-/media/DWR-Website/Web-Pages/Programs/All-Programs/Division-of-Safety-of-Dams/Files/Publications/Dams-Within-Jurisdiction-of-the-State-of-California-with-Restrictions-September-2022.pdf,,"DSOD restricted (hydraulic), Poor, Extremely High hazard. Acquiring consultant services for comprehensive condition assessment.",__NO__,,,,
Lake Wohlford Dam replacement,United States,us_west,"Escondido, CA",,,Dam / hydro / reservoir,Replacement,PCSA / preconstruction,New,City of Escondido,,,,,,,USD,,,,,,Medium,Medium,Mass-concrete civils,,,"Cure / Signal,MixAI,Data Hub",Mass concrete,lawson,reed,TBD,,NEWS,https://cwc.ca.gov/-/media/DWR-Website/Web-Pages/Programs/All-Programs/Division-of-Safety-of-Dams/Files/Publications/Dams-Within-Jurisdiction-of-the-State-of-California-with-Restrictions-September-2022.pdf,,"DSOD restricted (seismic), Extremely High hazard. Replacement dam designed downstream of existing dam. EIR CERTIFIED, obtaining environmental permits.",__NO__,,,,
Rice Avenue / Fifth St / SR-34 Grade Separation,United States,us_west,"Oxnard, CA",,,Bridge / viaduct,New build,Main works / on site,New,City of Oxnard + Caltrans D7 + Ventura County,Security Paving,,,,,135,USD,50-250M,,,,2029-12-31,Medium,High,Mass-concrete civils,,,"Cure / Signal,Data Hub",Culverts / ancillary structures,lawson,reed,TBD,,NEWS,https://vidanewspaper.com/2025/02/27/city-breaks-ground-on-bridge/,,VERIFIED Aug 2026: completion 2029 not 2027. Six-lane bridge over Fifth St/SR-34 and UP Santa Barbara Subdivision + connector ramp + ~250ft realignment. CPUC 4th most dangerous crossing in state. ~3 years of structure work remaining.,__NO__,,,,
Port of Hueneme PACED programme,United States,us_west,"Port Hueneme, CA",,,Port / marine,Refurbishment / retrofit,Main works / on site,New,Port of Hueneme,,,,,,80,USD,50-250M,,,,,Medium,Medium,Mass-concrete civils,,,"Cure / Signal,Data Hub",Marine / water-retaining,lawson,reed,TBD,,NEWS,https://news.yahoo.com/oxnard-port-hueneme-95m-infrastructure-140035300.html,,"$80m state grant. Demolition, BERTH DEEPENING, zero-emission plug-in infrastructure.",__NO__,,,,
Naval Base Ventura County MILCON,United States,us_west,"Point Mugu / Port Hueneme, CA",,,Prison / justice / defence,Unknown,Unknown,New,NAVFAC Southwest,,,,,,,USD,,,,,,Unknown,Low,Mass-concrete civils,,,Cure / Signal,Unknown,lawson,reed,TBD,,NEWS,https://pacific.navfac.navy.mil/Facilities-Engineering-Commands/NAVFAC-Southwest/Our-Services/Public-Works/PWD-Naval-Base-Ventura-County/,,Rolling MILCON. Combine with the NAVFAC pass.,__NO__,,,,
Matilija Dam removal programme,United States,us_west,"Ventura County, CA",,,Dam / hydro / reservoir,Replacement,Planning / pre-tender,New,Ventura County Watershed Protection District,,,,,,,USD,,,,,2035-12-31,Medium,Low,Mass-concrete civils,,,Cure / Signal,Mass concrete,lawson,reed,TBD,,NEWS,https://cwc.ca.gov/-/media/DWR-Website/Web-Pages/Programs/All-Programs/Division-of-Safety-of-Dams/Files/Publications/Dams-Within-Jurisdiction-of-the-State-of-California-with-Restrictions-September-2022.pdf,,"DSOD restricted, Poor, Extremely High hazard. Dam REMOVAL by 2035 preceded by six downstream infrastructure projects - those are the opportunity, not the dam.",__NO__,,,,
Imperial Data Center (IVCM),United States,us_west,"Imperial County, CA",,,Data centre,New build,Planning / pre-tender,New,Imperial Valley Computer Manufacturing LLC,,,,,,10000,USD,250M+,,,,,Large,Low,Precast & batching supply,,,"Cure / Signal,Data Hub",Slabs / pavements,lawson,reed,TBD,,NEWS,https://calmatters.org/newsletter/data-center-imperial-county/,,"NOT APPROVED. 950,000 sq ft, 330MW, 862MWh storage. Would be California's largest DC. Opinion and officials turned against it mid-2026. WATCHLIST ONLY - do not build contacts.",__NO__,,,,
I-10 / Monroe St interchange,United States,us_west,"Indio, CA",,,Highway / road,Widening / twinning,Planning / pre-tender,New,Caltrans D8 + City of Indio,,,,,,,USD,,,,,,Small,Low,Mass-concrete civils,,,Cure / Signal,Culverts / ancillary structures,lawson,reed,TBD,,NEWS,https://dot.ca.gov/caltrans-near-me/district-8/district-8-news/?page=3,,Reconstruction and widening of Monroe St at I-10.,__NO__,,,,
I-10 / Jackson St interchange,United States,us_west,"Coachella Valley, CA",,,Highway / road,Replacement,Planning / pre-tender,New,Caltrans D8,,,,,,,USD,,,,,,Small,Low,Mass-concrete civils,,,Cure / Signal,Culverts / ancillary structures,lawson,reed,TBD,,NEWS,https://dot.ca.gov/caltrans-near-me/district-8/district-8-news/?page=3,,Interchange reconstruction. Environmental document issued.,__NO__,,,,
"UCSF Health Helen Diller Hospital, Parnassus Heights",United States,us_west,"San Francisco, CA",,,Hospital / healthcare,New build,Main works / on site,New,UCSF,HBW JV (Herrero / Boldt / Webcor),,,,,4300,USD,250M+,,,Live now,2030-12-31,Large,High,Schedule-critical vertical build,,,"Cure / Signal,Data Hub",In-situ frame,lawson,reed,TBD,,NEWS,https://constructionreviewonline.com/us4-3-billion-ucsf-hospital-expansion-in-progress-san-francisco/,,"15 storeys, 294ft, ~880,000 sq ft, 324 beds. Lower slabs, foundations and basement structures COMPLETED APRIL 2026; now vertical with multiple tower cranes. Campus programme ~2m sq ft.",__NO__,,,,
The Portal / Downtown Rail Extension (DTX),United States,us_west,"San Francisco, CA",,,Rail / metro,New build,Planning / pre-tender,New,Transbay Joint Powers Authority,AECOM (PM/CM),,,,,8250,USD,250M+,,,,2035-12-31,Large,High,Mass-concrete civils,,,"MixAI,Data Hub,Cure / Signal",Tunnel linings,lawson,reed,TBD,,NEWS,https://www.constructiondive.com/news/portal-project-aecom-san-francisco/725162/,,"2.2 miles, two stations, Fourth & King to Salesforce Transit Center incl new underground station at 4th and Townsend. Deep station boxes, cut-and-cover. $3.4bn federal pledge. Opens ~2035.",__NO__,,,,
Pier 70 redevelopment,United States,us_west,"Dogpatch, San Francisco, CA",,,Residential,New build,Planning / pre-tender,New,Port of San Francisco + Brookfield Properties,,,,,,3000,USD,250M+,,,,,Large,Medium,Schedule-critical vertical build,,,"Cure / Signal,Data Hub",In-situ frame,lawson,reed,TBD,,NEWS,https://www.commercialsearch.com/news/top-projects-that-will-reshape-the-san-francisco-bay-area/,,"28 acres, ~2,150 units, ~1.7m sq ft office, 9 acres parks, three historic rehabs. Verify funded phases.",__NO__,,,,
Treasure Island / Yerba Buena Island development,United States,us_west,"Treasure Island, San Francisco, CA",,,Residential,New build,Main works / on site,New,Treasure Island Development Authority,,,,,,2400,USD,250M+,,,,,Large,Medium,Schedule-critical vertical build,,,"Cure / Signal,Data Hub",Piling / foundations,lawson,reed,TBD,,NEWS,https://www.sfmta.com/projects/treasure-island-yerba-buena-island-project,,"405 acres, 8,000-10,000 units, ~290-300 acres parks. $2.4bn infrastructure. ENTIRELY FILLED LAND - ground improvement and deep foundations throughout. Phase Two launched June 2026.",__NO__,,,,
Mission Rock,United States,us_west,"Mission Bay, San Francisco, CA",,,Residential,Phase of larger scheme,Finishing,Recontact later,SF Giants + Tishman Speyer,,,,,,,USD,,,,,,Small,Low,Schedule-critical vertical build,,,Cure / Signal,In-situ frame,lawson,reed,TBD,,NEWS,https://www.commercialsearch.com/news/top-projects-that-will-reshape-the-san-francisco-bay-area/,,"1.4m sq ft commercial, ~1,300 units, four phases. Phase 1 completing. Only pursue if Phase 2+ has a confirmed start.",__NO__,,,,
Westside Bridges Seismic Retrofit,United States,us_west,"Treasure Island, San Francisco, CA",,,Bridge / viaduct,Refurbishment / retrofit,Finishing,Disqualified,SFCTA,,,,,,124,USD,50-250M,,,,,Small,Disqualified,Mass-concrete civils,,,,Culverts / ancillary structures,lawson,reed,TBD,,NEWS,https://www.sfcta.org/westsidebridges,,DISQUALIFIED: $124m but completing 2026.,__NO__,,,,
Hillcrest Road Improvement Project,United States,us_west,"Yerba Buena Island, San Francisco, CA",,,Highway / road,Refurbishment / retrofit,Finishing,Disqualified,SFCTA,,,,,,37,USD,Under 50M,,,,,Small,Disqualified,Mass-concrete civils,,,,Slabs / pavements,lawson,reed,TBD,,NEWS,https://www.sfcta.org/blogs/infrastructure-projects-yerba-buena-and-treasure-islands-take-shape,,"DISQUALIFIED: $37m, completing 2026.",__NO__,,,,
San Andreas Dam and Spillway improvements,United States,us_west,"San Mateo County, CA",,,Dam / hydro / reservoir,Refurbishment / retrofit,Planning / pre-tender,New,SFPUC,,,,,,,USD,,,,,,Medium,Medium,Mass-concrete civils,,,"Cure / Signal,MixAI,Data Hub",Mass concrete,lawson,reed,TBD,,NEWS,https://cwc.ca.gov/-/media/DWR-Website/Web-Pages/Programs/All-Programs/Division-of-Safety-of-Dams/Files/Publications/Dams-Within-Jurisdiction-of-the-State-of-California-with-Restrictions-September-2022.pdf,,"DSOD restricted, Extremely High hazard. Part of SFPUC's 15-YEAR DAM SAFETY IMPROVEMENT PLAN. Portfolio account opportunity.",__NO__,,,,
Moccasin Lower Dam auxiliary spillway,United States,us_west,"Tuolumne County, CA",,,Dam / hydro / reservoir,New build,Planning / pre-tender,New,SFPUC,,,,,,,USD,,,,,,Medium,Medium,Mass-concrete civils,,,"Cure / Signal,MixAI",Mass concrete,lawson,reed,TBD,,NEWS,https://cwc.ca.gov/-/media/DWR-Website/Web-Pages/Programs/All-Programs/Division-of-Safety-of-Dams/Files/Publications/Dams-Within-Jurisdiction-of-the-State-of-California-with-Restrictions-September-2022.pdf,,DSOD restricted (hydraulic). Preliminary design of NEW WIDER AND DEEPER AUXILIARY SPILLWAY to pass latest PMF. Part of SFPUC programme.,__NO__,,,,
Early Intake Dam replacement,United States,us_west,"Tuolumne County, CA",,,Dam / hydro / reservoir,Replacement,Planning / pre-tender,New,SFPUC,,,,,,,USD,,,,,,Medium,Low,Mass-concrete civils,,,"Cure / Signal,MixAI",Mass concrete,lawson,reed,TBD,,NEWS,https://cwc.ca.gov/-/media/DWR-Website/Web-Pages/Programs/All-Programs/Division-of-Safety-of-Dams/Files/Publications/Dams-Within-Jurisdiction-of-the-State-of-California-with-Restrictions-September-2022.pdf,,DSOD restricted. Short-term fix rejected as too expensive; moved to LONG-TERM FIX OR REPLACEMENT. Part of SFPUC programme.,__NO__,,,,
BART Silicon Valley Phase II (BSVII),United States,us_west,"San Jose to Santa Clara, CA",,,Tunnel,New build,PCSA / preconstruction,New,Santa Clara VTA,,,,,,12750,USD,250M+,,,,2036-12-31,Large,High,Mass-concrete civils,,,"Cure / Signal,MixAI,Data Hub,FieldAtlas",Tunnel linings,lawson,reed,TBD,,NEWS,https://www.enr.com/articles/61798-single-bore-tunnel-method-chosen-for-bart-silicon-valley-phase-ii,,"6 miles, 4 stations. FIVE-MILE ~53FT DIAMETER SINGLE-BORE MEGA TUNNEL, two trackways inside, ~16.4m Herrenknecht TBM ($76m). Launch structure under construction at Newhall Yard since June 2025. Tunnel award Q2 2027, tunnelling 2029. KST re-procured in 2025 after bids came in at 2x budget - COST CONTAINMENT is stated client priority.",__NO__,,,,
Anderson Dam Seismic Retrofit,United States,us_west,"Morgan Hill, CA",,,Dam / hydro / reservoir,Refurbishment / retrofit,Awarded - pre-start,New,Santa Clara Valley Water District,Flatiron Dragados Sukut ADSRP JV,,,,,2800,USD,250M+,,,Jan 2027,2033-12-31,Large,High,Mass-concrete civils,,,"Cure / Signal,MixAI,Data Hub",Mass concrete,lawson,reed,TBD,,NEWS,https://www.constructiondive.com/news/flatiron-dragados-sukut-jv-anderson-dam-project/826724/,,"CORRECTED Aug 2026: $1.88bn construction contract AWARDED 28 July 2026 (not a construction start). Outlet tunnel completes later 2026; reservoir draining + seven-year reconstruction begin ~1 Jan 2027, finish 2033. Rebuilds most of the 235-240ft earthfill dam and spillway, new outlet pipes. Reservoir at 3% capacity, restricted ~55ft below crest.",__NO__,,,,
"Sutter Medical Center, Santa Clara",United States,us_west,"Santa Clara, CA",,,Hospital / healthcare,New build,Planning / pre-tender,New,Sutter Health,,,,,,2800,USD,250M+,,,,2031-12-31,Large,High,Schedule-critical vertical build,,,"MixAI,Data Hub,Cure / Signal",In-situ frame,lawson,reed,TBD,,NEWS,https://www.beckershospitalreview.com/capital/sutters-2-8b-silicon-valley-plan-includes-new-medical-center/,,"8 storeys, ~850,000 sq ft, 272 beds, 13.63 acres near Levi's Stadium. Dual-campus with ~1m sq ft ambulatory. Announced Nov 2025, hospital opens 2031. Design stage - strong spec-in window.",__NO__,,,,
Goodman Group Silicon Valley data centre,United States,us_west,"San Jose, CA",,,Data centre,New build,Planning / pre-tender,New,Goodman Group,,,,,,,USD,,,,,,Medium,Medium,Precast & batching supply,,,"Cure / Signal,Data Hub",Slabs / pavements,lawson,reed,TBD,,NEWS,https://www.blackridgeresearch.com/blog/latest-list-of-upcoming-data-centers-in-california-united-states-us,,"97.3 MW, two buildings, ~414,000 sq ft.",__NO__,,,,
Sutter Health Santa Clara ambulatory buildings,United States,us_west,"Santa Clara, CA",,,Hospital / healthcare,Refurbishment / retrofit,Main works / on site,Recontact later,Sutter Health,DPR Construction,,,,,,USD,,,,,,Small,Low,Schedule-critical vertical build,,,,In-situ frame,lawson,reed,TBD,,NEWS,https://www.dpr.com/projects/sutter-health-santa-clara,,"TENANT IMPROVEMENTS to 1980s office structures, not new frames. Low concrete. Use as account entry to the $2.8bn programme only.",__NO__,,,,
Calero Dam Seismic Retrofit,United States,us_west,"Santa Clara County, CA",,,Dam / hydro / reservoir,Refurbishment / retrofit,PCSA / preconstruction,New,Santa Clara Valley Water District,,,,,,142,USD,50-250M,,,,,Medium,High,Mass-concrete civils,,,"Cure / Signal,MixAI,Data Hub",Mass concrete,lawson,reed,TBD,,NEWS,https://www.valleywater.org/project-updates/dam-reservoir-projects/calero-dam-seismic-retrofit-project,,"DSOD restricted (seismic), Extremely High hazard. EMBANKMENT AND SPILLWAY UPGRADES PRIORITISED then outlet works. Phase 1 at 50% design under DSOD review. Draft EIR summer 2026.",__NO__,,,,
Guadalupe Dam Seismic Retrofit,United States,us_west,"South San Jose, CA",,,Dam / hydro / reservoir,Refurbishment / retrofit,PCSA / preconstruction,New,Santa Clara Valley Water District,,,,,,,USD,,,,,,Medium,High,Mass-concrete civils,,,"Cure / Signal,MixAI,Data Hub",Mass concrete,lawson,reed,TBD,,NEWS,https://www.valleywater.org/project-updates/guadalupe-dam-seismic-retrofit-project,,"DSOD restricted 18ft below spillway crest, Extremely High hazard. NEW OUTLET SYSTEM and NEW SPILLWAY to current design standards.",__NO__,,,,
Almaden Dam Improvement Project,United States,us_west,"Santa Clara County, CA",,,Dam / hydro / reservoir,Refurbishment / retrofit,PCSA / preconstruction,New,Santa Clara Valley Water District,,,,,,,USD,,,,,,Medium,Medium,Mass-concrete civils,,,"Cure / Signal,MixAI,Data Hub",Mass concrete,lawson,reed,TBD,,NEWS,https://www.valleywater.org/project-updates/almaden-dam-improvement-project,,"DSOD DOWNGRADED FAIR TO POOR 2023-24, hold removed, design phase from Q1 2025. Intake tower and spillway capacity works. 110ft earth-filled dam.",__NO__,,,,
Pacheco Reservoir Expansion Project,United States,us_west,"Santa Clara / San Benito counties, CA",,,Dam / hydro / reservoir,Extension,Planning / pre-tender,Disqualified,Santa Clara Valley Water District,,,,,,2500,USD,250M+,,,,,Small,Disqualified,Mass-concrete civils,,,,Mass concrete,lawson,reed,TBD,,NEWS,https://www.valleywater.org/project-updates/a1-pacheco-reservoir-expansion-project,,DISQUALIFIED: Valley Water Board formally voted April 2024 NOT to implement. $2.5bn. Do not pursue.,__NO__,,,,
Bethany Reservoir Pumping Plant & Aqueduct (Delta Conveyance),United States,us_west,"near Livermore, CA",,,Water treatment,New build,Planning / pre-tender,New,California DWR,,,,,,,USD,,,,,,Large,High,Mass-concrete civils,,,"Cure / Signal,MixAI,Data Hub",Marine / water-retaining,lawson,reed,TBD,,NEWS,https://www.yvwd.us/news_detail_T38_R225.php,,"6,000-cfs pumping plant, wet well and dry pit structures, 14 vertical centrifugal pumps, surge basin and shaft, four 15ft parallel pipelines, discharge structure. MOST CONCRETE-DENSE ELEMENT OF DCP. Subject to DCP proceeding.",__NO__,,,,
"Avaio Digital / Perseus data centre, Pittsburg",United States,us_west,"Pittsburg, CA",,,Data centre,New build,Main works / on site,New,Avaio Digital Partners,,,,,,800,USD,250M+,,,,,Large,Medium,Precast & batching supply,,,"Cure / Signal,Data Hub",Slabs / pavements,lawson,reed,TBD,,NEWS,https://datacenterups.com/northern-california-data-center-contractors/,,"92 MW at Pittsburg Technology Park. 90% zero-carbon power, 100% recycled water cooling. VERIFY remaining phases - phase 1 may be spent.",__NO__,,,,
Lower San Joaquin River Project (levees),United States,us_west,"Stockton reaches, CA",,,Flood & coastal defence,Refurbishment / retrofit,Main works / on site,New,USACE Sacramento District,,,,,,,USD,,,,,,Medium,Medium,Mass-concrete civils,,,"Cure / Signal,Data Hub",Culverts / ancillary structures,lawson,reed,TBD,,NEWS,https://www.dvidshub.net/unit/USACE-SD,,Tenmile Slough Reach 30 Left Bank ACTIVE as of July 2026. Levee works with seepage cutoff walls. Programme relationship with USACE Sacramento District.,__NO__,,,,
Lafayette Dam tower seismic upgrades,United States,us_west,"Lafayette, CA",,,Dam / hydro / reservoir,Refurbishment / retrofit,PCSA / preconstruction,New,East Bay Municipal Utility District,,,,,,,USD,,,,,,Medium,Medium,Mass-concrete civils,,,"Cure / Signal,MixAI",Mass concrete,lawson,reed,TBD,,NEWS,https://cwc.ca.gov/-/media/DWR-Website/Web-Pages/Programs/All-Programs/Division-of-Safety-of-Dams/Files/Publications/Dams-Within-Jurisdiction-of-the-State-of-California-with-Restrictions-September-2022.pdf,,"DSOD restricted (seismic), Extremely High hazard. Dam safe but TOWER REQUIRES SEISMIC UPGRADES. Reservoir lowered; construction was planned 2024 - VERIFY current status.",__NO__,,,,
Sacramento Weir Widening & Bypass,United States,us_west,"West Sacramento, Yolo County, CA",,,Flood & coastal defence,Extension,Main works / on site,New,USACE Sacramento District,Granite,,,,,173,USD,50-250M,,,,,Medium,High,Mass-concrete civils,,,"Cure / Signal,MixAI,Data Hub",Mass concrete,lawson,reed,TBD,,NEWS,https://www.constructionspecifier.com/usace-awards-173m-contract-for-sacramento-river-mitigation-project/,,"Structural concrete: WEIR CREST STRUCTURE with adjoining stilling basin, fish passage and fish ladder facility, and a 25-SPAN VEHICLE BRIDGE. Plus riprap on levee embankments. Began July 2023 - VERIFY completion date, may be closing out.",__NO__,,,,
West Sacramento Levee Improvement Project,United States,us_west,"West Sacramento, CA",,,Flood & coastal defence,Refurbishment / retrofit,Main works / on site,New,USACE Sacramento District,,,,,,,USD,,,,,,Medium,Medium,Mass-concrete civils,,,"Cure / Signal,Data Hub",Culverts / ancillary structures,lawson,reed,TBD,,NEWS,https://www.spk.usace.army.mil/Missions/Civil-Works/West-Sacramento-Levee-Improvement-Project/,,Seepage cutoff walls and levee raising. Programme relationship.,__NO__,,,,
Tehama-Colusa Canal improvements,United States,us_west,"Sacramento Valley, CA",,,Water treatment,Refurbishment / retrofit,Planning / pre-tender,Disqualified,Bureau of Reclamation,,,,,,15,USD,Under 50M,,,,,Small,Disqualified,Mass-concrete civils,,,,Marine / water-retaining,lawson,reed,TBD,,NEWS,https://thebusinessjournal.com/540m-federal-investment-to-revamp-central-valley-water-infrastructure/,,"DISQUALIFIED: $15m allocated March 2026, below threshold.",__NO__,,,,
Shasta Dam enlargement,United States,us_west,"Shasta County, CA",,,Dam / hydro / reservoir,Extension,Planning / pre-tender,Recontact later,Bureau of Reclamation,,,,,,40,USD,Under 50M,,,,,Large,Low,Mass-concrete civils,,,"MixAI,Data Hub",Mass concrete,lawson,reed,TBD,,NEWS,https://thebusinessjournal.com/540m-federal-investment-to-revamp-central-valley-water-infrastructure/,,"$40m PLANNING AND PRECONSTRUCTION ONLY. Would add 634,000 acre-feet. Authorised but politically stalled. Watchlist.",__NO__,,,,
Lake Curry Dam spillway re-design,United States,us_west,"Solano County, CA",,,Dam / hydro / reservoir,Refurbishment / retrofit,Planning / pre-tender,New,City of Vallejo,,,,,,,USD,,,,,,Small,Low,Mass-concrete civils,,,Cure / Signal,Mass concrete,lawson,reed,TBD,,NEWS,https://cwc.ca.gov/-/media/DWR-Website/Web-Pages/Programs/All-Programs/Division-of-Safety-of-Dams/Files/Publications/Dams-Within-Jurisdiction-of-the-State-of-California-with-Restrictions-September-2022.pdf,,"DSOD restricted, Extremely High hazard. Radial gates to be assessed for replacement or removal on completion of SPILLWAY RE-DESIGN.",__NO__,,,,
St. Helena Lower Dam removal,United States,us_west,"Napa County, CA",,,Dam / hydro / reservoir,Replacement,Planning / pre-tender,Recontact later,City of Saint Helena,,,,,,,USD,,,,,,Small,Low,Mass-concrete civils,,,,Mass concrete,lawson,reed,TBD,,NEWS,https://cwc.ca.gov/-/media/DWR-Website/Web-Pages/Programs/All-Programs/Division-of-Safety-of-Dams/Files/Publications/Dams-Within-Jurisdiction-of-the-State-of-California-with-Restrictions-September-2022.pdf,,DSOD restricted (seismic). Maintain reduced capacity until funding secured to REMOVE the dam. Low value.,__NO__,,,,
Sacramento International Airport SMForward,United States,us_west,"Sacramento (Natomas), CA",,,Airport,Extension,Main works / on site,New,Sacramento County Airport System,,,,,,1400,USD,250M+,,,,2028-12-31,Large,Medium,Schedule-critical vertical build,,,"Cure / Signal,Data Hub",In-situ frame,lawson,reed,TBD,,NEWS,https://www.hotelnewsresource.com/article141955.html,,"Multi-phase terminal and landside modernisation and expansion, completion 2028. Verify unlet packages.",__NO__,,,,
"Kaiser Permanente medical center, Sacramento Railyards",United States,us_west,"Sacramento Railyards, CA",,,Hospital / healthcare,New build,Main works / on site,New,Kaiser Permanente,,,,,,,USD,,,,,2029-12-31,Unknown,Medium,Schedule-critical vertical build,,,Cure / Signal,In-situ frame,lawson,reed,TBD,,NEWS,https://www.abc10.com/article/news/local/sacramento/sacramento-railyards-construction-is-underway-heres-what-is-being-built/103-5c18fe55-b1cf-4613-a176-8aef64f4e68c,,"Under construction - steel columns rising July 2026, opens 2029. VERIFY structural system and value; steel-framed may mean lower concrete content.",__NO__,,,,
Republic FC Stadium at The Railyards,United States,us_west,"Sacramento Railyards, CA",,,Stadium / arena / convention,New build,Main works / on site,New,Sacramento Republic FC + Wilton Rancheria,HNTB (architect),,,,,252,USD,250M+,,,,2028-06-30,Medium,High,Schedule-critical vertical build,,,"Cure / Signal,Data Hub",In-situ frame,lawson,reed,TBD,,NEWS,https://canada.constructconnect.com/dcn/news/usa/2026/06/republic-stadium-construction-underway-in-sacramentos-historic-railyards,,"20,000 seats (27,000 concerts), 31 acres. Broke ground Aug 2025, construction through 2027, opens 2028. Redesigned March 2026 adding 8,000 seats + canopy. Bowl, rakers, concourse decks. Hard 2028 date makes schedule the pressure point.",__NO__,,,,
CNU Innovation Park teaching hospital,United States,us_west,"Sacramento (former Sleep Train Arena), CA",,,Hospital / healthcare,New build,Planning / pre-tender,New,California Northstate University,,,,,,,USD,,,,,2029-12-31,Unknown,Medium,Schedule-critical vertical build,,,Cure / Signal,In-situ frame,lawson,reed,TBD,,NEWS,https://www.hotelnewsresource.com/article141955.html,,"350-bed teaching hospital. Could break ground 2026, opens 2029. VERIFY it has actually broken ground - long history of slipping.",__NO__,,,,
American River Common Features (ARCF) levee programme,United States,us_west,"Sacramento, CA",,,Flood & coastal defence,Refurbishment / retrofit,Main works / on site,New,USACE Sacramento District,,,,,,,USD,,,,,,Medium,Low,Mass-concrete civils,,,"Cure / Signal,Data Hub",Culverts / ancillary structures,lawson,reed,TBD,,NEWS,https://sam.gov/opp/1c8d8071883f4e12afea613f98975a13/view,,"Individual contracts $27-30m+. Contract 3A completed 2025; LAR Project 2 (Sites 2-2 and 2-3) in procurement, ~7,800ft bank protection. MOSTLY EARTHWORK AND RIPRAP - pursue as USACE relationship not project-by-project.",__NO__,,,,
NTT Sacramento data centre campus,United States,us_west,"Natomas / North Sacramento, CA",,,Data centre,Extension,Main works / on site,New,NTT,,,,,,,USD,,,,,,Medium,Medium,Precast & batching supply,,,"Cure / Signal,Data Hub",Slabs / pavements,lawson,reed,TBD,,NEWS,https://www.blackridgeresearch.com/blog/latest-list-of-upcoming-data-centers-in-california-united-states-us,,"650,000 sq ft - largest single-site DC campus in California by floor area. 52.7MW operating. Verify future phases.",__NO__,,,,
Prime Data Centers McClellan Park expansion,United States,us_west,"McClellan Park, Sacramento, CA",,,Data centre,Extension,Main works / on site,New,Prime Data Centers,,,,,,,USD,,,,,,Medium,Medium,Precast & batching supply,,,"Cure / Signal,Data Hub",Slabs / pavements,lawson,reed,TBD,,NEWS,https://www.abridged.org/news/data-centers-planned-in-sacramento/,,Adding an 18MW building to reach a 44MW two-building campus. Confirmed active.,__NO__,,,,
7th & Railyards light rail station,United States,us_west,"Sacramento, CA",,,Rail / metro,New build,Finishing,Disqualified,SacRT,,,,,,,USD,,,,,,Small,Disqualified,Mass-concrete civils,,,,Slabs / pavements,lawson,reed,TBD,,NEWS,https://en.wikipedia.org/wiki/7th_%26_Railyards_station,,DISQUALIFIED: opens summer 2026.,__NO__,,,,
Lake Alta Dam improvements,United States,us_west,"Placer County, CA",,,Dam / hydro / reservoir,Refurbishment / retrofit,Planning / pre-tender,New,Placer County Water Agency,,,,,,,USD,,,,,,Small,Low,Mass-concrete civils,,,Cure / Signal,Mass concrete,lawson,reed,TBD,,NEWS,https://cwc.ca.gov/-/media/DWR-Website/Web-Pages/Programs/All-Programs/Division-of-Safety-of-Dams/Files/Publications/Dams-Within-Jurisdiction-of-the-State-of-California-with-Restrictions-September-2022.pdf,,DSOD restricted (hydraulic). DSOD review of geotechnical and stability analysis needed before design progresses.,__NO__,,,,
B.F. Sisk Dam Safety of Dams Modification,United States,us_west,"Los Banos, Merced County, CA",,,Dam / hydro / reservoir,Refurbishment / retrofit,Main works / on site,New,Bureau of Reclamation / DWR,,,,,,100,USD,50-250M,,,,,Large,High,Mass-concrete civils,,,"Cure / Signal,MixAI,Data Hub",Mass concrete,lawson,reed,TBD,,NEWS,https://www.usbr.gov/mp/sccao/sisk/raise.html,,"UNDER CONSTRUCTION. 12ft crest raise for seismic safety on a 382ft, 3.5-mile earthfill embankment impounding San Luis Reservoir (largest off-stream reservoir in the nation).",__NO__,,,,
B.F. Sisk Dam Raise & Reservoir Expansion,United States,us_west,"Los Banos, Merced County, CA",,,Dam / hydro / reservoir,Extension,PCSA / preconstruction,New,Bureau of Reclamation + San Luis & Delta-Mendota Water Authority,,,,,,1000,USD,250M+,,,,,Large,High,Mass-concrete civils,,,"Cure / Signal,MixAI,Data Hub",Mass concrete,lawson,reed,TBD,,NEWS,https://www.doi.gov/pressreleases/biden-harris-administration-and-san-luis-delta-mendota-water-authority-approve-plan-bf,,"ROD Oct 2023 - first major CA water storage approval since 2011. Further 10ft crest raise for 130,000 acre-feet. Scope: downstream stability berms, crack filters, and RAISING THE OUTLET WORKS, INTAKE TOWERS, ACCESS BRIDGE AND SPILLWAY INTAKE by 10ft, plus SR-152 mods. $338m federal secured.",__NO__,,,,
San Luis Canal subsidence/capacity works,United States,us_west,"Merced County, CA",,,Water treatment,Refurbishment / retrofit,Planning / pre-tender,New,Bureau of Reclamation,,,,,,50,USD,50-250M,,,,,Medium,Medium,Low-carbon spec-in,,,"MixAI,Cure / Signal",Slabs / pavements,lawson,reed,TBD,,NEWS,https://thebusinessjournal.com/540m-federal-investment-to-revamp-central-valley-water-infrastructure/,,$50m allocated March 2026. Concrete-lined canal works.,__NO__,,,,
North Fork Dam spillway repair,United States,us_west,"Santa Clara / San Benito counties, CA",,,Dam / hydro / reservoir,Refurbishment / retrofit,Planning / pre-tender,New,Pacheco Pass Water District,,,,,,,USD,,,,,,Small,Low,Mass-concrete civils,,,Cure / Signal,Mass concrete,lawson,reed,TBD,,NEWS,https://cwc.ca.gov/-/media/DWR-Website/Web-Pages/Programs/All-Programs/Division-of-Safety-of-Dams/Files/Publications/Dams-Within-Jurisdiction-of-the-State-of-California-with-Restrictions-September-2022.pdf,,"DSOD restricted (hydraulic), Poor. FEMA funding sought for interim spillway repair.",__NO__,,,,
Patterson Dam permanent improvements,United States,us_west,"Alameda County, CA",,,Dam / hydro / reservoir,Refurbishment / retrofit,PCSA / preconstruction,New,Alameda County Water District,,,,,,,USD,,,,,,Small,Low,Mass-concrete civils,,,Cure / Signal,Mass concrete,lawson,reed,TBD,,NEWS,https://cwc.ca.gov/-/media/DWR-Website/Web-Pages/Programs/All-Programs/Division-of-Safety-of-Dams/Files/Publications/Dams-Within-Jurisdiction-of-the-State-of-California-with-Restrictions-September-2022.pdf,,"DSOD restricted (seismic). Alternatives analysis complete, in design for permanent improvements.",__NO__,,,,
Friant-Kern Canal Middle Reach Capacity Correction Phase 2,United States,us_west,"Tulare / Kern counties, CA",,,Water treatment,Refurbishment / retrofit,PCSA / preconstruction,New,Friant Water Authority + Bureau of Reclamation + DWR,,,,,,200,USD,50-250M,,,,,Large,High,Low-carbon spec-in,,,"MixAI,Cure / Signal,Data Hub",Slabs / pavements,lawson,reed,TBD,,NEWS,https://friantwater.org/fkc-mrccp,,"$200m allocated March 2026 + $22m for design. Phase 1 built 10 MILES OF NEW CONCRETE-LINED CANAL (complete 2024, $187m). Overall selected plan: 20 MILES OF NEW PARALLEL CANALS, siphon and pump station upgrades, and RAISING 11 MILES OF EXISTING CANAL LINING. 152-mile canal, >50% of middle-reach capacity lost to subsidence.",__NO__,,,,
"CyrusOne / Ameresco data centre, NAS Lemoore",United States,us_west,"Lemoore, Kings County, CA",,,Data centre,New build,Planning / pre-tender,New,CyrusOne,,,,,,,USD,,,,,,Medium,Medium,Precast & batching supply,,,"Cure / Signal,Data Hub",Slabs / pavements,lawson,reed,TBD,,NEWS,https://www.blackridgeresearch.com/blog/latest-list-of-upcoming-data-centers-in-california-united-states-us,,100MW AI-optimised DC co-located with dedicated on-site generation. Announced Sept 2025. Verify status.,__NO__,,,,
Amazon East Gilroy data centre,United States,us_west,"Gilroy, CA",,,Data centre,New build,Planning / pre-tender,New,Amazon,,,,,,,USD,,,,,,Unknown,Medium,Precast & batching supply,,,"Cure / Signal,Data Hub",Slabs / pavements,lawson,reed,TBD,,NEWS,https://www.blackridgeresearch.com/blog/latest-list-of-upcoming-data-centers-in-california-united-states-us,,Announced. Verify status and value. Santa Clara County edge - could route either way.,__NO__,,,,
Carbon TerraVault expansion pipeline (CTV II-VII),United States,us_west,"Kern County, CA",,,Industrial / manufacturing,New build,Planning / pre-tender,New,California Resources Corporation + Brookfield,,,,,,,USD,,,,,,Large,Medium,Precast & batching supply,,,"Cure / Signal,Data Hub",Piling / foundations,lawson,reed,TBD,,NEWS,https://insideclimatenews.org/news/03072026/california-environmentalists-press-for-assessment-of-first-carbon-capture-project/,,"EPA reviewing 11 more CA projects with ~50 injection wells, approvals expected 2026-27. SEVEN hosted by CRC or a subsidiary. Plus Aera Energy Belridge field storage. Capture plants, compression facilities, wellpads. LITIGATION: environmental groups sued Kern County over CTV I review.",__NO__,,,,
CRC Elk Hills data centre campus,United States,us_west,"Elk Hills, Kern County, CA",,,Data centre,New build,Planning / pre-tender,New,California Resources Corporation,,,,,,,USD,,,,,,Large,Medium,Precast & batching supply,,,"Cure / Signal,Data Hub",Slabs / pavements,lawson,reed,TBD,,NEWS,https://www.yahoo.com/news/us/articles/locals-sue-california-county-over-120000518.html,,"600,000 sq ft proposed campus. Kern is emerging as the next California data centre fight - power, carbon storage and oil infrastructure converge. Watchlist.",__NO__,,,,
"Carbon TerraVault I, Elk Hills",United States,us_west,"Elk Hills, Kern County, CA",,,Industrial / manufacturing,New build,Complete,Disqualified,California Resources Corporation + Brookfield,,,,,,,USD,,,,,,Small,Disqualified,Precast & batching supply,,,,Piling / foundations,lawson,reed,TBD,,NEWS,https://carbonherald.com/california-launches-first-operational-carbon-storage-project/,,"DISQUALIFIED: first CO2 injection May 2026, operational. First operational CCS in California, first Class VI permits in the state. 1.5-1.6m tonnes/yr. Concrete spent.",__NO__,,,,
California High-Speed Rail Kern County railhead,United States,us_west,"Kern County, CA",,,Rail / metro,New build,Complete,Disqualified,California High-Speed Rail Authority,,,,,,,USD,,,,,,Small,Disqualified,Mass-concrete civils,,,,Slabs / pavements,lawson,reed,TBD,,NEWS,https://hsr.ca.gov/2025/11/26/news-release-california-high-speed-rail-authority-moves-closer-to-track-and-systems/,,"DISQUALIFIED: 150-acre logistics hub, track installation complete.",__NO__,,,,
Lake Isabella Dam Safety Modification,United States,us_west,"Kern County, CA",,,Dam / hydro / reservoir,Refurbishment / retrofit,Complete,Disqualified,USACE,Flatiron / Dragados / Sukut JV,,,,,241,USD,50-250M,,,,,Small,Disqualified,Mass-concrete civils,,,,Mass concrete,lawson,reed,TBD,,NEWS,https://www.sukut.com/dams-and-reservoirs/projects/lake-isabella-dam-safety-modification-project/,,"DISQUALIFIED (complete) but KEY REFERENCE PROJECT: 28ft tall labyrinth weir using 54,700 CUBIC YARDS of structural concrete, 2.5m cy excavation for new emergency spillway, buttressing and raising existing structures 16ft, 2.3m cy zoned fill. Use to size Prado.",__NO__,,,,
Pajaro River Flood Risk Management Project,United States,us_west,"Watsonville / Pajaro, Santa Cruz & Monterey counties, CA",,,Flood & coastal defence,Refurbishment / retrofit,Main works / on site,New,USACE San Francisco District + PRFMA + DWR,Granite (Reach 6),,,,,600,USD,250M+,,,,2027-10-31,Large,Medium,Mass-concrete civils,,,"Cure / Signal,Data Hub",Mass concrete,lawson,reed,TBD,,NEWS,https://lookout.co/construction-on-pajaro-river-levee-anticipated-to-begin-in-early-2026-funding-for-phase-2-still-in-limbo/story,,"Five reaches. Reach 6 awarded to Granite at ~$39m, Fall 2025 to Oct 2027 - BUT Reach 6 is earthen levee with aggregate-base road, LOW CONCRETE. The wider programme includes A FLOODWALL, or combined levee with floodwall on top, on the left bank between Lakeview Rd and College Rd - that is the part to chase. $54m secured Feb 2026. Later-phase funding uncertain; two requests denied 2025. Current levees give only 8-year protection.",__NO__,,,,
Vandenberg Space Force Base USACE construction programme,United States,us_west,"Lompoc, Santa Barbara County, CA",,,Prison / justice / defence,New build,Planning / pre-tender,New,USACE Los Angeles District / US Space Force,,,,,,,USD,,,,,,Unknown,Medium,Mass-concrete civils,,,"Cure / Signal,Data Hub",Unknown,lawson,reed,TBD,,NEWS,https://discover.govdash.com/solicitations/019d1732-94d5-70db-8fa3-ebbb244770a8--design-build-db-and-design-bid-build-dbb-construction-projects-with-water-and-wa,,USACE LA District. Special Notice March 2026: packages AWARDED 2026-2032. New water and wastewater utility infrastructure supporting a multi-year construction programme; privatised utility owner is American Water Operations & Maintenance. Plus separate launch infrastructure. NEEDS dedicated DoD award pass.,__NO__,,,,
Diablo Canyon Power Plant life extension,United States,us_west,"San Luis Obispo County, CA",,,Nuclear,Refurbishment / retrofit,Planning / pre-tender,Recontact later,PG&E,,,,,,1400,USD,250M+,,,,,Small,Low,Mass-concrete civils,,,Data Hub,Unknown,lawson,reed,TBD,,NEWS,https://www.ans.org/news/2026-04-03/article-7906/nrc-approves-diablo-canyon-license-renewal-extension/,,"NRC approved 20-year licence renewal April 2026. $1.4bn state loan. LOW CONCRETE CONTENT - life extension is largely plant systems and components, not new structures. Coastal Commission process ongoing. Watchlist only.",__NO__,,,,
Pure Water Monterey expansion,United States,us_west,"Monterey, CA",,,Water treatment,Extension,Planning / pre-tender,New,Monterey One Water / California American Water,,,,,,81,USD,50-250M,,,,,Small,Low,Low-carbon spec-in,,,"MixAI,Data Hub",Marine / water-retaining,lawson,reed,TBD,,NEWS,https://markets.financialcontent.com/lightport.lightport1/article/bizwire-2021-11-30-california-american-water-requests-california-public-utilities-commission-approval-of-recycled-water-agreement-and-related-facilities-in-monterey,,"~$81m Cal Am facilities. +2,250 AFY on top of 3,500 AFY core. Pipelines, wells, pump stations. Marginal on concrete volume.",__NO__,,,,
North Haiwee Dam replacement,United States,us_west,"Inyo County, CA",,,Dam / hydro / reservoir,Replacement,Main works / on site,New,LADWP,,,,,,,USD,,,,,,Medium,Medium,Mass-concrete civils,,,"Cure / Signal,MixAI,Data Hub",Mass concrete,lawson,reed,TBD,,NEWS,https://cwc.ca.gov/-/media/DWR-Website/Web-Pages/Programs/All-Programs/Division-of-Safety-of-Dams/Files/Publications/Dams-Within-Jurisdiction-of-the-State-of-California-with-Restrictions-September-2022.pdf,,DSOD restricted (seismic). A NEW EARTH FILL DAM 800FT NORTH of the existing North Haiwee Dam with foundation ground improvement - REPORTEDLY IN CONSTRUCTION. Verify status.,__NO__,,,,
Tinemaha Dam Replacement Project,United States,us_west,"Inyo County, CA",,,Dam / hydro / reservoir,Replacement,Planning / pre-tender,New,LADWP,,,,,,,USD,,,,,2033-06-30,Medium,Medium,Mass-concrete civils,,,"Cure / Signal,MixAI,Data Hub",Mass concrete,lawson,reed,TBD,,NEWS,https://cwc.ca.gov/-/media/DWR-Website/Web-Pages/Programs/All-Programs/Division-of-Safety-of-Dams/Files/Publications/Dams-Within-Jurisdiction-of-the-State-of-California-with-Restrictions-September-2022.pdf,,"DSOD restricted (seismic) since 1993. Replacement project in preliminary planning, estimated construction completion JUNE 2033.",__NO__,,,,
Sawpit Debris Basin Seismic Strengthening,United States,us_west,"Monrovia, LA County, CA",,,Dam / hydro / reservoir,Refurbishment / retrofit,PCSA / preconstruction,New,LA County Department of Public Works,,,,,,,USD,,,,,,Small,Low,Mass-concrete civils,,,"Cure / Signal,MixAI",Mass concrete,lawson,reed,TBD,,NEWS,https://cwc.ca.gov/-/media/DWR-Website/Web-Pages/Programs/All-Programs/Division-of-Safety-of-Dams/Files/Publications/Dams-Within-Jurisdiction-of-the-State-of-California-with-Restrictions-September-2022.pdf,,"DSOD restricted (seismic), Extremely High hazard. Seismic Strengthening Project, concept being finalised, targeted completion late 2025/early 2026 - VERIFY.",__NO__,,,,
Santa Anita Debris Basin Seismic Strengthening,United States,us_west,"Arcadia, LA County, CA",,,Dam / hydro / reservoir,Refurbishment / retrofit,PCSA / preconstruction,New,LA County Department of Public Works,,,,,,,USD,,,,,,Small,Low,Mass-concrete civils,,,"Cure / Signal,MixAI",Mass concrete,lawson,reed,TBD,,NEWS,https://cwc.ca.gov/-/media/DWR-Website/Web-Pages/Programs/All-Programs/Division-of-Safety-of-Dams/Files/Publications/Dams-Within-Jurisdiction-of-the-State-of-California-with-Restrictions-September-2022.pdf,,"DSOD restricted (seismic). USACE 408 permit obtained June 2022, pursuing 404 and 401.",__NO__,,,,
McCloud Dam spillway replacement,United States,us_west,"Shasta County, CA",,,Dam / hydro / reservoir,Replacement,Planning / pre-tender,New,Pacific Gas and Electric Company,,,,,,,USD,,,,,,Medium,Medium,Mass-concrete civils,,,"Cure / Signal,MixAI",Mass concrete,lawson,reed,TBD,,NEWS,https://cwc.ca.gov/-/media/DWR-Website/Web-Pages/Programs/All-Programs/Division-of-Safety-of-Dams/Files/Publications/Dams-Within-Jurisdiction-of-the-State-of-California-with-Restrictions-September-2022.pdf,,DSOD restricted. Analysis of alternatives to REPLACE THE SPILLWAY and increase capacity.,__NO__,,,,
Bear Gulch Dam outlet works upgrade,United States,us_west,"San Mateo County, CA",,,Dam / hydro / reservoir,Refurbishment / retrofit,Planning / pre-tender,New,California Water Service Company,,,,,,,USD,,,,,,Small,Low,Mass-concrete civils,,,Cure / Signal,Mass concrete,lawson,reed,TBD,,NEWS,https://cwc.ca.gov/-/media/DWR-Website/Web-Pages/Programs/All-Programs/Division-of-Safety-of-Dams/Files/Publications/Dams-Within-Jurisdiction-of-the-State-of-California-with-Restrictions-September-2022.pdf,,"DSOD restricted (seismic), Poor, Extremely High hazard. Updating the reservoir outlet; evaluating future improvements.",__NO__,,,,
Misselbeck Dam buttress,United States,us_west,"Shasta County, CA",,,Dam / hydro / reservoir,Refurbishment / retrofit,Planning / pre-tender,New,Igo-Ono Community Services District,,,,,,,USD,,,,,,Small,Low,Mass-concrete civils,,,Cure / Signal,Mass concrete,lawson,reed,TBD,,NEWS,https://cwc.ca.gov/-/media/DWR-Website/Web-Pages/Programs/All-Programs/Division-of-Safety-of-Dams/Files/Publications/Dams-Within-Jurisdiction-of-the-State-of-California-with-Restrictions-September-2022.pdf,,"DSOD restricted (seismic), Poor. Seeking funding for dam buttress planning and design.",__NO__,,,,
LAX Automated People Mover,United States,us_west,"Los Angeles (LAX), CA",,,Rail / metro,Unknown,Complete,Disqualified,,,,,,,3340,USD,250M+,,,,,Small,Disqualified,Mass-concrete civils,,,,Unknown,lawson,reed,TBD,,NEWS,https://labusinessjournal.com/special-reports/infrastructure-los-angeles-international-airport/,,"DISQUALIFIED: 2.25-mile elevated concrete guideway completed 2022, system opened 2026.",__NO__,,,,
Metro A Line Extension to Pomona,United States,us_west,"Pomona, CA",,,Rail / metro,Unknown,Complete,Disqualified,,,,,,,,USD,,,,,,Small,Disqualified,Mass-concrete civils,,,,Unknown,lawson,reed,TBD,,NEWS,https://www.enr.com/articles/61034-la-metro-officials-highlight-progress-plans-for-transit,,DISQUALIFIED: near-complete/opened.,__NO__,,,,
LAX/Metro Transit Center,United States,us_west,"Los Angeles, CA",,,Rail / metro,Unknown,Complete,Disqualified,,,,,,,,USD,,,,,,Small,Disqualified,Mass-concrete civils,,,,Unknown,lawson,reed,TBD,,NEWS,https://www.enr.com/articles/61034-la-metro-officials-highlight-progress-plans-for-transit,,DISQUALIFIED: opened.,__NO__,,,,
Oceanwide Plaza,United States,us_west,"Downtown Los Angeles, CA",,,Residential,Unknown,Complete,Disqualified,,,,,,,,USD,,,,,,Small,Disqualified,Mass-concrete civils,,,,Unknown,lawson,reed,TBD,,NEWS,https://www.unitedstatesrealestateinvestor.com/los-angeles-graffiti-towers-future-revealed/,,"DISQUALIFIED: stalled since developer default, ownership unresolved, no credible restart.",__NO__,,,,
Caltrain electrification,United States,us_west,"San Francisco to San Jose, CA",,,Rail / metro,Unknown,Complete,Disqualified,,,,,,,,USD,,,,,,Small,Disqualified,Mass-concrete civils,,,,Unknown,lawson,reed,TBD,,NEWS,https://hsr.ca.gov/project-overview/,,DISQUALIFIED: complete (HSR bookend project).,__NO__,,,,
Central Subway,United States,us_west,"San Francisco, CA",,,Rail / metro,Unknown,Complete,Disqualified,,,,,,,,USD,,,,,,Small,Disqualified,Mass-concrete civils,,,,Unknown,lawson,reed,TBD,,NEWS,https://www.commercialsearch.com/news/top-projects-that-will-reshape-the-san-francisco-bay-area/,,DISQUALIFIED: opened 2022.,__NO__,,,,
Salesforce Transit Center,United States,us_west,"San Francisco, CA",,,Rail / metro,Unknown,Complete,Disqualified,,,,,,,,USD,,,,,,Small,Disqualified,Mass-concrete civils,,,,Unknown,lawson,reed,TBD,,NEWS,https://www.sfcta.org/projects/portal,,"DISQUALIFIED: complete. Underground train box already built, awaiting The Portal.",__NO__,,,,
"Oakland Athletics ballpark, Howard Terminal",United States,us_west,"Oakland, CA",,,Stadium / arena / convention,Unknown,Complete,Disqualified,,,,,,,,USD,,,,,,Small,Disqualified,Mass-concrete civils,,,,Unknown,lawson,reed,TBD,,NEWS,https://www.commercialsearch.com/news/top-projects-that-will-reshape-the-san-francisco-bay-area/,,"DISQUALIFIED: dead, franchise relocated.",__NO__,,,,
Sutter East Santa Clara Care Center,United States,us_west,"Santa Clara, CA",,,Hospital / healthcare,Unknown,Complete,Disqualified,,,,,,,,USD,,,,,,Small,Disqualified,Mass-concrete civils,,,,Unknown,lawson,reed,TBD,,NEWS,https://lite.aol.com/sports/other/story/0022/20251117/9576479.htm,,DISQUALIFIED: opened Oct 2025.,__NO__,,,,
AWS Morrow County - five new data centres,United States,us_west,"Boardman, Morrow County, OR",,,Data centre,New build,Awarded - pre-start,New,Amazon Web Services,,,,,,12000,USD,250M+,,,Q3 2026,,Large,High,Precast & batching supply,,,"Cure / Signal,Data Hub,MixAI",Slabs / pavements,lawson,reed,TBD,,NEWS,https://www.techradar.com/news/aws-is-spending-billions-on-five-new-data-centers,,"~$12bn total, ~$2.37bn each (~$280m/site land and buildings). SINGLE-STOREY BUILDINGS ~20,000 SQ M (215,000 SQ FT) EACH. CONSTRUCTION SET TO BEGIN Q3 2026, hiring Q4 2026. 15-year property tax exemption worth ~$1bn from Morrow County, Port of Morrow and City of Boardman. Five near-identical buildings = enormous repetitive slab-on-grade, tight flatness tolerances, compressed schedule.",__NO__,,,,
"Amazon PDX 154, Boardman",United States,us_west,"east of Boardman Airport, Morrow County, OR",,,Data centre,New build,Awarded - pre-start,New,Amazon Web Services,,,,,,,USD,,,,,,Large,High,Precast & batching supply,,,"Cure / Signal,Data Hub",Slabs / pavements,lawson,reed,TBD,,NEWS,https://servercountry.org/policy/oregon/,,"LAND USE APPLICATION APPROVED 31 MARCH 2026, subject to conditions on stormwater, wastewater, lighting and airport impacts. FOUR data centre buildings totalling ~816,000 SQ FT, plus industrial water building, stormwater and wastewater evaporation ponds, septic drain field.",__NO__,,,,
Amazon Threemile Canyon Farms campus,United States,us_west,"Boardman, Morrow County, OR",,,Data centre,New build,Planning / pre-tender,New,Amazon Web Services,,,,,,12000,USD,250M+,,,,,Large,Medium,Precast & batching supply,,,"Cure / Signal,Data Hub",Slabs / pavements,lawson,reed,TBD,,NEWS,https://www.geekwire.com/2026/report-amazon-buys-1300-acres-near-columbia-river-that-could-become-a-giant-data-center/,,"1,300 ACRES PURCHASED MARCH 2026 FOR $37m from Threemile Canyon Farms. Potential $12bn exascale campus, UP TO 20 BUILDINGS along I-84 near Boardman Airport. Oregon's largest DC proposal. Amazon says development plans NOT FINAL.",__NO__,,,,
Bull Run Filtration Project,United States,us_west,"east Multnomah County (35320 Carpenter Lane), OR",,,Water treatment,New build,Main works / on site,New,Portland Water Bureau,,,,,,2560,USD,250M+,,,Live now,2029-09-30,Large,High,Mass-concrete civils,,,"Cure / Signal,MixAI,Data Hub",Marine / water-retaining,lawson,reed,TBD,,NEWS,https://www.portland.gov/water/bullruntreatment/filtration/construction/bull-run-filtration-construction-activity,,"CLEARWELL UNDER CONSTRUCTION AS OF JULY 2026 - a large water-retaining concrete structure. 95-acre site, 135 MGD, plus raw water pipelines tunnelling under the hill from Lusted Rd. Serves ~840,000 people. 400+ CRAFTWORKERS bussed to site. Cost rose from $500m (2017) to $2.1bn (2024) to $2.56bn. Compliance deadline Sept 2029, two-year extension requested. WIFIA-funded.",__NO__,,,,
Interstate Bridge Replacement Program (IBR),United States,us_west,Portland OR / Vancouver WA (I-5 Columbia River),,,Bridge / viaduct,Replacement,Tender,New,IBR Program (ODOT + WSDOT),,,,,,7090,USD,250M+,,,,2045-12-31,Large,High,Mass-concrete civils,,,"Cure / Signal,MixAI,Data Hub,FieldAtlas",Precast,lawson,reed,TBD,,NEWS,https://www.interstatebridge.org/CostEstimate,,"BI-STATE OR/WA - do not double-count. $7.09bn core (70th percentile YOE); $13.5-15.2bn bridge plus full 5-mile corridor, $14.4bn most likely. RFQ for Columbia River Bridges contract STARTING 2026, contractor hired 2027, CONSTRUCTION BEGINS 2028. Programme completion pushed 2034 to 2045. Coast Guard approved CONTINUOUS FIXED-SPAN design Jan 2026 (116ft clearance), saving up to $1.7bn vs a lift span. Includes light rail extension to Vancouver waterfront and demolition of existing bridges. $5.5-5.7bn committed. Costs up 58% since 2022; both governors have abandoned the full 5-mile corridor for now.",__NO__,,,,
Intel Gordon Moore Park at Ronler Acres expansion,United States,us_west,"Hillsboro, OR",,,Industrial / manufacturing,Extension,Planning / pre-tender,New,Intel,,,,,,36000,USD,250M+,,,,2028-12-31,Large,Medium,Schedule-critical vertical build,,,"Cure / Signal,Data Hub",Slabs / pavements,lawson,reed,TBD,,NEWS,https://www.hillsboro-oregon.gov/Home/Components/News/News/15533/,,"$36bn announced March 2025. Previous D1X module 3 alone cost $3bn and added 1m+ sq ft. Plans: FOURTH MODULE OF D1X, FULL REBUILD OF THE THREE-DECADE-OLD D1A FAB, additional manufacturing support buildings, plus prep at the Aloha campus. Elements to 2028. Backed by $8.5bn CHIPS Act and $260m state funding. RISK: permit applications are intentions not commitments, and Intel is under severe financial pressure having missed the AI cycle. HIGH-VALUE, MEDIUM-CONFIDENCE.",__NO__,,,,
I-205 Abernethy Bridge (Phase 1A),United States,us_west,"West Linn / Oregon City, OR",,,Bridge / viaduct,Refurbishment / retrofit,Finishing,Recontact later,ODOT,,,,,,815,USD,250M+,,,,2027-12-31,Medium,Low,Mass-concrete civils,,,Cure / Signal,Culverts / ancillary structures,lawson,reed,TBD,,NEWS,https://www.oregon.gov/odot/projects/pages/project-details.aspx?project=K22467,,"$815m programme, $672m construction. ODOT's largest project in 45+ years. Seismic upgrade - will be the first earthquake-ready interstate bridge over the Willamette in Portland. New OR 43 roundabout. MARGINAL: completing 2027 and the structure is STEEL plate and box girder. Verify remaining concrete (piers, deck, roundabout).",__NO__,,,,
Scoggins Dam Safety Modifications,United States,us_west,"Henry Hagg Lake, Washington County (25 miles W of Portland), OR",,,Dam / hydro / reservoir,Refurbishment / retrofit,Planning / pre-tender,New,Bureau of Reclamation + Clean Water Services,,,,,,450,USD,250M+,,,,,Large,High,Mass-concrete civils,,,"Cure / Signal,MixAI,Data Hub",Mass concrete,lawson,reed,TBD,,NEWS,https://www.virtualpublicmeeting.com/scoggins-sod-eis,,"Bureau of Reclamation Safety of Dams (PL 95-578). ~$400-500m range per DOI testimony. Seismic driver: CASCADIA SUBDUCTION ZONE (118 miles west at closest) plus Gales Creek fault. Scope: RAISING THE DAM CREST, DOWNSTREAM SHEAR KEY, A NEW SPILLWAY, and additional berm material over the existing dam. EIS in preparation, scoping closed Feb 2024. Hagg Lake serves ~600,000 Washington County residents. Tualatin Basin Joint Project with Clean Water Services has explored a 12ft raise. Local governments repay 15% of seismic costs.",__NO__,,,,
Hyatt Dam safety modification,United States,us_west,"Jackson County, OR",,,Dam / hydro / reservoir,Refurbishment / retrofit,Planning / pre-tender,New,Bureau of Reclamation,,,,,,,USD,,,,,,Unknown,Low,Mass-concrete civils,,,"Cure / Signal,MixAI",Mass concrete,lawson,reed,TBD,,NEWS,https://www.merkley.senate.gov/wyden-merkley-safety-of-dams-bill-takes-step-forward/,,Named in Reclamation Safety of Dams legislation alongside Scoggins. NO DETAIL FOUND - needs one dedicated search.,__NO__,,,,
"Center Street Bridge Phase 1, Salem",United States,us_west,"Salem, OR",,,Bridge / viaduct,Refurbishment / retrofit,Awarded - pre-start,New,ODOT,,,,,,185,USD,50-250M,,,2026,2030-12-31,Medium,High,Mass-concrete civils,,,"Cure / Signal,Data Hub",Culverts / ancillary structures,lawson,reed,TBD,,NEWS,https://kcby.com/news/local/odot-leaders-provide-an-update-on-agency-projects-and-finances,,"Phase 1 $185m (total project now ~$470m, up from $60m estimated 2017). PHASE 1 BEGINS 2026, COMPLETES 2030. Seismic strengthening of bridge supports and east-side ramps. Best Willamette Valley target - four-year programme starting now.",__NO__,,,,
Microchip Technology Gresham modernisation,United States,us_west,"Gresham, OR",,,Industrial / manufacturing,Refurbishment / retrofit,Main works / on site,New,Microchip Technology,,,,,,162,USD,50-250M,,,,,Medium,Low,Schedule-critical vertical build,,,Cure / Signal,Slabs / pavements,lawson,reed,TBD,,NEWS,https://www.centraloregondaily.com/news/regional/intel-oregon-hillsboro-semiconductor-federal-funding/article_383e1c88-e6fe-11ee-808c-ef7f4659aca9.html,,$162m federal agreement (Jan 2024). Verify how much is new structure vs tool install.,__NO__,,,,
Lloyd Center redevelopment,United States,us_west,"Portland, OR",,,Residential,New build,Planning / pre-tender,New,,,,,,,,USD,,,,,,Unknown,Medium,Schedule-critical vertical build,,,Cure / Signal,In-situ frame,lawson,reed,TBD,,NEWS,https://www.sellingportlandhomes.com/blog/new-developments-in-portland-oregon-10-big-changes-coming-in-2026,,"LARGE-SCALE DEMOLITION BEGINS 2026. ~5,000 housing units, restored street grid, conversion of 30+ acres of hardscape. Long horizon, multi-phase. Verify developer and funding.",__NO__,,,,
Broadway Corridor (former USPS site),United States,us_west,"Portland, OR",,,Residential,New build,Planning / pre-tender,New,Prosper Portland,,,,,,,USD,,,,,,Unknown,Low,Schedule-critical vertical build,,,Cure / Signal,In-situ frame,lawson,reed,TBD,,NEWS,https://bcgroup-inc.com/oregons-commercial-construction-hotspots-2024-2025/,,"New downtown neighbourhood: offices, retail, housing. Verify phase status and funding.",__NO__,,,,
"Portland MLB ballpark, Zidell Yards / Terminal 2",United States,us_west,"Portland, OR",,,Stadium / arena / convention,New build,Planning / pre-tender,Recontact later,Portland Diamond Project,,,,,,1000,USD,250M+,,,,,Large,Low,Schedule-critical vertical build,,,Cure / Signal,In-situ frame,lawson,reed,TBD,,NEWS,https://constructionreviewonline.com/major-stadium-construction-projects-in-the-usa/,,"~$1bn stadium + ~$1bn land. SB 110 (June 2025) authorised $800m public bonds against future player/staff income taxes. Populous design, 32,000-34,000 seats, retractable roof. ENTIRELY CONTINGENT ON MLB EXPANSION - competing with Salt Lake City. No franchise, no stadium. WATCHLIST ONLY, do not build contacts.",__NO__,,,,
OR 217 auxiliary lane project,United States,us_west,"Beaverton / Tigard, OR",,,Highway / road,Widening / twinning,Main works / on site,New,ODOT,,,,,,,USD,,,,,,Unknown,Medium,Mass-concrete civils,,,Cure / Signal,Slabs / pavements,lawson,reed,TBD,,NEWS,https://www.opb.org/article/2025/08/05/oregon-interstate-5-205-bridges-highways-efforts-delays-costs-transportation/,,The ONLY Portland-area ODOT megaproject still described as on track. Widening in the western suburbs. Verify value and remaining scope.,__NO__,,,,
UO Tykeson Child Behavioral Health Building,United States,us_west,"NE Portland, OR",,,Education,New build,Groundbreaking / enabling works,New,University of Oregon,,,,,,83,USD,50-250M,,,,,Medium,Low,Schedule-critical vertical build,,,Cure / Signal,In-situ frame,lawson,reed,TBD,,NEWS,https://www.nextportland.com/,,$83m. Ballmer Institute for Children's Behavioral Health. Qualifies on value; modest concrete.,__NO__,,,,
PSU Schnitzer School of Art + Art History + Design,United States,us_west,"Portland, OR",,,Education,New build,Main works / on site,New,Portland State University,,,,,,,USD,,,,,,Unknown,Low,Schedule-critical vertical build,,,Cure / Signal,In-situ frame,lawson,reed,TBD,,NEWS,https://en.wikipedia.org/wiki/Schnitzer_School_of_Art_and_Art_History_and_Design,,Under construction since Sept 2024. Verify value; likely marginal.,__NO__,,,,
"Tumwata Village, Willamette Falls",United States,us_west,"Oregon City, OR",,,Residential,New build,Groundbreaking / enabling works,New,,,,,,,,USD,,,,,,Unknown,Low,Schedule-critical vertical build,,,Cure / Signal,In-situ frame,lawson,reed,TBD,,NEWS,https://www.nextportland.com/,,"Infrastructure groundbreaking held; roads over the next 12-15 months, then a multi-use retail/office/event building and an apartment building. Oregon and tribal leaders. Verify value - may be below threshold at phase level.",__NO__,,,,
Meta Prineville data centre campus,United States,us_west,"Prineville, Crook County, OR",,,Data centre,Extension,Main works / on site,New,Meta,,,,,,2000,USD,250M+,,,,,Large,Medium,Precast & batching supply,,,"Cure / Signal,Data Hub",Slabs / pavements,lawson,reed,TBD,,NEWS,https://servercountry.org/policy/oregon/,,$2bn+ invested to date. Long-running multi-building campus. Verify whether further phases are permitted.,__NO__,,,,
Google The Dalles data centre,United States,us_west,"The Dalles, Wasco County, OR",,,Data centre,Extension,Main works / on site,New,Google,,,,,,,USD,,,,,,Unknown,Medium,Precast & batching supply,,,"Cure / Signal,Data Hub",Slabs / pavements,lawson,reed,TBD,,NEWS,https://servercountry.org/policy/oregon/,,"Established, multi-phase. Verify current expansion status.",__NO__,,,,
Apple Prineville data centre,United States,us_west,"Prineville, Crook County, OR",,,Data centre,Extension,Main works / on site,New,Apple,,,,,,,USD,,,,,,Unknown,Low,Precast & batching supply,,,"Cure / Signal,Data Hub",Slabs / pavements,lawson,reed,TBD,,NEWS,https://www.kadoa.com/datacenter/state/oregon,,Established. Verify current expansion status.,__NO__,,,,
QTS Hillsboro data centre campuses,United States,us_west,"Hillsboro, OR",,,Data centre,Extension,Main works / on site,New,QTS Realty,,,,,,,USD,,,,,,Unknown,Medium,Precast & batching supply,,,"Cure / Signal,Data Hub",Slabs / pavements,lawson,reed,TBD,,NEWS,https://servercountry.org/policy/oregon/,,"Multiple Hillsboro campuses, large MW-scale. 16 DC sites tracked in Hillsboro alone.",__NO__,,,,
Forest Grove first data centre,United States,us_west,"Forest Grove, OR",,,Data centre,New build,Planning / pre-tender,New,,,,,,,,USD,,,,,,Unknown,Low,Precast & batching supply,,,"Cure / Signal,Data Hub",Slabs / pavements,lawson,reed,TBD,,NEWS,https://servercountry.org/policy/oregon/,,"Approved under existing Light Industrial zoning despite neighbourhood pushback on noise, light, wetlands and building scale. Indicates the opposition pattern to expect.",__NO__,,,,
Detroit Dam downstream fish passage,United States,us_west,"Detroit, Linn/Marion counties, OR",,,Dam / hydro / reservoir,New build,Planning / pre-tender,Recontact later,USACE Portland District,,,,,,1900,USD,250M+,,,,,Large,Low,Mass-concrete civils,,,"MixAI,Data Hub",Mass concrete,lawson,reed,TBD,,NEWS,https://www.propublica.org/article/willamette-river-salmon-dams-usace,,"LIKELY DEFERRED. Part of a $1.9bn Willamette Valley System plan that on paper included a ~300FT TALL TOWER attached to the dam face (requiring blasting adjacent to the dam) and floating fish collectors up to $450m each. BUT the JUNE 2026 RECORD OF DECISION WENT OPERATIONAL NOT STRUCTURAL - deep drawdowns, seasonal spills and fish-weir operations. Tribes criticise the economics (hydropower costs projected to outstrip revenues by $700m+ over 30 years). DO NOT build a pursuit around this; monitor ROD implementation.",__NO__,,,,
"Boone Bridge, Wilsonville",United States,us_west,"Wilsonville, OR",,,Bridge / viaduct,Replacement,Planning / pre-tender,Recontact later,ODOT,,,,,,725,USD,250M+,,,,,Large,Low,Mass-concrete civils,,,"Cure / Signal,MixAI",Culverts / ancillary structures,lawson,reed,TBD,,NEWS,https://cityobservatory.org/reign_of_error2025/,,$725m (was $450-550m in 2021). Cost has ballooned and NO CONSTRUCTION DATE CONFIRMED. Treat as unfunded. Watchlist.,__NO__,,,,
Hood River Bridge replacement,United States,us_west,"Hood River, OR",,,Bridge / viaduct,Replacement,Planning / pre-tender,Recontact later,Port of Hood River / ODOT,,,,,,1100,USD,250M+,,,,,Large,Medium,Mass-concrete civils,,,"Cure / Signal,MixAI,Data Hub",Culverts / ancillary structures,lawson,reed,TBD,,NEWS,https://cityobservatory.org/reign_of_error2025/,,Cost grown from $520m (three years ago) to over $1.1bn. CURRENT STATUS UNVERIFIED - could be a top-five Oregon item or dead. Needs one dedicated search.,__NO__,,,,
I-5 Rose Quarter Improvement Project,United States,us_west,"Portland, OR",,,Highway / road,Widening / twinning,Planning / pre-tender,Disqualified,ODOT,,,,,,2100,USD,250M+,,,,,Small,Disqualified,Mass-concrete civils,,,,Culverts / ancillary structures,lawson,reed,TBD,,NEWS,https://www.kgw.com/article/news/local/rose-quarter-i205-projects-limbo-tolling-pause-rising-costs/283-f65d85be-3798-4853-b3c7-0b3c2efc3812,,DISQUALIFIED: effectively shelved by ODOT after the tolling pause. Cost quadrupled. Revisit only if a new funding source is legislated.,__NO__,,,,
I-205 Phase 2 (West Linn to Stafford Rd),United States,us_west,"West Linn to Stafford Rd, OR",,,Highway / road,Widening / twinning,Planning / pre-tender,Disqualified,ODOT,,,,,,800,USD,250M+,,,,,Small,Disqualified,Mass-concrete civils,,,,Culverts / ancillary structures,lawson,reed,TBD,,NEWS,https://www.kgw.com/article/news/local/the-story/abernethy-bridge-delayed-72-million-cost/283-faf8eb61-6b71-4190-8a86-d45f6cdce83c,,DISQUALIFIED: indefinitely postponed. $800m (was $453m in 2022). Includes the Tualatin River Bridge replacement. ODOT floated a minimum viable earthquake-ready corridor alternative needing an extra $125m.,__NO__,,,,
Willamette Water Supply Program (WWSP),United States,us_west,"Wilsonville to Hillsboro, Washington County, OR",,,Water treatment,New build,Finishing,Disqualified,Tualatin Valley Water District + Hillsboro + Beaverton,,,,,,1600,USD,250M+,,,,,Small,Disqualified,Mass-concrete civils,,,,Marine / water-retaining,lawson,reed,TBD,,NEWS,https://www.ourreliablewater.org/,,"DISQUALIFIED: COMPLETES 2026. One of the largest public works projects in Oregon history - Wilsonville intake, 30+ miles of large-diameter pipeline, new WTP in Sherwood, finished water pump station, two Cooper Mountain terminal reservoirs, all to Cascadia seismic standard. MISSED - but read as a reference for how the region specifies seismic water infrastructure.",__NO__,,,,
"OHSU Vista Pavilion, Marquam Hill",United States,us_west,"Portland, OR",,,Hospital / healthcare,Extension,Complete,Disqualified,OHSU,,,,,,650,USD,250M+,,,,,Small,Disqualified,Schedule-critical vertical build,,,,In-situ frame,lawson,reed,TBD,,NEWS,https://nwconstructionnews.com/ohsus-650-million-hospital-expansion-nears-completion-on-portlands-marquam-hill/,,"DISQUALIFIED: opened 7 April 2026. 14 storeys, 128 beds.",__NO__,,,,
OHSU Doernbecher Children's Hospital expansion,United States,us_west,"Portland, OR",,,Hospital / healthcare,Extension,Planning / pre-tender,Disqualified,OHSU,,,,,,,USD,,,,,,Small,Disqualified,Schedule-critical vertical build,,,,In-situ frame,lawson,reed,TBD,,NEWS,https://www.nextportland.com/,,DISQUALIFIED: SHELVED after a decade and multiple delays.,__NO__,,,,
PDX Next phase 2,United States,us_west,"Portland International Airport, OR",,,Airport,Extension,Finishing,Disqualified,Port of Portland,,,,,,,USD,,,,,,Small,Disqualified,Schedule-critical vertical build,,,,In-situ frame,lawson,reed,TBD,,NEWS,https://www.sellingportlandhomes.com/blog/new-developments-in-portland-oregon-10-big-changes-coming-in-2026,,"DISQUALIFIED: completes 2026, terminal fully modernised this year.",__NO__,,,,
Hillsboro Hops ballpark,United States,us_west,"Hillsboro, OR",,,Stadium / arena / convention,New build,Finishing,Disqualified,,,,,,,,USD,,,,,,Small,Disqualified,Schedule-critical vertical build,,,,In-situ frame,lawson,reed,TBD,,NEWS,https://nwconstructionnews.com/ohsus-650-million-hospital-expansion-nears-completion-on-portlands-marquam-hill/,,DISQUALIFIED: opening 2026.,__NO__,,,,
PSNS & IMF Multi-Mission Dry Dock,United States,us_west,"Naval Base Kitsap-Bremerton, WA",,,Port / marine,Replacement,Tender,New,NAVFAC / US Navy,,,,,,30000,USD,250M+,,,Spring 2028,,Large,High,Mass-concrete civils,,,"Cure / Signal,MixAI,Data Hub",Marine / water-retaining,lawson,reed,TBD,,NEWS,https://www.workboat.com/navy-advances-30-billion-drydock-program-at-puget-sound-naval-shipyard,,"$30bn CONTRACT CEILING; individual portions up to $6bn. Sources Sought 1 July 2026; IDIQ MACC RFP DUE SEPTEMBER 2026. Base period 60 months + five 12-month options = UP TO 10 YEARS. Construction begins spring 2028. Built within the footprint of existing DRY DOCK 3, PIER 6 and PIER 7. Scope: dry dock drainage, dewatering and flooding systems, A CAISSON AND GATE SYSTEM, utility tunnels, roadways and rail, portal crane rails, comms, M&E, plus demolition. Fully pressure-relieved dry dock for Ford-class and Nimitz-class carriers. Part of SIOP. Task orders: (1) dredging + piers/buildings/utilities (2) demolish DD3 + build the dock (3) substations, utility tunnels, crane rails (4) the caisson. BEST ConcreteDNA TARGET IN THE WEST US TERRITORY - bidding consortia forming now.",__NO__,,,,
Howard A. Hanson Dam Additional Water Storage Fish Passage Facility,United States,us_west,"Ravensdale (Green River), King County, WA",,,Dam / hydro / reservoir,Extension,Awarded - pre-start,New,USACE Seattle District + Tacoma Public Utilities,FlatironDragados-Aecon JV,,,,,691,USD,250M+,,,Q2 2026,2031-09-30,Large,High,Mass-concrete civils,,,"Cure / Signal,MixAI,Data Hub",Marine / water-retaining,lawson,reed,TBD,,NEWS,https://www.fdcorp.com/en/news/dams/2026/usace-contract-award-finalized-for-howard-a-hanson-dam-additional-water-storage-fish-passage,,"$691m finalised (up from the $657m award 16 Oct 2024). CONSTRUCTION BEGINS Q2 2026, substantial completion Q3 2031. Scope: FIXED MULTIPORT COLLECTOR, new intake and TOWER, STEEP SLOPE BYPASS, DECELERATION TUNNEL, OUTFALL STILLING BASIN. USACE Integrated Design and Construction method. Non-federal sponsor Tacoma Public Utilities. Hanson held a record pool and cut peak flooding by 5+ feet in Dec 2025. WAS MISSING from the Washington page - should have been in the top 7.",__NO__,,,,
Sound Transit West Seattle Link Extension,United States,us_west,"West Seattle, WA",,,Rail / metro,New build,PCSA / preconstruction,New,Sound Transit,,,,,,,USD,,,,,,Large,High,Mass-concrete civils,,,"Cure / Signal,MixAI,Data Hub",Precast,lawson,reed,TBD,,NEWS,https://www.westsideseattle.com/robinson-papers/2026/05/28/sound-transit-board-approves-updated-st3-plan-prioritizing-west-seattle,,"FULLY FUNDED and greenlit for immediate progress in the May 2026 ST3 realignment (Avalon Station dropped). Property acquisition and preliminary work starting. Elevated guideway, stations, Duwamish crossing. Highest-priority ST segment because it has confirmed money and immediate activity.",__NO__,,,,
Sound Transit Ballard Link Extension - initial segment (SODO to Seattle Center),United States,us_west,"Seattle, WA",,,Tunnel,New build,Planning / pre-tender,New,Sound Transit,,,,,,20100,USD,250M+,,,,2042-12-31,Large,High,Mass-concrete civils,,,"Cure / Signal,MixAI,Data Hub",Tunnel linings,lawson,reed,TBD,,NEWS,https://www.soundtransit.org/system-expansion/ballard-link-extension,,"Full extension $20.1-22.6bn (up from ~$11.9bn). Initial segment FULLY FUNDED, opens 2042. Final EIS expected 2026. Seattle Center to Market Street is DESIGNED BUT UNFUNDED. Includes a 3.3-MILE LIGHT-RAIL-ONLY TUNNEL from International District to Seattle Center and nine new/expanded stations across the full alignment. Deep bored tunnel plus deep station boxes.",__NO__,,,,
Sound Transit Everett Link Extension Phases 1 & 2,United States,us_west,"Lynnwood to Everett, WA",,,Rail / metro,New build,PCSA / preconstruction,New,Sound Transit,,,,,,9500,USD,250M+,,,,2041-12-31,Large,High,Mass-concrete civils,,,"Cure / Signal,MixAI,Data Hub",Precast,lawson,reed,TBD,,NEWS,https://lynnwoodtimes.com/2026/05/29/260528-sound-transit/,,"$9.5bn 2026 estimate, up from $7.7bn in 2025 and $2.9bn above the 2021 baseline. FULLY FUNDED, schedule maintained in the May 2026 realignment. 16 MILES, opens 2037-2041. Serves the Everett SW Industrial Center. The escalation from $2.9bn to $9.5bn is itself the argument for cost-control tooling.",__NO__,,,,
Sound Transit Tacoma Dome Link Extension,United States,us_west,"Federal Way to Tacoma, WA",,,Rail / metro,New build,PCSA / preconstruction,New,Sound Transit,,,,,,,USD,,,,,,Large,High,Mass-concrete civils,,,"Cure / Signal,MixAI,Data Hub",Precast,lawson,reed,TBD,,NEWS,https://www.westsideseattle.com/robinson-papers/2026/05/28/sound-transit-board-approves-updated-st3-plan-prioritizing-west-seattle,,FULLY FUNDED through construction; schedule maintained in the May 2026 realignment. Completes the light rail spine Everett to Tacoma. Tacoma Dome Access Improvements also fully funded.,__NO__,,,,
Sound Transit - two new Link Operations & Maintenance Facilities,United States,us_west,"Puget Sound region, WA",,,Logistics / warehouse,New build,PCSA / preconstruction,New,Sound Transit,,,,,,,USD,,,,,,Large,Medium,Precast & batching supply,,,"Cure / Signal,Data Hub",Slabs / pavements,lawson,reed,TBD,,NEWS,https://www.soundtransit.org/get-to-know-us/news-events/news-releases/sound-transit-board-adopts-updated-st3-system-plan,,FULLY FUNDED through construction. Large slab-on-grade and structural work. Often overlooked next to the tunnels - worth pursuing directly.,__NO__,,,,
Sound Transit Graham Street infill station,United States,us_west,"Seattle, WA",,,Rail / metro,New build,PCSA / preconstruction,New,Sound Transit,,,,,,,USD,,,,,,Small,Low,Mass-concrete civils,,,Cure / Signal,In-situ frame,lawson,reed,TBD,,NEWS,https://www.soundtransit.org/get-to-know-us/news-events/news-releases/sound-transit-board-adopts-updated-st3-system-plan,,Fully funded in the May 2026 realignment.,__NO__,,,,
Sound Transit Renton Transit Center Parking Garage,United States,us_west,"Renton, WA",,,Other,New build,PCSA / preconstruction,New,Sound Transit,,,,,,,USD,,,,,,Medium,Medium,Schedule-critical vertical build,,,Cure / Signal,Post-tensioned slabs,lawson,reed,TBD,,NEWS,https://www.westsideseattle.com/robinson-papers/2026/05/28/sound-transit-board-approves-updated-st3-plan-prioritizing-west-seattle,,Fully funded. Parking structure - PT decks. Verify value.,__NO__,,,,
Puget Sound Gateway - SR 509 Completion Project,United States,us_west,"I-5 to 24th Ave South, King County, WA",,,Highway / road,New build,Main works / on site,New,WSDOT,,,,,,2380,USD,250M+,,,,,Large,High,Mass-concrete civils,,,"Cure / Signal,Data Hub",Culverts / ancillary structures,lawson,reed,TBD,,NEWS,https://wsdot.wa.gov/construction-planning/major-projects/puget-sound-gateway-program,,"Part of a $2.38bn programme ($2bn from Connecting Washington and Move Ahead Washington). STAGE 1B UNDER CONSTRUCTION (new expressway); Stage 2a awarded, Stage 2b progressive design-build. Includes the VETERANS DRIVE TUNNEL and the S 216TH ST BRIDGE. Clear Creek Fish Barrier Mitigation design-bid-build 2026-2028. Tolled expressway.",__NO__,,,,
Puget Sound Gateway - SR 167 Completion Project,United States,us_west,"Puyallup to Port of Tacoma, Pierce County, WA",,,Highway / road,New build,Main works / on site,New,WSDOT,,,,,,,USD,,,,,,Large,High,Mass-concrete civils,,,"Cure / Signal,Data Hub",Culverts / ancillary structures,lawson,reed,TBD,,NEWS,https://wsdot.wa.gov/construction-planning/search-projects/sr-167-completion-project,,6 NEW MILES OF TOLLED HIGHWAY plus sidewalks and shared-use paths. Includes re-channelling Hylebos Creek away from I-5 and a riparian restoration programme across 150+ acres.,__NO__,,,,
Hanford Waste Treatment Plant - High-Level Waste Facility (Phase 2),United States,us_west,"Hanford Site, Richland, WA",,,Nuclear,New build,Main works / on site,New,US Department of Energy,Bechtel National,,,,,,USD,,,,,,Large,High,Mass-concrete civils,,,"Cure / Signal,MixAI,Data Hub",In-situ frame,lawson,reed,TBD,,NEWS,https://www.bechtel.com/projects/hanford-wtp/,,"THE UNFINISHED SECOND PHASE of the world's largest radioactive waste treatment facility. Phase 1 (Low-Activity Waste Facility) began vitrifying Oct 2025 and had processed 100,000+ gallons by May 2026. Plant has absorbed $30bn+ over 20 years; site annual federal budget ~$3bn. Treats part of ~56 million gallons in 177 underground tanks across the 580-sq-mile site. BECHTEL IS THE ACCOUNT.",__NO__,,,,
Hanford grouting facilities (dual-path plan),United States,us_west,"Hanford Site, Richland, WA",,,Nuclear,New build,Planning / pre-tender,Recontact later,US Department of Energy / Hanford Tank Waste & Closure,,,,,,,USD,,,,,,Unknown,Medium,Precast & batching supply,,,"Cure / Signal,Data Hub",In-situ frame,lawson,reed,TBD,,NEWS,https://www.tricitiesbusinessnews.com/articles/8107-doe-pushes-dual-path-hanford-cleanup-plan,,"DOE pushing a dual-path approach; grouting ~$50-100/gallon vs $1,200-1,400/gallon for vitrification. Pre-treatment idling since February as pre-treated waste storage is maxed out. New grouting infrastructure would be needed. CONTESTED - watchdog Hanford Challenge publicly critical. Live near-term possibility.",__NO__,,,,
WSDOT fish passage barrier removal programme,United States,us_west,Western Washington (statewide),,,Bridge / viaduct,Replacement,Main works / on site,New,WSDOT,,,,,,,USD,,,,,,Large,High,Mass-concrete civils,,,"Cure / Signal,Data Hub",Culverts / ancillary structures,lawson,reed,TBD,,NEWS,https://wsdot.wa.gov/construction-planning/search-projects/sr-509-miller-creek-fish-passage,,Court-mandated under a 2013 US DISTRICT COURT INJUNCTION. Hundreds of fish-passable structures under state highways - new bridges and large culverts. Individual contracts already $190m+. Programme total not published - VERIFY. Programme-level relationship with WSDOT.,__NO__,,,,
SR 3 / SR 16 / SR 166 Gorst Vicinity - Remove Fish Barriers,United States,us_west,"Gorst / Port Orchard, Kitsap County, WA",,,Bridge / viaduct,Replacement,Main works / on site,New,WSDOT,Kiewit Infrastructure West,,,,,193,USD,50-250M,,,Summer 2026,,Medium,High,Mass-concrete civils,,,"Cure / Signal,Data Hub",Culverts / ancillary structures,lawson,reed,TBD,,NEWS,https://wsdot.wa.gov/construction-planning/search-projects/sr-3-sr-16-and-sr-166-gorst-vicinity-remove-fish-barriers,,"$192.6m total incl design. Replaces five outdated culverts with new bridges or larger culverts, plus a roundabout at SR 3 / SR 16 Spur / West Sam Christopherson Ave. NEW ROSS CREEK BRIDGE under SR 16 STARTS SUMMER 2026, two summers to complete. Best single proof point for the wider fish passage programme.",__NO__,,,,
SR 509 / Miller Creek fish passage,United States,us_west,"west of SeaTac Airport, WA",,,Bridge / viaduct,Replacement,Planning / pre-tender,Recontact later,WSDOT,,,,,,,USD,,,,,,Unknown,Low,Mass-concrete civils,,,Cure / Signal,Culverts / ancillary structures,lawson,reed,TBD,,NEWS,https://wsdot.wa.gov/construction-planning/search-projects/sr-509-miller-creek-fish-passage,,NO CONSTRUCTION FUNDING at this time; design-build contractor being selected. Construction not before LATE 2028. Replaces two 6ft culverts with a larger fish-passable structure and rebuilds the stream channel. Watchlist.,__NO__,,,,
Microsoft East Wenatchee Campus,United States,us_west,"East Wenatchee, Douglas/Chelan County, WA",,,Data centre,New build,Main works / on site,New,Microsoft,,,,,,,USD,,,,,,Large,High,Precast & batching supply,,,"Cure / Signal,Data Hub,MixAI",Slabs / pavements,lawson,reed,TBD,,NEWS,https://local.microsoft.com/blog/understanding-microsoft-datacenters-in-central-washington/,,"360 MW, expected OPERATIONAL 2026 - so under construction now. Individual buildings ~$47m each (e.g. EAT03 at $47.1m, 244,440 SQ FT SINGLE-STOREY). Very large repetitive slab-on-grade pours. Verify how many buildings remain unbuilt.",__NO__,,,,
Microsoft Malaga datacenter,United States,us_west,"Malaga, Chelan County, WA",,,Data centre,New build,Planning / pre-tender,New,Microsoft,,,,,,,USD,,,,,,Large,High,Precast & batching supply,,,"Cure / Signal,Data Hub,MixAI",Slabs / pavements,lawson,reed,TBD,,NEWS,https://local.microsoft.com/communities/americas/quincy/,,"IN DEVELOPMENT. Microsoft expects to be among the largest taxpayers in East Wenatchee and in Grant, Douglas and Chelan counties once facilities are complete. Microsoft capex ~$190bn in 2026.",__NO__,,,,
Quincy data centre cluster (multi-operator),United States,us_west,"Quincy, Grant County, WA",,,Data centre,Extension,Main works / on site,New,,,,,,,1000,USD,250M+,,,,,Large,High,Precast & batching supply,,,"Cure / Signal,Data Hub",Slabs / pavements,lawson,reed,TBD,,NEWS,https://www.yakimaherald.com/news/topics/future_harvests/future-harvests-how-quincy-became-a-data-center-boomtown/article_9306f58b-5d0c-4ff0-9025-b17d923867a0.html,,"27+ DATA CENTRE BUILDINGS in and around Quincy per a Feb 2026 Columbia Riverkeeper report, incl four large multi-building campuses owned by Microsoft, Sabey and H5. Also CyrusOne, NTT, Yahoo. Vantage WA1 campus alone was $1bn across three facilities. Microsoft's Columbia Data Center (2007) is ~800,000 sq ft on 270 acres. Grant County PUD hydro ~1,050MW average, some of the cheapest rates in the US. Quincy area assessed value projected >$8bn in 2024, over half from data centres. PURSUE AS A CLUSTER with a shared slab-performance pitch.",__NO__,,,,
Grant County PUD infrastructure (data centre load),United States,us_west,"Grant County, WA",,,Power & transmission,Extension,Main works / on site,New,Grant County PUD,,,,,,,USD,,,,,,Unknown,Low,Precast & batching supply,,,Cure / Signal,Piling / foundations,lawson,reed,TBD,,NEWS,https://www.geekwire.com/2026/microsoft-holds-up-rural-washington-as-data-centers-gone-right-but-does-the-model-still-work/,,Microsoft has committed $2.6m+ to one project. Substation and transmission works supporting data centre load. Verify whether any single package clears $30m.,__NO__,,,,
SR 510 Yelm Loop completion,United States,us_west,"Yelm, Thurston County, WA",,,Highway / road,New build,Main works / on site,New,WSDOT,,,,,,,USD,,,,,,Unknown,Low,Mass-concrete civils,,,Cure / Signal,Slabs / pavements,lawson,reed,TBD,,NEWS,https://wsdot.wa.gov/construction-planning/search-projects,,"Three remaining miles between Cullens Road and 170th St SE, two lanes plus shared-use path. Verify value - may be marginal.",__NO__,,,,
Sound Transit T Line extension to Tacoma Community College,United States,us_west,"Tacoma, WA",,,Rail / metro,New build,Planning / pre-tender,Recontact later,Sound Transit,,,,,,,USD,,,,,2043-12-31,Unknown,Low,Mass-concrete civils,,,Cure / Signal,Slabs / pavements,lawson,reed,TBD,,NEWS,https://lynnwoodtimes.com/2026/05/29/260528-sound-transit/,,Funded but DELAYED TO 2043. Watchlist.,__NO__,,,,
Sound Transit South Kirkland to Issaquah Link (4 Line),United States,us_west,"Kirkland to Issaquah, WA",,,Rail / metro,New build,Planning / pre-tender,Recontact later,Sound Transit,,,,,,,USD,,,,,2050-12-31,Unknown,Low,Mass-concrete civils,,,Cure / Signal,Precast,lawson,reed,TBD,,NEWS,https://lynnwoodtimes.com/2026/05/29/260528-sound-transit/,,Funded but PUSHED TO 2050. Too distant to action but noted.,__NO__,,,,
Mud Mountain Dam upstream fish passage facility,United States,us_west,"Buckley (White River), WA",,,Dam / hydro / reservoir,New build,Complete,Disqualified,USACE Seattle District,,,,,,,USD,,,,,,Small,Disqualified,Mass-concrete civils,,,,Marine / water-retaining,lawson,reed,TBD,,NEWS,https://www.nws.usace.army.mil/Missions/Civil-Works/Programs-and-Projects/Projects/Mud-Mountain-Dam-Fish-Passage/,,DISQUALIFIED: OPERATING - 1.4m fish passed in 2023. Concrete spent. Confirm whether further phases exist rather than assuming a live opportunity.,__NO__,,,,
PSNS Pier 5 demolition / Pier 6 replacement / Dry Dock 6 seismic upgrades,United States,us_west,"Naval Base Kitsap-Bremerton, WA",,,Port / marine,Replacement,Planning / pre-tender,Recontact later,NAVFAC / US Navy,,,,,,,USD,,,,,,Unknown,Low,Mass-concrete civils,,,Cure / Signal,Marine / water-retaining,lawson,reed,TBD,,NEWS,https://bremertonwaterfrontimprovementseis.com/proposed-action/,,"REMOVED FROM THE PROPOSED ACTION - not currently funded or programmed, no construction schedule determined. Watchlist only.",__NO__,,,,
Sound Transit Boeing Access Road infill station,United States,us_west,"Seattle, WA",,,Rail / metro,New build,Planning / pre-tender,Disqualified,Sound Transit,,,,,,,USD,,,,,,Small,Disqualified,Mass-concrete civils,,,,In-situ frame,lawson,reed,TBD,,NEWS,https://lynnwoodtimes.com/2026/05/29/260528-sound-transit/,,UNFUNDED in the May 2026 realignment. Prioritised for aggressive pursuit of new funding but no money.,__NO__,,,,
Sound Transit Tacoma Dome Link Extension Parking,United States,us_west,"Puget Sound region, WA",,,Other,Unknown,Planning / pre-tender,Disqualified,Sound Transit,,,,,,217,USD,50-250M,,,,,Small,Disqualified,Mass-concrete civils,,,,Unknown,lawson,reed,TBD,,NEWS,https://lynnwoodtimes.com/2026/05/29/260528-sound-transit/,,DEFERRED in the May 2026 ST3 realignment until new financial capacity materialises. Revisit if Sound Transit finds capacity.,__NO__,,,,
Sound Transit Everett Transit Center Parking,United States,us_west,"Puget Sound region, WA",,,Other,Unknown,Planning / pre-tender,Disqualified,Sound Transit,,,,,,285,USD,250M+,,,,,Small,Disqualified,Mass-concrete civils,,,,Unknown,lawson,reed,TBD,,NEWS,https://lynnwoodtimes.com/2026/05/29/260528-sound-transit/,,DEFERRED in the May 2026 ST3 realignment until new financial capacity materialises. Revisit if Sound Transit finds capacity.,__NO__,,,,
Sound Transit Stride BRT Parking facilities,United States,us_west,"Puget Sound region, WA",,,Other,Unknown,Planning / pre-tender,Disqualified,Sound Transit,,,,,,521,USD,250M+,,,,,Small,Disqualified,Mass-concrete civils,,,,Unknown,lawson,reed,TBD,,NEWS,https://lynnwoodtimes.com/2026/05/29/260528-sound-transit/,,DEFERRED in the May 2026 ST3 realignment until new financial capacity materialises. Revisit if Sound Transit finds capacity.,__NO__,,,,
Sound Transit Edmonds and Mukilteo Parking and Access,United States,us_west,"Puget Sound region, WA",,,Other,Unknown,Planning / pre-tender,Disqualified,Sound Transit,,,,,,87,USD,50-250M,,,,,Small,Disqualified,Mass-concrete civils,,,,Unknown,lawson,reed,TBD,,NEWS,https://lynnwoodtimes.com/2026/05/29/260528-sound-transit/,,DEFERRED in the May 2026 ST3 realignment until new financial capacity materialises. Revisit if Sound Transit finds capacity.,__NO__,,,,
Sound Transit North Sammamish Park-and-Ride,United States,us_west,"Puget Sound region, WA",,,Other,Unknown,Planning / pre-tender,Disqualified,Sound Transit,,,,,,60,USD,50-250M,,,,,Small,Disqualified,Mass-concrete civils,,,,Unknown,lawson,reed,TBD,,NEWS,https://lynnwoodtimes.com/2026/05/29/260528-sound-transit/,,DEFERRED in the May 2026 ST3 realignment until new financial capacity materialises. Revisit if Sound Transit finds capacity.,__NO__,,,,
Sound Transit Sounder South Platform Extensions and Station Access,United States,us_west,"Puget Sound region, WA",,,Other,Unknown,Planning / pre-tender,Disqualified,Sound Transit,,,,,,734,USD,250M+,,,,,Small,Disqualified,Mass-concrete civils,,,,Unknown,lawson,reed,TBD,,NEWS,https://lynnwoodtimes.com/2026/05/29/260528-sound-transit/,,DEFERRED in the May 2026 ST3 realignment until new financial capacity materialises. Revisit if Sound Transit finds capacity.,__NO__,,,,
Sound Transit SR 162 Corridor Improvements,United States,us_west,"Puget Sound region, WA",,,Other,Unknown,Planning / pre-tender,Disqualified,Sound Transit,,,,,,,USD,,,,,,Small,Disqualified,Mass-concrete civils,,,,Unknown,lawson,reed,TBD,,NEWS,https://www.soundtransit.org/get-to-know-us/news-events/news-releases/sound-transit-board-adopts-updated-st3-system-plan,,DEFERRED in the May 2026 ST3 realignment until new financial capacity materialises. Revisit if Sound Transit finds capacity.,__NO__,,,,
Sound Transit Lynnwood Link Extension,United States,us_west,"Washington State, WA",,,Other,Unknown,Complete,Disqualified,,,,,,,,USD,,,,,,Small,Disqualified,Mass-concrete civils,,,,Unknown,lawson,reed,TBD,,NEWS,https://lynnwoodtimes.com/2026/05/29/260528-sound-transit/,,DISQUALIFIED: opened 2024.,__NO__,,,,
Sound Transit Federal Way Link Extension,United States,us_west,"Washington State, WA",,,Other,Unknown,Complete,Disqualified,,,,,,,,USD,,,,,,Small,Disqualified,Mass-concrete civils,,,,Unknown,lawson,reed,TBD,,NEWS,https://lynnwoodtimes.com/2026/05/29/260528-sound-transit/,,DISQUALIFIED: opened.,__NO__,,,,
Sound Transit Downtown Redmond Link Extension,United States,us_west,"Washington State, WA",,,Other,Unknown,Complete,Disqualified,,,,,,,,USD,,,,,,Small,Disqualified,Mass-concrete civils,,,,Unknown,lawson,reed,TBD,,NEWS,https://lynnwoodtimes.com/2026/05/29/260528-sound-transit/,,DISQUALIFIED: opened.,__NO__,,,,
Hanford Low-Activity Waste Facility,United States,us_west,"Washington State, WA",,,Other,Unknown,Complete,Disqualified,,,,,,,,USD,,,,,,Small,Disqualified,Mass-concrete civils,,,,Unknown,lawson,reed,TBD,,NEWS,https://www.enr.com/articles/61635-long-awaited-process-finally-starts-to-vitrify-radioactive-waste-at-hanford-site,,"DISQUALIFIED: operational since Oct 2025, concrete spent. The HLW Facility is the live one.",__NO__,,,,
Climate Pledge Arena,United States,us_west,"Washington State, WA",,,Other,Unknown,Complete,Disqualified,,,,,,,,USD,,,,,,Small,Disqualified,Mass-concrete civils,,,,Unknown,lawson,reed,TBD,,NEWS,https://www.commercialsearch.com/news/top-projects-that-will-reshape-the-san-francisco-bay-area/,,DISQUALIFIED: complete.,__NO__,,,,
Brisbane Olympic Stadium,Australia,au,"Victoria Park, Brisbane, QLD",,,Stadium / arena / convention,New build,Groundbreaking / enabling works,New,Queensland Government,,,,,,3790,AUD,250M+,,,,,Large,High,Schedule-critical vertical build,,,"Cure / Signal,Data Hub",In-situ frame,jeremy,reed,TBD,,MANUAL,https://app.notion.com/p/3b2a315b1b00812ba5f0e1d1dd6a9f77,,"Ground-break June 2026. Bowl, podium, foundations. Brisbane 2032 Games centrepiece.",__NO__,,,,
National Aquatic Centre,Australia,au,"Spring Hill, Brisbane, QLD",,,Stadium / arena / convention,New build,Tender,New,Queensland Government,,,,,,1200,AUD,250M+,,,,,Large,High,Schedule-critical vertical build,,,"Cure / Signal,Data Hub",Marine / water-retaining,jeremy,reed,TBD,,MANUAL,https://app.notion.com/p/3b2a315b1b00812ba5f0e1d1dd6a9f77,,Design/procurement. Pools and structure.,__NO__,,,,
Brisbane Athletes' Village,Australia,au,"Victoria Park, Brisbane, QLD",,,Residential,New build,Planning / pre-tender,New,Queensland Government,,,,,,7100,AUD,250M+,,,,,Large,High,Schedule-critical vertical build,,,"Cure / Signal,Data Hub",Post-tensioned slabs,jeremy,reed,TBD,,MANUAL,https://app.notion.com/p/3b2a315b1b00812ba5f0e1d1dd6a9f77,,Part of the $7.1bn Games programme. Residential towers.,__NO__,,,,
Queensland Tennis Centre expansion,Australia,au,"Tennyson, Brisbane, QLD",,,Stadium / arena / convention,Extension,Tender,New,Queensland Government,,,,,,,AUD,,,,,,Medium,Medium,Schedule-critical vertical build,,,Cure / Signal,In-situ frame,jeremy,reed,TBD,,MANUAL,https://app.notion.com/p/3b2a315b1b00812ba5f0e1d1dd6a9f77,,"Games programme. 3,000-seat arena, 12 courts.",__NO__,,,,
Cross River Rail,Australia,au,"Dutton Park to Bowen Hills, Brisbane, QLD",,,Rail / metro,New build,Finishing,Disqualified,Cross River Rail Delivery Authority,,,,,,6300,AUD,250M+,,,,,Small,Disqualified,Mass-concrete civils,,,,Tunnel linings,jeremy,reed,TBD,,MANUAL,https://app.notion.com/p/3b2a315b1b00812ba5f0e1d1dd6a9f77,,"DISQUALIFIED: nearing completion, concrete window largely spent. 5.9km twin tunnel, 4 underground stations.",__NO__,,,,
Waterfront Brisbane,Australia,au,"Eagle St, Brisbane CBD, QLD",,,Commercial / office,New build,Main works / on site,New,Dexus,John Holland,,,,,2500,AUD,250M+,,,,,Large,High,Schedule-critical vertical build,,,"Cure / Signal,Data Hub",Slipform core,jeremy,reed,TBD,,MANUAL,https://app.notion.com/p/3b2a315b1b00812ba5f0e1d1dd6a9f77,,"Under construction, completion 2028. Two towers, cores.",__NO__,,,,
Queen's Wharf Brisbane,Australia,au,"George St, Brisbane, QLD",,,Retail / hotel / leisure,New build,Finishing,Disqualified,Destination Brisbane Consortium,,,,,,3600,AUD,250M+,,,,,Small,Disqualified,Schedule-critical vertical build,,,,Slipform core,jeremy,reed,TBD,,MANUAL,https://app.notion.com/p/3b2a315b1b00812ba5f0e1d1dd6a9f77,,"DISQUALIFIED: nearing completion, window largely spent.",__NO__,,,,
News Corp / Bowen Hills precinct,Australia,au,"Bowen Hills, Brisbane, QLD",,,Commercial / office,New build,Planning / pre-tender,New,,,,,,,2000,AUD,250M+,,,,,Large,Medium,Schedule-critical vertical build,,,"Cure / Signal,Data Hub",In-situ frame,jeremy,reed,TBD,,MANUAL,https://app.notion.com/p/3b2a315b1b00812ba5f0e1d1dd6a9f77,,Planning. Mixed-use towers.,__NO__,,,,
Waterfront Newstead / LIV Anura,Australia,au,"Newstead, Brisbane, QLD",,,Residential,New build,Main works / on site,New,,,,,,,1000,AUD,250M+,,,,,Large,High,Schedule-critical vertical build,,,"Cure / Signal,Data Hub",Post-tensioned slabs,jeremy,reed,TBD,,MANUAL,https://app.notion.com/p/3b2a315b1b00812ba5f0e1d1dd6a9f77,,Under construction. Residential towers.,__NO__,,,,
Queensland Cancer Centre of Excellence,Australia,au,"Brisbane, QLD",,,Hospital / healthcare,New build,Planning / pre-tender,New,Queensland Health,,,,,,,AUD,,,,,,Medium,High,Schedule-critical vertical build,,,"Cure / Signal,Data Hub",In-situ frame,jeremy,reed,TBD,,MANUAL,https://app.notion.com/p/3b2a315b1b00812ba5f0e1d1dd6a9f77,,Part of the Hospital Rescue Plan. Planning/early. Clinical building.,__NO__,,,,
Princess Alexandra Hospital expansion,Australia,au,"Woolloongabba, Brisbane, QLD",,,Hospital / healthcare,Extension,Main works / on site,New,Queensland Health,,,,,,,AUD,,,,,,Medium,High,Schedule-critical vertical build,,,Cure / Signal,In-situ frame,jeremy,reed,TBD,,MANUAL,https://app.notion.com/p/3b2a315b1b00812ba5f0e1d1dd6a9f77,,249 beds. Under construction. Clinical tower.,__NO__,,,,
QEII Jubilee Hospital expansion,Australia,au,"Coopers Plains, Brisbane, QLD",,,Hospital / healthcare,Extension,Main works / on site,New,Queensland Health,,,,,,,AUD,,,,,,Medium,High,Schedule-critical vertical build,,,Cure / Signal,In-situ frame,jeremy,reed,TBD,,MANUAL,https://app.notion.com/p/3b2a315b1b00812ba5f0e1d1dd6a9f77,,112 beds. Under construction.,__NO__,,,,
Prince Charles Hospital expansion,Australia,au,"Chermside, Brisbane, QLD",,,Hospital / healthcare,Extension,Main works / on site,New,Queensland Health,,,,,,,AUD,,,,,,Medium,High,Schedule-critical vertical build,,,Cure / Signal,In-situ frame,jeremy,reed,TBD,,MANUAL,https://app.notion.com/p/3b2a315b1b00812ba5f0e1d1dd6a9f77,,94 beds. Construction.,__NO__,,,,
Ipswich Hospital expansion Stage 2,Australia,au,"Ipswich, QLD",,,Hospital / healthcare,Extension,Main works / on site,New,Queensland Health,,,,,,,AUD,,,,,,Medium,High,Schedule-critical vertical build,,,Cure / Signal,In-situ frame,jeremy,reed,TBD,,MANUAL,https://app.notion.com/p/3b2a315b1b00812ba5f0e1d1dd6a9f77,,200 beds. Construction.,__NO__,,,,
Logan Hospital expansion Stage 2,Australia,au,"Meadowbrook, QLD",,,Hospital / healthcare,Extension,Main works / on site,New,Queensland Health,,,,,,,AUD,,,,,,Medium,High,Schedule-critical vertical build,,,Cure / Signal,In-situ frame,jeremy,reed,TBD,,MANUAL,https://app.notion.com/p/3b2a315b1b00812ba5f0e1d1dd6a9f77,,112 beds. Construction.,__NO__,,,,
Redcliffe Hospital expansion,Australia,au,"Redcliffe, QLD",,,Hospital / healthcare,Extension,Main works / on site,New,Queensland Health,,,,,,,AUD,,,,,,Medium,High,Schedule-critical vertical build,,,Cure / Signal,In-situ frame,jeremy,reed,TBD,,MANUAL,https://app.notion.com/p/3b2a315b1b00812ba5f0e1d1dd6a9f77,,204 beds. Construction.,__NO__,,,,
Moreton Bay Indoor Sports Centre,Australia,au,"Moreton Bay, QLD",,,Stadium / arena / convention,New build,Tender,New,Queensland Government,,,,,,,AUD,,,,,,Medium,Medium,Schedule-critical vertical build,,,Cure / Signal,In-situ frame,jeremy,reed,TBD,,MANUAL,https://app.notion.com/p/3b2a315b1b00812ba5f0e1d1dd6a9f77,,Games programme. Procurement.,__NO__,,,,
Logan Indoor Sports Centre,Australia,au,"Logan, QLD",,,Stadium / arena / convention,New build,Tender,New,Queensland Government,,,,,,,AUD,,,,,,Medium,Medium,Schedule-critical vertical build,,,Cure / Signal,In-situ frame,jeremy,reed,TBD,,MANUAL,https://app.notion.com/p/3b2a315b1b00812ba5f0e1d1dd6a9f77,,Games programme. Procurement.,__NO__,,,,
Redland Whitewater Centre,Australia,au,"Redlands, QLD",,,Stadium / arena / convention,New build,Tender,New,Queensland Government,,,,,,,AUD,,,,,,Medium,High,Mass-concrete civils,,,"Cure / Signal,MixAI",Marine / water-retaining,jeremy,reed,TBD,,MANUAL,https://app.notion.com/p/3b2a315b1b00812ba5f0e1d1dd6a9f77,,Games programme. WATER-COURSE CONCRETE.,__NO__,,,,
Somerset Dam safety upgrade,Australia,au,"Somerset, QLD",,,Dam / hydro / reservoir,Refurbishment / retrofit,Planning / pre-tender,New,Seqwater,,,,,,1600,AUD,250M+,,,,,Large,High,Mass-concrete civils,,,"Cure / Signal,MixAI,Data Hub",Mass concrete,jeremy,reed,TBD,,MANUAL,https://app.notion.com/p/3b2a315b1b00812ba5f0e1d1dd6a9f77,,Planning. DAM WALL works.,__NO__,,,,
North Pine Dam upgrade + pump station,Australia,au,"Moreton Bay, QLD",,,Dam / hydro / reservoir,Refurbishment / retrofit,Planning / pre-tender,New,Seqwater,,,,,,1389,AUD,250M+,,,,,Large,High,Mass-concrete civils,,,"Cure / Signal,MixAI,Data Hub",Mass concrete,jeremy,reed,TBD,,MANUAL,https://app.notion.com/p/3b2a315b1b00812ba5f0e1d1dd6a9f77,,~$789m dam + $600m pump station. Planning.,__NO__,,,,
Wyaralong Dam WTP Stage 1,Australia,au,"Scenic Rim, QLD",,,Water treatment,New build,Main works / on site,New,Seqwater,,,,,,850,AUD,250M+,,,,,Large,Medium,Low-carbon spec-in,,,"MixAI,Cure / Signal,Data Hub",Marine / water-retaining,jeremy,reed,TBD,,MANUAL,https://app.notion.com/p/3b2a315b1b00812ba5f0e1d1dd6a9f77,,Construction 2025/26. WTP structures.,__NO__,,,,
Logan Water Infrastructure Program Alliance,Australia,au,"Logan, QLD",,,Water treatment,New build,Main works / on site,New,Logan City Council,,,,,,746,AUD,250M+,,,,,Large,Medium,Low-carbon spec-in,,,"MixAI,Data Hub",Marine / water-retaining,jeremy,reed,TBD,,MANUAL,https://app.notion.com/p/3b2a315b1b00812ba5f0e1d1dd6a9f77,,Under construction to 2027/28. WTP and reservoirs.,__NO__,,,,
Brisbane hyperscale data-centre pipeline,Australia,au,"Greater Brisbane, QLD",,,Data centre,New build,Main works / on site,New,,,,,,,,AUD,,,,,,Large,Medium,Precast & batching supply,,,"Cure / Signal,Data Hub",Slabs / pavements,jeremy,reed,TBD,,MANUAL,https://app.notion.com/p/3b2a315b1b00812ba5f0e1d1dd6a9f77,,Multiple projects >$40m under construction. Slabs and foundations. Needs individual identification.,__NO__,,,,
Coomera Connector Stage 1 (Second M1),Australia,au,"Loganholme to Nerang, QLD",,,Highway / road,New build,Main works / on site,New,Transport and Main Roads,,,,,,2160,AUD,250M+,,,,,Large,High,Mass-concrete civils,,,"Cure / Signal,Data Hub",Precast,jeremy,reed,TBD,,MANUAL,https://app.notion.com/p/3b2a315b1b00812ba5f0e1d1dd6a9f77,,Under construction. BRIDGES AND VIADUCTS.,__NO__,,,,
Faster Rail Logan to Gold Coast,Australia,au,"Kuraby to Gold Coast, QLD",,,Rail / metro,New build,Tender,New,Transport and Main Roads,,,,,,5750,AUD,250M+,,,,,Large,High,Mass-concrete civils,,,"Cure / Signal,MixAI,Data Hub",Precast,jeremy,reed,TBD,,MANUAL,https://app.notion.com/p/3b2a315b1b00812ba5f0e1d1dd6a9f77,,Planning/procurement. RAIL VIADUCTS AND STATIONS.,__NO__,,,,
Gold Coast Light Rail Stage 3,Australia,au,"Broadbeach to Burleigh, QLD",,,Rail / metro,New build,Finishing,Disqualified,Transport and Main Roads,,,,,,1500,AUD,250M+,,,,,Small,Disqualified,Mass-concrete civils,,,,Slabs / pavements,jeremy,reed,TBD,,MANUAL,https://app.notion.com/p/3b2a315b1b00812ba5f0e1d1dd6a9f77,,"DISQUALIFIED: nearing completion mid-2026, window spent.",__NO__,,,,
New Coomera Hospital,Australia,au,"Coomera, QLD",,,Hospital / healthcare,New build,Main works / on site,New,Queensland Health,,,,,,,AUD,,,,,,Large,High,Schedule-critical vertical build,,,"Cure / Signal,Data Hub",In-situ frame,jeremy,reed,TBD,,MANUAL,https://app.notion.com/p/3b2a315b1b00812ba5f0e1d1dd6a9f77,,400-600 beds. MAIN CONSTRUCTION H2 2026. 12-storey clinical + 7-storey ambulatory.,__NO__,,,,
Gold Coast Athletes' Village,Australia,au,"Royal Pines, Gold Coast, QLD",,,Residential,New build,Planning / pre-tender,New,Queensland Government,,,,,,,AUD,,,,,,Large,High,Schedule-critical vertical build,,,"Cure / Signal,Data Hub",Post-tensioned slabs,jeremy,reed,TBD,,MANUAL,https://app.notion.com/p/3b2a315b1b00812ba5f0e1d1dd6a9f77,,Games programme. Planning. Residential.,__NO__,,,,
New Gold Coast Arena,Australia,au,"Gold Coast, QLD",,,Stadium / arena / convention,New build,Planning / pre-tender,New,Queensland Government,,,,,,,AUD,,,,,,Large,High,Schedule-critical vertical build,,,"Cure / Signal,Data Hub",In-situ frame,jeremy,reed,TBD,,MANUAL,https://app.notion.com/p/3b2a315b1b00812ba5f0e1d1dd6a9f77,,Games programme. Planning.,__NO__,,,,
Gold Coast Convention Centre upgrade,Australia,au,"Broadbeach, QLD",,,Stadium / arena / convention,Extension,Planning / pre-tender,New,Queensland Government,,,,,,,AUD,,,,,,Medium,Medium,Schedule-critical vertical build,,,Cure / Signal,In-situ frame,jeremy,reed,TBD,,MANUAL,https://app.notion.com/p/3b2a315b1b00812ba5f0e1d1dd6a9f77,,Games programme. Planning.,__NO__,,,,
Palmera tower,Australia,au,"Southport, Gold Coast, QLD",,,Residential,New build,Awarded - pre-start,New,,,,,,,1000,AUD,250M+,,,,,Large,High,Schedule-critical vertical build,,,"Cure / Signal,Data Hub",Slipform core,jeremy,reed,TBD,,MANUAL,https://app.notion.com/p/3b2a315b1b00812ba5f0e1d1dd6a9f77,,Approved/funded. 52-STOREY CORE.,__NO__,,,,
Robina BTR corridor (4-tower development),Australia,au,"Robina, Gold Coast, QLD",,,Residential,New build,Awarded - pre-start,New,,,,,,,225,AUD,50-250M,,,,,Medium,Medium,Schedule-critical vertical build,,,Cure / Signal,Post-tensioned slabs,jeremy,reed,TBD,,MANUAL,https://app.notion.com/p/3b2a315b1b00812ba5f0e1d1dd6a9f77,,Approved. Residential towers.,__NO__,,,,
"The Wave Stage 1 (Beerwah to Caloundra rail, 19km)",Australia,au,"Sunshine Coast, QLD",,,Rail / metro,New build,Awarded - pre-start,New,Transport and Main Roads,,,,,,5500,AUD,250M+,,,,,Large,High,Mass-concrete civils,,,"Cure / Signal,MixAI,Data Hub",Precast,jeremy,reed,TBD,,MANUAL,https://app.notion.com/p/3b2a315b1b00812ba5f0e1d1dd6a9f77,,"CONTRACTS AWARDED 2026, MAJOR WORKS LATE 2026. Viaducts, stations, bridges.",__NO__,,,,
"The Wave Stage 2 (Caloundra to Birtinya, 7km)",Australia,au,"Sunshine Coast, QLD",,,Rail / metro,New build,Tender,New,Transport and Main Roads,,,,,,,AUD,,,,,,Large,High,Mass-concrete civils,,,"Cure / Signal,MixAI,Data Hub",Precast,jeremy,reed,TBD,,MANUAL,https://app.notion.com/p/3b2a315b1b00812ba5f0e1d1dd6a9f77,,Funding envelope with Stage 1. EOI/planning.,__NO__,,,,
The Wave Stage 3 (metro to Sunshine Coast Airport),Australia,au,"Maroochydore to Airport, QLD",,,Rail / metro,New build,Planning / pre-tender,New,Transport and Main Roads,,,,,,,AUD,,,,,,Large,Medium,Mass-concrete civils,,,"MixAI,Data Hub",Precast,jeremy,reed,TBD,,MANUAL,https://app.notion.com/p/3b2a315b1b00812ba5f0e1d1dd6a9f77,,Planning. Value TBC.,__NO__,,,,
Mooloolah River Interchange upgrade,Australia,au,"Sunshine Coast, QLD",,,Bridge / viaduct,Widening / twinning,Planning / pre-tender,New,Transport and Main Roads,,,,,,,AUD,,,,,,Medium,High,Mass-concrete civils,,,"Cure / Signal,Data Hub",Culverts / ancillary structures,jeremy,reed,TBD,,MANUAL,https://app.notion.com/p/3b2a315b1b00812ba5f0e1d1dd6a9f77,,Part of The Wave. BRIDGES AND INTERCHANGE.,__NO__,,,,
Beerburrum to Nambour rail upgrade,Australia,au,"Sunshine Coast, QLD",,,Rail / metro,Widening / twinning,Planning / pre-tender,New,Transport and Main Roads,,,,,,,AUD,,,,,,Large,High,Mass-concrete civils,,,"Cure / Signal,Data Hub",Precast,jeremy,reed,TBD,,MANUAL,https://app.notion.com/p/3b2a315b1b00812ba5f0e1d1dd6a9f77,,Planning/delivery. Major.,__NO__,,,,
Sunshine Coast Athletes' Village,Australia,au,"Maroochydore, QLD",,,Residential,New build,Planning / pre-tender,New,Queensland Government,,,,,,,AUD,,,,,,Large,High,Schedule-critical vertical build,,,"Cure / Signal,Data Hub",Post-tensioned slabs,jeremy,reed,TBD,,MANUAL,https://app.notion.com/p/3b2a315b1b00812ba5f0e1d1dd6a9f77,,Games programme. Planning. Residential.,__NO__,,,,
Sunshine Coast Stadium upgrade,Australia,au,"Kawana, QLD",,,Stadium / arena / convention,Extension,Tender,New,Queensland Government,,,,,,,AUD,,,,,,Medium,Medium,Schedule-critical vertical build,,,Cure / Signal,In-situ frame,jeremy,reed,TBD,,MANUAL,https://app.notion.com/p/3b2a315b1b00812ba5f0e1d1dd6a9f77,,Games programme. Procurement/delivery.,__NO__,,,,
Noosa WTP upgrade,Australia,au,"Noosa, QLD",,,Water treatment,Refurbishment / retrofit,Planning / pre-tender,New,Unitywater,,,,,,394,AUD,250M+,,,,,Medium,Medium,Low-carbon spec-in,,,"MixAI,Data Hub",Marine / water-retaining,jeremy,reed,TBD,,MANUAL,https://app.notion.com/p/3b2a315b1b00812ba5f0e1d1dd6a9f77,,Planning. WTP tanks.,__NO__,,,,
Image Flat WTP upgrade,Australia,au,"Nambour, QLD",,,Water treatment,Refurbishment / retrofit,Planning / pre-tender,New,Unitywater,,,,,,345,AUD,250M+,,,,,Medium,Medium,Low-carbon spec-in,,,"MixAI,Data Hub",Marine / water-retaining,jeremy,reed,TBD,,MANUAL,https://app.notion.com/p/3b2a315b1b00812ba5f0e1d1dd6a9f77,,Planning. WTP tanks.,__NO__,,,,
Lake MacDonald Dam rebuild,Australia,au,"Noosa hinterland, QLD",,,Dam / hydro / reservoir,Replacement,Planning / pre-tender,New,Seqwater,,,,,,545,AUD,250M+,,,,,Large,High,Mass-concrete civils,,,"Cure / Signal,MixAI,Data Hub",Mass concrete,jeremy,reed,TBD,,MANUAL,https://app.notion.com/p/3b2a315b1b00812ba5f0e1d1dd6a9f77,,Part of a $545m dam programme. Planning/delivery. DAM WALL.,__NO__,,,,
Inland Rail - Gowrie to Kagaru,Australia,au,"Toowoomba Range to Kagaru, QLD",,,Tunnel,New build,Tender,New,ARTC,,,,,,5000,AUD,250M+,,,,,Large,High,Mass-concrete civils,,,"Cure / Signal,MixAI,Data Hub",Tunnel linings,jeremy,reed,TBD,,MANUAL,https://app.notion.com/p/3b2a315b1b00812ba5f0e1d1dd6a9f77,,"Procurement/early works. 6.2KM TUNNEL, 18 VIADUCTS, 22 BRIDGES.",__NO__,,,,
Inland Rail - Border to Gowrie (B2G),Australia,au,"NSW border to Gowrie, QLD",,,Rail / metro,New build,Planning / pre-tender,New,ARTC,,,,,,,AUD,,,,,,Large,High,Mass-concrete civils,,,"Cure / Signal,MixAI,Data Hub",Precast,jeremy,reed,TBD,,MANUAL,https://app.notion.com/p/3b2a315b1b00812ba5f0e1d1dd6a9f77,,"Planning/approvals. Bridges, formation.",__NO__,,,,
New Toowoomba Hospital,Australia,au,"Toowoomba, QLD",,,Hospital / healthcare,New build,Main works / on site,New,Queensland Health,,,,,,,AUD,,,,,,Large,High,Schedule-critical vertical build,,,"Cure / Signal,Data Hub",In-situ frame,jeremy,reed,TBD,,MANUAL,https://app.notion.com/p/3b2a315b1b00812ba5f0e1d1dd6a9f77,,"Early works complete, main construction underway. Clinical building.",__NO__,,,,
MacIntyre Wind Farm precinct,Australia,au,"Warwick / Southern Downs, QLD",,,Power & transmission,New build,Main works / on site,New,Acciona / CleanCo,,,,,,2000,AUD,250M+,,,,,Large,High,Precast & batching supply,,,"Cure / Signal,MixAI,Data Hub",Piling / foundations,jeremy,reed,TBD,,MANUAL,https://app.notion.com/p/3b2a315b1b00812ba5f0e1d1dd6a9f77,,Under construction. 180 TURBINE FOUNDATIONS.,__NO__,,,,
Toowoomba to Warwick Pipeline,Australia,au,"Darling Downs, QLD",,,Water treatment,New build,Planning / pre-tender,New,,,,,,,467,AUD,250M+,,,,,Medium,Medium,Low-carbon spec-in,,,"MixAI,Data Hub",Marine / water-retaining,jeremy,reed,TBD,,MANUAL,https://app.notion.com/p/3b2a315b1b00812ba5f0e1d1dd6a9f77,,Planning. Pipeline and pump stations.,__NO__,,,,
Toowoomba Equestrian Centre (Games),Australia,au,"Toowoomba, QLD",,,Stadium / arena / convention,New build,Planning / pre-tender,New,Queensland Government,,,,,,,AUD,,,,,,Small,Medium,Schedule-critical vertical build,,,Cure / Signal,Slabs / pavements,jeremy,reed,TBD,,MANUAL,https://app.notion.com/p/3b2a315b1b00812ba5f0e1d1dd6a9f77,,"Games programme. Planning. Arenas, stabling.",__NO__,,,,
Toowoomba to Gladstone Inland Rail extension,Australia,au,"Darling Downs to Gladstone, QLD",,,Rail / metro,New build,Planning / pre-tender,New,ARTC,,,,,,,AUD,,,,,,Large,Medium,Mass-concrete civils,,,"MixAI,Data Hub",Precast,jeremy,reed,TBD,,MANUAL,https://app.notion.com/p/3b2a315b1b00812ba5f0e1d1dd6a9f77,,Business case stage. Future bridges and formation.,__NO__,,,,
Borumba Pumped Hydro,Australia,au,"Imbil, near Gympie, QLD",,,Dam / hydro / reservoir,New build,Planning / pre-tender,New,Queensland Hydro,,,,,,18400,AUD,250M+,,,,,Large,High,Mass-concrete civils,,,"Cure / Signal,MixAI,Data Hub",Mass concrete,jeremy,reed,TBD,,MANUAL,https://app.notion.com/p/3b2a315b1b00812ba5f0e1d1dd6a9f77,,"EXPLORATORY WORKS APPROVED JAN 2026, business case 2026. SEVEN DAMS, UNDERGROUND POWERHOUSE, TUNNELS. Largest single QLD opportunity by value.",__NO__,,,,
New Bundaberg Hospital,Australia,au,"Bundaberg, QLD",,,Hospital / healthcare,New build,Planning / pre-tender,New,Queensland Health,,,,,,,AUD,,,,,,Large,High,Schedule-critical vertical build,,,"Cure / Signal,Data Hub",In-situ frame,jeremy,reed,TBD,,MANUAL,https://app.notion.com/p/3b2a315b1b00812ba5f0e1d1dd6a9f77,,400+ beds. Planning/early works. Clinical building.,__NO__,,,,
Paradise Dam rebuild / improvement,Australia,au,"near Bundaberg, QLD",,,Dam / hydro / reservoir,Replacement,PCSA / preconstruction,New,Sunwater,,,,,,4400,AUD,250M+,,,,,Large,High,Mass-concrete civils,,,"Cure / Signal,MixAI,Data Hub",Mass concrete,jeremy,reed,TBD,,MANUAL,https://app.notion.com/p/3b2a315b1b00812ba5f0e1d1dd6a9f77,,"$720m rising to up to ~$4.4bn. Pre-construction, MAJOR WORKS FROM LATE 2026. NEW DAM WALL.",__NO__,,,,
Hervey Bay Hospital expansion,Australia,au,"Hervey Bay, QLD",,,Hospital / healthcare,Extension,Main works / on site,New,Queensland Health,,,,,,,AUD,,,,,,Medium,Medium,Schedule-critical vertical build,,,Cure / Signal,In-situ frame,jeremy,reed,TBD,,MANUAL,https://app.notion.com/p/3b2a315b1b00812ba5f0e1d1dd6a9f77,,35-bed expansion + helipad. Under construction 2026.,__NO__,,,,
Tiaro Bypass (Bruce Highway),Australia,au,"Tiaro, QLD",,,Highway / road,New build,Main works / on site,New,Transport and Main Roads,,,,,,,AUD,,,,,,Medium,High,Mass-concrete civils,,,"Cure / Signal,Data Hub",Culverts / ancillary structures,jeremy,reed,TBD,,MANUAL,https://app.notion.com/p/3b2a315b1b00812ba5f0e1d1dd6a9f77,,Delivery. Bridges and pavement.,__NO__,,,,
Rockhampton Ring Road,Australia,au,"Rockhampton, QLD",,,Highway / road,New build,Main works / on site,New,Transport and Main Roads,,,,,,,AUD,,,,,,Large,High,Mass-concrete civils,,,"Cure / Signal,Data Hub",Precast,jeremy,reed,TBD,,MANUAL,https://app.notion.com/p/3b2a315b1b00812ba5f0e1d1dd6a9f77,,Under construction. 17.4KM with a NEW FITZROY RIVER CROSSING.,__NO__,,,,
Fitzroy to Gladstone Pipeline (WTP + pipeline),Australia,au,"Fitzroy to Gladstone, QLD",,,Water treatment,New build,Main works / on site,New,Gladstone Area Water Board,,,,,,688,AUD,250M+,,,,,Large,Medium,Low-carbon spec-in,,,"MixAI,Data Hub,Cure / Signal",Marine / water-retaining,jeremy,reed,TBD,,MANUAL,https://app.notion.com/p/3b2a315b1b00812ba5f0e1d1dd6a9f77,,"$549-688m. Construction, complete 2026/27. WTP and pipeline.",__NO__,,,,
Clarke Creek Wind & Solar precinct,Australia,au,"Isaac, near Marlborough, QLD",,,Power & transmission,New build,Main works / on site,New,Squadron Energy,,,,,,3000,AUD,250M+,,,,,Large,High,Precast & batching supply,,,"Cure / Signal,MixAI,Data Hub",Piling / foundations,jeremy,reed,TBD,,MANUAL,https://app.notion.com/p/3b2a315b1b00812ba5f0e1d1dd6a9f77,,"Under construction (staged). 195 TURBINE FOUNDATIONS, ~12,000 CUBIC METRES OF CONCRETE.",__NO__,,,,
Rowing venue (Games),Australia,au,"Rockhampton, Fitzroy River, QLD",,,Stadium / arena / convention,New build,Planning / pre-tender,New,Queensland Government,,,,,,,AUD,,,,,,Small,Low,Mass-concrete civils,,,Cure / Signal,Marine / water-retaining,jeremy,reed,TBD,,MANUAL,https://app.notion.com/p/3b2a315b1b00812ba5f0e1d1dd6a9f77,,Games programme. Planning.,__NO__,,,,
Valeria coal mine,Australia,au,"Central Highlands, Bowen Basin, QLD",,,Industrial / manufacturing,New build,Planning / pre-tender,New,Glencore,,,,,,1500,AUD,250M+,,,,,Medium,Medium,Precast & batching supply,,,"Cure / Signal,Data Hub",Piling / foundations,jeremy,reed,TBD,,MANUAL,https://app.notion.com/p/3b2a315b1b00812ba5f0e1d1dd6a9f77,,Coordinated project. CHPP and train load-out.,__NO__,,,,
Corvus Metallurgical Coal,Australia,au,"north of Emerald, QLD",,,Industrial / manufacturing,New build,Planning / pre-tender,New,,,,,,,1240,AUD,250M+,,,,,Medium,Medium,Precast & batching supply,,,"Cure / Signal,Data Hub",Piling / foundations,jeremy,reed,TBD,,MANUAL,https://app.notion.com/p/3b2a315b1b00812ba5f0e1d1dd6a9f77,,EIS / coordinated project. CHPP and load-out.,__NO__,,,,
Rockhampton Hospital cardiac/theatre works,Australia,au,"Rockhampton, QLD",,,Hospital / healthcare,Refurbishment / retrofit,Main works / on site,New,Queensland Health,,,,,,40,AUD,Under 50M,,,,,Small,Low,Schedule-critical vertical build,,,Cure / Signal,In-situ frame,jeremy,reed,TBD,,MANUAL,https://app.notion.com/p/3b2a315b1b00812ba5f0e1d1dd6a9f77,,>$40m. Delivery.,__NO__,,,,
Mackay Base Hospital expansion,Australia,au,"Mackay, QLD",,,Hospital / healthcare,Extension,Main works / on site,New,Queensland Health,,,,,,,AUD,,,,,,Large,High,Schedule-critical vertical build,,,"Cure / Signal,Data Hub",In-situ frame,jeremy,reed,TBD,,MANUAL,https://app.notion.com/p/3b2a315b1b00812ba5f0e1d1dd6a9f77,,Construction. Clinical building.,__NO__,,,,
Walkerston Bypass (Peak Downs Highway),Australia,au,"Mackay, QLD",,,Highway / road,New build,Main works / on site,New,Transport and Main Roads,,,,,,,AUD,,,,,,Medium,High,Mass-concrete civils,,,"Cure / Signal,Data Hub",Culverts / ancillary structures,jeremy,reed,TBD,,MANUAL,https://app.notion.com/p/3b2a315b1b00812ba5f0e1d1dd6a9f77,,Delivery. Bridges and pavement.,__NO__,,,,
Olive Downs Coking Coal,Australia,au,"near Moranbah, QLD",,,Industrial / manufacturing,New build,Complete,Disqualified,Pembroke Resources,,,,,,1000,AUD,250M+,,,,,Small,Disqualified,Precast & batching supply,,,,Piling / foundations,jeremy,reed,TBD,,MANUAL,https://app.notion.com/p/3b2a315b1b00812ba5f0e1d1dd6a9f77,,"DISQUALIFIED: operational, window spent. Reference only.",__NO__,,,,
Pioneer-Burdekin Pumped Hydro,Australia,au,"west of Mackay, QLD",,,Dam / hydro / reservoir,New build,Planning / pre-tender,Disqualified,Queensland Hydro,,,,,,,AUD,,,,,,Small,Disqualified,Mass-concrete civils,,,,Mass concrete,jeremy,reed,TBD,,MANUAL,https://app.notion.com/p/3b2a315b1b00812ba5f0e1d1dd6a9f77,,DISQUALIFIED: CANCELLED by the State Government. Noted for completeness.,__NO__,,,,
Burdekin Falls Dam raising,Australia,au,"Burdekin, QLD",,,Dam / hydro / reservoir,Extension,Main works / on site,New,Sunwater,,,,,,1670,AUD,250M+,,,,,Large,High,Mass-concrete civils,,,"Cure / Signal,MixAI,Data Hub",Mass concrete,jeremy,reed,TBD,,MANUAL,https://app.notion.com/p/3b2a315b1b00812ba5f0e1d1dd6a9f77,,$850m-$1.67bn. CONSTRUCTION 2025/26 to 2028/29. DAM RAISING.,__NO__,,,,
CopperString 2032 - Eastern Link,Australia,au,"Hughenden to Townsville, QLD",,,Power & transmission,New build,Main works / on site,New,Powerlink,,,,,,3200,AUD,250M+,,,,,Large,Medium,Precast & batching supply,,,"Cure / Signal,Data Hub",Piling / foundations,jeremy,reed,TBD,,MANUAL,https://app.notion.com/p/3b2a315b1b00812ba5f0e1d1dd6a9f77,,Part of $3.2bn. Flinders Substation underway; line from 2028. Substations and tower footings.,__NO__,,,,
Townsville University Hospital expansion,Australia,au,"Townsville, QLD",,,Hospital / healthcare,Extension,Main works / on site,New,Queensland Health,,,,,,,AUD,,,,,,Medium,High,Schedule-critical vertical build,,,"Cure / Signal,Data Hub",In-situ frame,jeremy,reed,TBD,,MANUAL,https://app.notion.com/p/3b2a315b1b00812ba5f0e1d1dd6a9f77,,143 beds. Construction. Clinical building.,__NO__,,,,
Lansdown Eco-Industrial Precinct,Australia,au,"south of Townsville, QLD",,,Industrial / manufacturing,New build,Groundbreaking / enabling works,New,Townsville City Council,,,,,,,AUD,,,,,,Medium,Medium,Precast & batching supply,,,"Cure / Signal,Data Hub",Slabs / pavements,jeremy,reed,TBD,,MANUAL,https://app.notion.com/p/3b2a315b1b00812ba5f0e1d1dd6a9f77,,Enabling works. Precinct civils and foundations.,__NO__,,,,
Queensland Resources Common User Facility,Australia,au,"Townsville, QLD",,,Industrial / manufacturing,New build,Complete,Disqualified,,Sedgman,,,,,,AUD,,,,,,Small,Disqualified,Precast & batching supply,,,,Slabs / pavements,jeremy,reed,TBD,,MANUAL,https://app.notion.com/p/3b2a315b1b00812ba5f0e1d1dd6a9f77,,DISQUALIFIED: completed 2026 (Sedgman).,__NO__,,,,
Port of Townsville expansion (berths + laydown),Australia,au,"Townsville, QLD",,,Port / marine,New build,Main works / on site,New,Port of Townsville,,,,,,,AUD,,,,,,Large,Medium,Mass-concrete civils,,,"Cure / Signal,Data Hub",Marine / water-retaining,jeremy,reed,TBD,,MANUAL,https://app.notion.com/p/3b2a315b1b00812ba5f0e1d1dd6a9f77,,Ongoing. WHARVES AND HARDSTAND.,__NO__,,,,
Townsville Energy Chemicals Hub,Australia,au,"Townsville, QLD",,,Industrial / manufacturing,New build,Planning / pre-tender,New,,,,,,,,AUD,,,,,,Medium,Medium,Precast & batching supply,,,"Cure / Signal,Data Hub",Piling / foundations,jeremy,reed,TBD,,MANUAL,https://app.notion.com/p/3b2a315b1b00812ba5f0e1d1dd6a9f77,,Planning. Process plant.,__NO__,,,,
Cairns Water Security Stage 1,Australia,au,"Cairns, QLD",,,Water treatment,New build,Main works / on site,New,Cairns Regional Council,John Holland,,,,,326,AUD,250M+,,,,,Medium,Medium,Low-carbon spec-in,,,"MixAI,Cure / Signal,Data Hub",Marine / water-retaining,jeremy,reed,TBD,,MANUAL,https://app.notion.com/p/3b2a315b1b00812ba5f0e1d1dd6a9f77,,"$325.5m. Under construction, 2026. WTP, intake, pipeline.",__NO__,,,,
Cairns Marine Precinct Common User Facility,Australia,au,"Cairns (Ports North), QLD",,,Port / marine,New build,Awarded - pre-start,New,Ports North,,,,,,387,AUD,250M+,,,,,Large,High,Mass-concrete civils,,,"Cure / Signal,Data Hub",Marine / water-retaining,jeremy,reed,TBD,,MANUAL,https://app.notion.com/p/3b2a315b1b00812ba5f0e1d1dd6a9f77,,"~$387m. Funded, progressing. WHARF AND HARDSTAND.",__NO__,,,,
Cairns Hospital redevelopment + health precinct,Australia,au,"Cairns, QLD",,,Hospital / healthcare,Extension,Planning / pre-tender,New,Queensland Health,,,,,,1000,AUD,250M+,,,,,Large,High,Schedule-critical vertical build,,,"Cure / Signal,Data Hub",In-situ frame,jeremy,reed,TBD,,MANUAL,https://app.notion.com/p/3b2a315b1b00812ba5f0e1d1dd6a9f77,,~$1bn+ programme. Master plan / staged. Clinical buildings.,__NO__,,,,
Barlow Park Stadium upgrade (Games),Australia,au,"Cairns, QLD",,,Stadium / arena / convention,Extension,Tender,New,Queensland Government,,,,,,,AUD,,,,,,Medium,High,Schedule-critical vertical build,,,"Cure / Signal,Data Hub",In-situ frame,jeremy,reed,TBD,,MANUAL,https://app.notion.com/p/3b2a315b1b00812ba5f0e1d1dd6a9f77,,"Games programme. Architect appointed, delivery. NEW 5,000-SEAT GRANDSTAND.",__NO__,,,,
Barron River Bridge replacement,Australia,au,"Cairns, QLD",,,Bridge / viaduct,Replacement,Planning / pre-tender,New,Transport and Main Roads,,,,,,,AUD,,,,,,Medium,High,Mass-concrete civils,,,"Cure / Signal,Data Hub",Culverts / ancillary structures,jeremy,reed,TBD,,MANUAL,https://app.notion.com/p/3b2a315b1b00812ba5f0e1d1dd6a9f77,,Planning/delivery. Bridge.,__NO__,,,,
Cairns Southern Access Corridor / Western Arterial,Australia,au,"Cairns, QLD",,,Highway / road,Widening / twinning,Main works / on site,New,Transport and Main Roads,,,,,,,AUD,,,,,,Medium,High,Mass-concrete civils,,,"Cure / Signal,Data Hub",Culverts / ancillary structures,jeremy,reed,TBD,,MANUAL,https://app.notion.com/p/3b2a315b1b00812ba5f0e1d1dd6a9f77,,Delivery. Bridges and pavement.,__NO__,,,,
Mount Peter PDA trunk infrastructure,Australia,au,"south of Cairns, QLD",,,Residential,New build,Groundbreaking / enabling works,New,Cairns Regional Council,,,,,,,AUD,,,,,,Large,Medium,Precast & batching supply,,,"Cure / Signal,Data Hub",Culverts / ancillary structures,jeremy,reed,TBD,,MANUAL,https://app.notion.com/p/3b2a315b1b00812ba5f0e1d1dd6a9f77,,"18,500 homes, staged. Civils.",__NO__,,,,
CopperString 2032 - Western Link,Australia,au,"Hughenden to Mount Isa, QLD",,,Power & transmission,New build,Groundbreaking / enabling works,New,Powerlink,,,,,,,AUD,,,,,,Large,Medium,Precast & batching supply,,,"Cure / Signal,Data Hub",Piling / foundations,jeremy,reed,TBD,,MANUAL,https://app.notion.com/p/3b2a315b1b00812ba5f0e1d1dd6a9f77,,Part of $3.2bn. Preparatory works. Substations and footings.,__NO__,,,,
Vecco Group integrated vanadium project,Australia,au,"Julia Creek / Richmond, QLD",,,Industrial / manufacturing,New build,Planning / pre-tender,New,Vecco Group,,,,,,,AUD,,,,,,Medium,Medium,Precast & batching supply,,,"Cure / Signal,Data Hub",Piling / foundations,jeremy,reed,TBD,,MANUAL,https://app.notion.com/p/3b2a315b1b00812ba5f0e1d1dd6a9f77,,"BFS stage, FID targeted late 2026. Process plant.",__NO__,,,,
BVS Gold Project,Australia,au,"west of Townsville / NWMP, QLD",,,Industrial / manufacturing,New build,Planning / pre-tender,New,,,,,,,1600,AUD,250M+,,,,,Medium,Medium,Precast & batching supply,,,"Cure / Signal,Data Hub",Piling / foundations,jeremy,reed,TBD,,MANUAL,https://app.notion.com/p/3b2a315b1b00812ba5f0e1d1dd6a9f77,,Part of ~$1.6bn. Prescribed project. Process plant.,__NO__,,,,
Mount Isa copper operations transition,Australia,au,"Mount Isa, QLD",,,Industrial / manufacturing,New build,Main works / on site,New,Glencore,,,,,,,AUD,,,,,,Medium,Medium,Precast & batching supply,,,"Cure / Signal,Data Hub",Piling / foundations,jeremy,reed,TBD,,MANUAL,https://app.notion.com/p/3b2a315b1b00812ba5f0e1d1dd6a9f77,,Ongoing. Process and foundations.,__NO__,,,,
Bruce Highway Upgrade & Targeted Safety Program,Australia,au,"SEQ to FNQ (statewide), QLD",,,Highway / road,Widening / twinning,Main works / on site,New,Transport and Main Roads,,,,,,9000,AUD,250M+,,,,,Large,High,Mass-concrete civils,,,"Cure / Signal,MixAI,Data Hub",Culverts / ancillary structures,jeremy,reed,TBD,,MANUAL,https://app.notion.com/p/3b2a315b1b00812ba5f0e1d1dd6a9f77,,"$9bn+ rolling programme, multiple packages. BRIDGES, CULVERTS, PAVEMENT. Individual packages typically exceed $40m.",__NO__,,,,
Inland Rail (Queensland sections),Australia,au,"Darling Downs / West Moreton / SEQ, QLD",,,Rail / metro,New build,Tender,New,ARTC,,,,,,5000,AUD,250M+,,,,,Large,High,Mass-concrete civils,,,"Cure / Signal,MixAI,Data Hub",Tunnel linings,jeremy,reed,TBD,,MANUAL,https://app.notion.com/p/3b2a315b1b00812ba5f0e1d1dd6a9f77,,"$5bn+. Procurement/early works. Tunnel, viaducts, bridges.",__NO__,,,,
CopperString 2032 (full programme),Australia,au,"North Queensland + North West, QLD",,,Power & transmission,New build,Main works / on site,New,Powerlink,,,,,,3200,AUD,250M+,,,,,Large,Medium,Precast & batching supply,,,"Cure / Signal,Data Hub",Piling / foundations,jeremy,reed,TBD,,MANUAL,https://app.notion.com/p/3b2a315b1b00812ba5f0e1d1dd6a9f77,,$3.2bn committed. Under way (Eastern Link). Substations and footings.,__NO__,,,,
