Name,General contractor/JV,JV / parents,Concrete subcontractor,Client,Location,Country,Region,Lat,Lng,Value,Project type,Work nature,Project stage,Concrete opportunity,Use case,Competitor present,Expected concrete start,Expected completion,Summary,Source,Status,Verified,Notice URL,AE,Notes,Enrich,Build contacts,Create deal,Fit,Fit profile,Fit reason,Fit dimensions,Product fit,Partner route,SDR,Value band,Notice ID
"HOCHTIEF - A59 Berliner Brückenzug - Duisburg, Germany","Hochtief-led ARGE, Hochtief Infrastructure GmbH as technical lead (share ~EUR145m of ~EUR450m). Parent: Hochtief AG (Essen), itself majority-owned by ACS (Madrid). Other ARGE members not published in sources found.",,"Not published. Hochtief Infrastructure self-delivers major bridge concrete works on comparable NRW schemes (Neuenkamp), so likely self-delivered within the ARGE — treat as inferred.",Die Autobahn GmbH des Bundes (federal). Duisburg city and Duisburger Hafen AG are affected stakeholders.,"A59 between Duisburg-Marxloh and the Duisburg interchange (A40/A59), crossing the Ruhr, the Rhein-Herne-Kanal and Duisburg harbour basin, Duisburg, NRW",Germany,eu,51.4497,6.7519,450,Bridge / viaduct,Replacement,Main works / on site,Large,"Mass concrete,Raft / substructure / basement",None identified,"Under way. Works began January 2026; first phase builds a new structure west of the existing bridge for southbound traffic before the existing complex is decommissioned and replaced, so the second phase of pours runs 2027-2029.",2029-12-31,"Replacement of the Berliner Brückenzug, five consecutive bridge structures of ~1.8km combined length carrying the A59 over the Ruhr, the Rhein-Herne-Kanal, a Duisburg harbour basin, a DB line and a city park. Includes widening ~2km of the A59 to six lanes and rebuilding the A40/A59 Duisburg interchange with new overpasses and connections. ~EUR450m, Hochtief-led JV, construction from January 2026 to late 2029, all under live traffic.",NEWS,New,__YES__,https://finance.yahoo.com/news/hochtief-led-jv-secures-529m-093221265.html,lisa,"NEXT ACTION (25 Aug 2026): enrich and build contacts at Hochtief Infrastructure Niederlassung West / Bauleitung Duisburg. CONFIRMED: Hochtief-led JV, ~EUR450m contract value, Hochtief share ~EUR145m, five structures ~1.8km, A59 widened to six lanes over ~2km, construction start Jan 2026, completion late 2029, client Autobahn GmbH. INFERRED: frame self-delivery within the ARGE, from Hochtief's pattern on Neuenkamp. NOT CONFIRMED: other ARGE member names; concrete volumes; no site-level project team indexed. Cross-reference: same Hochtief regional team is on Neuenkamp and A1 Leverkusen — treat as one account conversation, not three.",__YES__,__YES__,__NO__,High,Mass-concrete civils,"Five consecutive bridge structures totalling ~1.8km replaced as one contract, plus 2km of A59 widened to six lanes and a full A40/A59 interchange rebuild — substructure and deck pours repeat across five near-comparable bauwerke, so a cycle-time or striking-time saving multiplies rather than being a one-off. Construction started January 2026 against a late-2029 completion, which puts nearly the whole pour programme ahead. Traffic stays live throughout, so programme risk sits with the contractor and cycle time is commercially load-bearing.","Timing: HIGH — started Jan 2026, ~3.5 years of pours ahead, nothing locked in yet at deck level. Opportunity: HIGH — five repeating structures, deep foundations over water and a canal, plus interchange works. Access: MEDIUM — Hochtief is not a named Converge account and no incumbency is known, but Hochtief Infrastructure is concurrently running Neuenkamp and the A1 Leverkusen widening in the same region, so one entry serves three schemes. Coverage: HIGH — Continental Europe, Lisa, no territory conflict.","Cure / Signal,Data Hub,MixAI",Direct,reed,250M+,
"ARGE HOCHTIEF / MCE - A40 Rheinbrücke Duisburg-Neuenkamp, 2. Teilbauwerk - Duisburg, Germany","ARGE: Hochtief Infrastructure GmbH (technical lead), MCE GmbH (Linz, steel supply and erection), ZSB Zwickauer Sonderstahlbau, Plauen Stahl Technologie. Parents: Hochtief AG (Essen) / ACS; MCE sits under HABAU Group (Perg, Austria).",,Deck slabs and approach spans in Stahl-Beton-Verbund executed within the ARGE (Hochtief Infrastructure) — self-delivered.,Bund / Die Autobahn GmbH des Bundes; DEGES plans and delivers. Bauüberwachung: EHS beratende Ingenieure in Ingenieurgemeinschaft with BUNG and LAVIS.,"Rhine km 778.34, between Duisburg-Neuenkamp and Duisburg-Homberg/Rheinhausen, Duisburg, NRW",Germany,eu,51.4361,6.7211,,Bridge / viaduct,Replacement,Main works / on site,Medium,"Mass concrete,Raft / substructure / basement",None identified,"Under way and partly complete. Approach-span composite deck launched in two Taktkeller runs, north structure 532m longitudinal launch finished March 2026. Remaining: two 75m pylons plus free-cantilever deck over the Rhine, then transverse shift of the south structure. Gated by the steel erection sequence, not by concrete.",,"Second (north) structure of the replacement A40 Rhine crossing at Duisburg-Neuenkamp, alongside the first structure opened November 2023. 802m cable-stayed bridge, 380m main span, 68m wide, ~30,500t of steel across the scheme; Germany's longest-spanning cable-stayed bridge. Part of the eight-lane A40 widening between Duisburg-Homberg and Duisburg-Häfen. Completion reported as 2028, having slipped from 2026.",NEWS,New,__YES__,https://www.deges.de/projekte/projekt/a-40-ausbau-der-autobahn-und-ersatzneubau-der-rheinbruecke-duisburg-neuenkamp/,lisa,"NEXT ACTION (Sep 2026): treat as secondary to the A59 Berliner Brückenzug in the same Hochtief conversation rather than a separate pursuit. CONFIRMED: ARGE composition, 802m/380m/68m dimensions, ~30,500t steel, north structure launch of 532m complete March 2026, first structure opened Nov 2023, client Bund/Autobahn GmbH via DEGES. INFERRED: nothing material. NOT CONFIRMED: completion date — Wikipedia reports 2028 as of Aug 2026 against an original 2026 target, and no DEGES release confirming the revised date was found. No published capital value for the second structure alone, so Value left blank.",__YES__,__NO__,__NO__,Medium,Mass-concrete civils,"Germany's largest cable-stayed bridge — 802m long, 68m wide, 380m main span — being built a second time alongside the completed first structure. The composite deck on the approach spans is poured in Taktschieben segments, which is genuinely repeatable, and two 75m pylons remain to build. What pulls this down from High is sequence: the 532m longitudinal launch completed in March 2026 and the remaining work is dominated by pylon erection and Freivorbau steel over the river rather than by repeated concrete cycles. The concrete-led phase is largely behind.","Timing: MEDIUM — launch complete Mar 2026, pylons and free cantilever now, completion reported 2028; a meaningful share of pours already done. Opportunity: MEDIUM — large sections and segmental deck pours, but the remaining critical path is steel-led. Access: MEDIUM — same Hochtief Infrastructure regional team as A59 Berliner Brückenzug and A1 Leverkusen, so access earned on one carries to all three. Coverage: HIGH — Continental Europe, Lisa.","Cure / Signal,Data Hub",Direct,reed,,
"AUTOBAHN GMBH NL WESTFALEN - A45 Talbrücke Büschergrund - Freudenberg, Germany","Not yet appointed — in Vergabeverfahren as of Feb 2026. Client-side delivery body: Die Autobahn GmbH des Bundes, Niederlassung Westfalen (Direktorin Elfriede Sauerwein-Braksiek), Außenstelle Dillenburg.",,Unknown — depends on award. A45 replacements have gone to contractors that self-deliver Stahlbetonbau (e.g. HABAU on Rahmede).,"Die Autobahn GmbH des Bundes (federal), NL Westfalen","A45 Sauerlandlinie at Freudenberg-Büschergrund, Kreis Siegen-Wittgenstein, NRW",Germany,eu,50.8983,7.8836,,Bridge / viaduct,Replacement,PCSA / preconstruction,Medium,"Mass concrete,Raft / substructure / basement",None identified,Baustart targeted end of 2026 per Autobahn GmbH (Mar 2026 statement). Gated by conclusion of the ongoing Vergabeverfahren. Substructure pours would follow in 2027.,,"Six-lane replacement of the A45 Talbrücke Büschergrund at Freudenberg. No Planfeststellungsverfahren required — the Genehmigungsbeschleunigungsgesetz permits the replacement as a maintenance measure despite the widening from four to six lanes, which is why it is arriving earlier than expected. Vergabeverfahren under way as of February 2026; Autobahn GmbH stated in March 2026 that the Startschuss should fall at the end of the year.",NEWS,This week,__NO__,https://www.autobahn.de/aktuelles/aktuell/a45-drei-talbruecken-sind-fertig-freie-fahrt-zwischen-siegen-sued-und-wilnsdorf,lisa,"NEXT ACTION (Sep 2026): approach Autobahn GmbH NL Westfalen at programme level, not this bridge alone — target the Außenstelle Dillenburg and Hagen technical teams. CONFIRMED: six-lane Ersatzneubau, no Planfeststellung needed under the Genehmigungsbeschleunigungsgesetz, Vergabeverfahren open Feb 2026, Baustart targeted end 2026, client Autobahn GmbH NL Westfalen. INFERRED: nothing. NOT CONFIRMED: contractor (not yet awarded), contract value, bridge length and pour volumes. Programme context: 60 of the 73 A45 viaducts between Dortmund and Gießen are being replaced, 12 complete, 10 in build, programme runs to at least 2035.",__YES__,__YES__,__NO__,High,Mass-concrete civils,"The timing is the whole case. The scheme is in procurement now with a Baustart targeted for end of 2026, which is the moment before the method is locked — exactly where a monitoring spec gets written in rather than retrofitted. A Genehmigungsbeschleunigungsgesetz route lets it proceed as a maintenance measure without Planfeststellung even though it widens four lanes to six, so it will move faster than a normal award. Individually the pour volume is moderate, but it is one of ~60 A45 viaduct replacements running to 2035 under one client, and Autobahn NL Westfalen has already let 24 NRW bridges on funktionale Ausschreibung where offered construction time is a scored award criterion. That is the real prize.","Timing: HIGH — in Vergabe now, Baustart end 2026, method not yet fixed. Opportunity: MEDIUM — single viaduct, six-lane replacement, moderate volume on its own; HIGH when read as the entry point to the programme. Access: MEDIUM — no incumbency; route in is the client (Autobahn NL Westfalen) rather than a contractor, since the contractor is not yet known. Coverage: HIGH — Continental Europe, Lisa, no conflict.","Cure / Signal,Data Hub",Direct,reed,,
"AUTOBAHN GMBH NL WESTFALEN - A45 Talbrücke Ottfingen - Wenden, Germany","Not published in sources found. Client-side delivery body: Die Autobahn GmbH des Bundes, Niederlassung Westfalen.",,Unknown,"Die Autobahn GmbH des Bundes (federal), NL Westfalen","A45 at Ottfingen, Gemeinde Wenden, Kreis Olpe, NRW",Germany,eu,50.9711,7.87,,Bridge / viaduct,Replacement,Groundbreaking / enabling works,Medium,"Mass concrete,Raft / substructure / basement",None identified,Substructure works following the mid-2026 demolition of the first Teilbauwerk. Second phase follows completion and traffic transfer to the first new structure. No published pour dates.,,"Replacement of the 1971 A45 Talbrücke Ottfingen, 235m long, in the Kreis Olpe. Part of the six-lane widening between Freudenberg and Autobahnkreuz Olpe-Süd, which requires twelve bridge replacements. Baustraßen laid and asphalted; the first Teilbauwerk in the Frankfurt direction was blown in July 2026 at the second attempt. Two lanes per direction maintained throughout demolition and construction. New structure uses fewer piers than the existing one.",NEWS,New,__NO__,https://www.autobahn.de/planen-bauen/projekt/ersatzneubau-talbruecke-ottfingen,lisa,"CONFIRMED: 235m length, 1971 build year, part of a twelve-bridge section widening, enabling works complete, first Teilbauwerk demolished July 2026, two lanes per direction maintained throughout, fewer piers in the new structure. INFERRED: nothing. NOT CONFIRMED: contractor, contract value, pour programme dates. Handle inside the Autobahn NL Westfalen programme conversation rather than as a standalone pursuit.",__NO__,__NO__,__NO__,Medium,Mass-concrete civils,"235m replacement viaduct in the same A45 programme, one of twelve bridges to be replaced on the Freudenberg to Kreuz Olpe-Süd section. Enabling works are done, the first Teilbauwerk was blown in mid-2026 and the replacement pours are ahead, so timing is genuinely open. It sits at Medium rather than High only because no contractor is named in any source found, which leaves no route in on the delivery side — the access has to come through the client, and Büschergrund is the better-timed vehicle for that same conversation.","Timing: HIGH — first structure demolished mid-2026, substructure and deck pours ahead. Opportunity: MEDIUM — 235m, two-phase replacement, fewer piers than the existing structure. Access: LOW — no contractor published, no incumbency, no indexed project team. Coverage: HIGH — Continental Europe, Lisa.",Cure / Signal,Direct,reed,,
"MICROSOFT - Hyperscaler-Rechenzentrums-Cluster Rheinisches Revier - Bergheim / Bedburg / Elsdorf, Germany",Not published. Developer and employer is Microsoft Deutschland (Geschäftsführung: Agnes Heftberger). Grid connection delivered by Westnetz GmbH (Westenergie AG) which is building a new Umspannanlage in Bergheim. No general contractor named in any source found — this is the key gap on the record.,,Not published,"Microsoft Deutschland. Sites developed jointly by the Städte Bergheim, Bedburg and Elsdorf (INKA :terra nova, Bergheim; BEB61 at the A61, Bedburg).","Three sites: Gewerbegebiet INKA :terra nova, Bergheim-Paffendorf (~20ha); Gewerbegebiet BEB61 at the A61, Bedburg (18-50ha, figures differ by source); third site at Elsdorf (permits not yet issued)",Germany,eu,50.98,6.64,,Data centre,New build,Groundbreaking / enabling works,Large,"Raft / substructure / basement,Slabs / pavements",None identified,"Bergheim: under way — earthworks ran under a partial permit before the full Baugenehmigung was handed over on 12 March 2026, slab work follows. Bedburg: full permit issued 12 March 2026, build described as starting in Kürze. Elsdorf: permits not yet issued, gated by the approval process.",,"Microsoft hyperscale data centre cluster across three sites in the Rheinisches Revier west of Cologne — Bergheim (INKA :terra nova, ~20ha), Bedburg (BEB61 at the A61) and Elsdorf. Part of a EUR3.2bn Microsoft investment in German AI and cloud infrastructure, the majority of which goes to this cluster. The three sites are interconnected for resilience. Spatenstich 12 March 2026 with Bergheim and Bedburg permits handed over at the event; Elsdorf still awaiting approval. Around 20m building height, roughly three buildings per site under discussion. Westnetz is building a new Bergheim substation for the grid connection.",NEWS,This week,__NO__,https://news.microsoft.com/source/emea/2026/03/spatenstich-fuer-rechenzentrums-cluster-in-nordrhein-westfalen-microsoft-staerkt-die-digitale-infrastruktur-fuer-deutschlands-ki-zukunft/?lang=de,lisa,"NEXT ACTION (25 Aug 2026): resolve the general contractor — this is the highest-value open question in the whole NRW sweep. Try Bergheim/Bedburg Bauamt Bauantrag records, the Westnetz substation award, and German construction trade press (Baublatt, Der Bauunternehmer) for a GU announcement. CONFIRMED: three sites at Bergheim, Bedburg and Elsdorf; Spatenstich 12 Mar 2026; Bergheim and Bedburg Baugenehmigungen issued, Elsdorf outstanding; EUR3.2bn total German investment with the majority to this cluster; Westnetz building the Bergheim Umspannanlage; ~20m building height and ~3 buildings per site reported. INFERRED: slab repeatability and pour programme scale, from hyperscale typology rather than from published drawings. NOT CONFIRMED: general contractor (none published), construction value as distinct from total investment, hall counts and slab areas. Value deliberately left blank — EUR3.2bn is Microsoft's total German AI/cloud investment including plant and IT, not a construction figure, and writing it into Value would misrepresent it. Site areas conflict between sources for Bedburg (18ha in 2024 reporting, 50ha at the 2026 Spatenstich) — both recorded, neither used as fact.",__YES__,__YES__,__NO__,High,Schedule-critical vertical build,"Three hyperscale campuses built in parallel across ~40ha+ of ground slab and equipment foundations, with construction only just started — Spatenstich March 2026, permits for Bergheim and Bedburg handed over the same day. Hyperscale data halls are close to the ideal repeatability case: large, flat, near-identical slabs poured to a fixed hall grid, three buildings per site under discussion, and the whole thing on a hard commercial deadline because capacity has been publicly promised to named customers. Ground slabs and heavy equipment plinths carry real early-age and flatness risk. MixAI has a second, independent hook via Microsoft's published low-carbon construction commitments and the fact that the whole scheme is politically framed as the green successor to lignite.","Timing: HIGH — Spatenstich Mar 2026, Bergheim had only Erdarbeiten under partial permit before then, Elsdorf not yet permitted at all, so the bulk of slab work is ahead across all three. Opportunity: HIGH — 40ha+ of repeated hall slabs and plinths across three campuses, hard deadline. Access: LOW — no general contractor published anywhere, which is the single blocker on this record. Coverage: HIGH — Continental Europe, Lisa; no named-account conflict.","Cure / Signal,Data Hub,MixAI",Direct,reed,,
"PORR / IMPLENIA ARGE - thyssenkrupp tkH2Steel Direktreduktionsanlage - Duisburg-Walsum, Germany","SMS group GmbH (Mönchengladbach) holds the EPC contract for the plant (>EUR1.8bn). Spezialtiefbau and main foundations: ARGE PORR Spezialtiefbau (PORR AG, Vienna) with Implenia Spezialtiefbau (Implenia AG, Zurich). Planning: Drees & Sommer SE (Objekt- und Tragwerksplanung, TGA, Bauphysik, Infrastrukturplanung).",,"ARGE PORR Spezialtiefbau / Implenia — Frankipfähle, CMC soil improvement, one of the main base slabs for the 140m tower, plus a 14m-deep watertight excavation with 4,200m2 of Ortbeton-Schlitzwand enclosure.",thyssenkrupp Steel Europe AG. Funded with ~EUR2bn from the Bund and Land Nordrhein-Westfalen. Permitting authority: Bezirksregierung Düsseldorf.,"thyssenkrupp Steel works, Südhafen Duisburg-Walsum, between Alt-Walsum and Fahrn, Duisburg, NRW",Germany,eu,51.5333,6.7167,3000,Industrial / manufacturing,New build,Main works / on site,Medium,"Mass concrete,Raft / substructure / basement",None identified,"Largely complete for the main plant. Tiefbau began mid-2024; as of June 2026 foundations were reported prepared and stabilised with piles, Baustraßen laid and services routed. Remaining concrete sits in the ~60 ancillary buildings and in later tkH2Steel phases, which are not yet programmed publicly.",,"Hydrogen-capable direct reduction plant with two melters at thyssenkrupp Steel's Duisburg-Walsum works, replacing blast furnace capacity. 2.5 Mt/yr DRI capacity, avoiding a reported 3.5 Mt CO2 per year. ~EUR3bn total investment with ~EUR2bn of federal and NRW state support; SMS group holds a >EUR1.8bn EPC contract, the largest single order in its history. Site covers roughly 40 football pitches with 60+ structures; the main plant reaches ~140m. Vorzeitiger Baubeginn granted Jan 2024, main works from late 2024, DR tower erection from Feb 2026, commissioning from 2027.",NEWS,New,__YES__,https://www.porr.de/news-presse/mitteilungen/detail/porr-spezialtiefbau-baut-das-fundament-fuer-direktreduktionsanlage-fuer-thyssenkrupp-steel-in-duisburg,lisa,"NEXT ACTION (Sep 2026): keep warm via the PORR relationship rather than pursuing this phase — ask PORR Spezialtiefbau what is left and what the next tkH2Steel phase looks like. CONFIRMED: ARGE PORR Spezialtiefbau / Implenia holds Spezialtiefbau incl. Frankipfähle, CMC columns, a main base slab for the 140m tower, 14m excavation and 4,200m2 Schlitzwand enclosure; SMS group EPC >EUR1.8bn; Drees & Sommer planning; 2.5Mt capacity; ~EUR2bn public funding; foundations largely complete Jun 2026; tower erection from Feb 2026; commissioning 2027. INFERRED: remaining concrete scope in ancillary structures — no published breakdown. NOT CONFIRMED: programme for later tkH2Steel phases to 2045. Value note: EUR3bn is total project investment including plant and equipment, not a construction-only figure — do not quote it to a customer as a build cost.",__YES__,__NO__,__NO__,Medium,Mass-concrete civils,"One of Germany's largest industrial construction projects — 60+ structures on a site the size of 40 football pitches, a 140m tower on a piled main base slab, and a 14m-deep watertight excavation with diaphragm-wall enclosure. The access case is strong because PORR is one of Lisa's named accounts and PORR Spezialtiefbau holds the foundation package. The problem is sequence: Tiefbau started mid-2024, foundations were reported as largely complete and pile-stabilised by June 2026, SMS began erecting the DR tower in February 2026, and commissioning starts 2027. The heavy concrete is substantially behind. Kept as Medium rather than Low because tkH2Steel runs to 2045 with further DRI phases, and the PORR relationship is worth holding warm against those.","Timing: LOW — foundations largely complete by mid-2026, tower erection under way, commissioning from 2027. Opportunity: MEDIUM — very large in absolute terms and 60+ structures remain in various states, but the thick-section work is done. Access: HIGH — PORR is a named Lisa account and PORR Spezialtiefbau holds the foundation scope; Implenia is also live. Coverage: HIGH — Continental Europe, Lisa.","Cure / Signal,Data Hub,MixAI",Direct,reed,250M+,
"WNA DATTELN - Ersatzneubau Große Schleusen Wesel-Datteln-Kanal (Projekt W23) - Niederrhein / Kreis Wesel, Germany","Construction contractors not yet appointed at all three sites. Design is with an Ingenieurgemeinschaft of Sweco GmbH, WTM Engineers and GRBV Ingenieure, appointed 2023 for the lock and pumping-station replacements. Client-side delivery body: Wasserstraßen-Neubauamt Datteln (WNA Datteln), part of the Wasserstraßen- und Schifffahrtsverwaltung des Bundes.",,Not yet appointed,"Wasserstraßen- und Schifffahrtsverwaltung des Bundes, delivered by WNA Datteln. Named contact in public material: Michael Puhe, WNA Datteln.","Three lock sites on the Wesel-Datteln-Kanal between Friedrichsfeld (Wesel/Voerde) and Marl, NRW. Coordinates are for Hünxe as a mid-corridor reference — the project spans multiple sites.",Germany,eu,51.64,6.75,,Port / marine,Replacement,PCSA / preconstruction,Large,"Mass concrete,Raft / substructure / basement",None identified,"Not published. Design of the lock, lock bridge, forebay and pumping-station replacements at three sites has been under way since the 2023 appointment. Gated by completion of design and the construction tenders. Comparable WSV lock schemes have run up to eight years from construction start to commissioning.",,"Replacement of the Große Schleusen on the Wesel-Datteln-Kanal, part of BVWP 2030 project W23 (Ausbau des WDK bis Marl), classified Vordringlicher Bedarf - Engpassbeseitigung. The WDK is the most heavily trafficked waterway in Germany after the Rhine, carrying over 20,000 vessels a year through Friedrichsfeld and providing the only water supply route to the Marl chemical complex; it climbs more than 40m over 60km in six stages. Scope covers replacement locks, lock bridges, forebays and pumping stations at three sites, designed by Sweco with WTM Engineers and GRBV Ingenieure.",MANUAL,This week,__NO__,https://www.wna-datteln.wsv.de/Webs/WNA/WNA-Datteln/DE/Projekte/aktuelle_projekte/Wesel-Datteln-Kanal/Wesel-Datteln-Kanal.html,lisa,"NEXT ACTION (Sep 2026): approach WNA Datteln at programme level — they hold WDK W23, the DEK-Nord new locks and the DHK-Oststrecke locks simultaneously. Second approach to the Sweco/WTM/GRBV Ingenieurgemeinschaft as the specifying party. CONFIRMED: BVWP 2030 project W23 with Vordringlicher Bedarf - Engpassbeseitigung status, WNA Datteln as delivery body, Sweco/WTM/GRBV design appointment covering locks and pumping stations at three sites, WDK is 60km with six stages and >40m total lift, >20,000 vessels/yr at Friedrichsfeld, sole waterway supply to Marl chemical industry. INFERRED: repeatability benefit across the three chambers, from the shared design appointment. NOT CONFIRMED: construction contractors (none appointed), tender dates, pour programme, individual chamber dimensions. Value left blank — the EUR1.5bn figure in circulation is the ten-year Westdeutsches Kanalnetz action plan covering ~200 projects, not this scheme.",__YES__,__YES__,__NO__,High,Mass-concrete civils,"Lock chambers are among the purest mass-concrete cases there are — very thick walls and floor slabs, high consequence of cracking because the structure has to stay watertight for a century, and here the same design is being replaced at three sites by one client to one design team. That is repeatability in the strongest form: a thermal and early-age control regime proved at the first chamber transfers directly to the next two. Design is under way and construction contracts are not yet let, which puts this at the pre-award moment where a monitoring requirement can be written into the specification rather than sold to a contractor afterwards. WNA Datteln is simultaneously running lock replacements on the Dortmund-Ems-Kanal and the Datteln-Hamm-Kanal, so the client relationship reaches well beyond this one project.","Timing: HIGH — design phase, construction not yet tendered at the three sites; the spec-in window is open now. Opportunity: HIGH — three replacement lock chambers plus pumping stations and lock bridges, thick sections throughout, repeated design. Access: MEDIUM — no contractor to approach yet, so entry is via WNA Datteln and the Sweco/WTM/GRBV design team; both are addressable but neither is a warm account. Coverage: HIGH — Continental Europe, Lisa.","Cure / Signal,Data Hub,MixAI",Direct,reed,,
"WNA DATTELN - Neue Schleusen DEK-Nord, Schleuse Bevergern - Hörstel, Germany","Not published in sources found. Client-side delivery body: Wasserstraßen-Neubauamt Datteln (WNA Datteln), Wasserstraßen- und Schifffahrtsverwaltung des Bundes.",,Not published,"Wasserstraßen- und Schifffahrtsverwaltung des Bundes, delivered by WNA Datteln","Dortmund-Ems-Kanal at Bevergern, Stadt Hörstel, Kreis Steinfurt, NRW — north side of the alte Fahrt between Westfalenstraße and the kleine Schleuse Bergeshövede",Germany,eu,52.286,7.546,,Port / marine,Replacement,Groundbreaking / enabling works,Large,"Mass concrete,Raft / substructure / basement",None identified,"Lock construction proper from spring 2026 per WNA Datteln. Preparatory clearance on the north side of the alte Fahrt ran from November 2025. Commissioning could be up to eight years from start depending on approvals, water levels and supply chains.",,"Replacement of the 1916 Schleuse Bevergern on the Dortmund-Ems-Kanal at Hörstel, part of the Neue Schleusen DEK-Nord programme to remove capacity bottlenecks. The new chamber will take vessels up to 135m long and 11.45m wide. The existing small lock is demolished entirely during the first construction phase. Site clearance began November 2025; lock construction proper from spring 2026.",NEWS,New,__NO__,https://hoerstel-aktuell.de/rodungsarbeiten-fuer-den-neubau-der-schleuse/,lisa,"CONFIRMED: 1916 build year of existing lock, new chamber sized for 135m x 11.45m vessels, old lock fully demolished in phase one, clearance from Nov 2025, construction proper from spring 2026, WNA Datteln as delivery body, part of Neue Schleusen DEK-Nord. INFERRED: pour programme length, from the reported up-to-eight-year build durations on comparable WSV lock schemes. NOT CONFIRMED: contractor, contract value, chamber dimensions and concrete volumes. Handle within the WNA Datteln programme approach alongside the WDK Große Schleusen record rather than as a separate pursuit.",__YES__,__NO__,__NO__,High,Mass-concrete civils,"Replacement lock chamber sized for 135m x 11.45m vessels, with construction proper starting spring 2026 after site clearance from November 2025 — so essentially the entire pour programme is ahead. Thick watertight chamber walls and base slab give a strong thermal and early-age control case, and comparable WSV schemes run up to eight years from start to commissioning, meaning a long pour programme rather than a short one. It sits inside the Neue Schleusen DEK-Nord programme under the same WNA Datteln client as the WDK and DHK lock replacements, so the repeatability argument is across the programme rather than within this single chamber.","Timing: HIGH — clearance from Nov 2025, lock construction proper from spring 2026, multi-year pour programme ahead. Opportunity: HIGH — full replacement chamber, thick watertight sections, old 1916 lock demolished in phase one. Access: LOW — no contractor published; entry has to run through WNA Datteln. Coverage: HIGH — Continental Europe, Lisa.","Cure / Signal,Data Hub",Direct,reed,,
"WNA DATTELN - Ersatzneubau Schleusen Hamm und Werries, DHK-Oststrecke - Hamm, Germany","Not appointed. Client-side delivery body: Wasserstraßen-Neubauamt Datteln (WNA Datteln), Wasserstraßen- und Schifffahrtsverwaltung des Bundes.",,Not appointed,"Wasserstraßen- und Schifffahrtsverwaltung des Bundes, delivered by WNA Datteln","Datteln-Hamm-Kanal Oststrecke, km 35.7 to 47.19, entirely within the Stadt Hamm. Schleuse Hamm at DHK-km 36.98, Schleuse Werries at DHK-km 40.41.",Germany,eu,51.68,7.84,,Port / marine,Replacement,PCSA / preconstruction,Medium,"Mass concrete,Raft / substructure / basement",None identified,Not published. Gated by planning approval and funding release. Treat as a watch item and revisit when WNA Datteln publishes a construction programme for the Oststrecke.,,"Replacement of the Schleusen Hamm (built 1912-14, 86m usable length, 9.40m chamber width, 1.65m lift) and Werries (built 1930-33, 93m usable, 11.50m width, 5.30m lift) as part of the Datteln-Hamm-Kanal Oststrecke upgrade from km 35.7 to 47.19, entirely within the city of Hamm. The upgrade raises Abladetiefe from 2.50/2.70m to 2.80m by deepening the canal to 4.00m, with widening and bank adjustment in places, and replaces up to eight bridges. Listed in BVWP 2030 as vordringlicher Bedarf. The DHK carries ~8.3 Mt of freight a year.",MANUAL,New,__NO__,https://www.wna-datteln.wsv.de/Webs/WNA/WNA-Datteln/DE/Projekte/aktuelle_projekte/Datteln-Hamm-Kanal/Oststrecke/Oststrecke_node.html,lisa,"CONFIRMED: chamber dimensions and build years for both locks, DHK-Oststrecke extent km 35.7-47.19 within Hamm, target Abladetiefe 2.80m with 4.00m water depth, bridge replacement list, BVWP 2030 vordringlicher Bedarf status, ~8.3 Mt/yr freight on the DHK. INFERRED: nothing. NOT CONFIRMED: construction dates, contractors, designers, value. Timing caveat worth carrying into any conversation: Wikipedia noted in Apr 2026 that the responsible authority's information pages were partly still at Feb 2022 status, so published programme information on this section should be treated as unreliable rather than absent.",__NO__,__NO__,__NO__,Medium,Mass-concrete civils,"Two replacement lock chambers plus up to eight bridge replacements along an 11.5km canal section, all in one client's programme and all thick-section work. The 1912-14 Schleuse Hamm and the 1930-33 Schleuse Werries are both well past design life and are listed in BVWP 2030 as vordringlicher Bedarf. Two chambers in one section is real repeatability. It is a Medium rather than a High because the timing is genuinely unclear — the authority's own information pages were reported as partly still showing February 2022 status as of April 2026, which suggests the programme is not moving at the pace of Bevergern or the WDK works.","Timing: MEDIUM — BVWP priority and a defined scope, but no published construction dates and the client's own project pages appear stale as of Apr 2026. Opportunity: MEDIUM — two chambers plus up to eight bridge replacements, but smaller chambers than the WDK Große Schleusen. Access: LOW — no contractor, no design team identified in sources found; entry via WNA Datteln only. Coverage: HIGH — Continental Europe, Lisa.","Cure / Signal,Data Hub",Direct,reed,,
"STADT KÖLN / KVB - Ost-West-Achse Stadtbahntunnel - Köln, Germany","Not appointed — Innenstadt construction works are not expected to be tendered before mid-2028. Delivery organisations: Stadt Köln (Amt für Brücken, Tunnel und Stadtbahnbau; Amt für Straßen und Radwegebau) for the left-bank works, and Kölner Verkehrs-Betriebe AG (KVB) for the right-bank works including the existing-tunnel stations.",,Not appointed,"Stadt Köln and Kölner Verkehrs-Betriebe AG jointly. Mobility lead: Ascan Egerer, Beigeordneter für Mobilität.","Cologne city centre, tunnel between Heumarkt and Moltkestraße with underground stations at Heumarkt, Neumarkt, Rudolfplatz and Moltkestraße; plus surface works east and west",Germany,eu,50.9364,6.9472,,Tunnel,New build,PCSA / preconstruction,Large,"Tunnel linings,Mass concrete,Raft / substructure / basement",None identified,"Surface sections: West from mid-2026, East from mid-2027 per Stadt Köln planning. Innenstadt tunnel: tender not before mid-2028 following an approval process of about two years, execution from about mid-2029, explicitly conditional on the funding award for the overall measure.",,"Undergrounding of the Cologne Stadtbahn east-west axis between Heumarkt and Moltkestraße, with new underground stations at Heumarkt, Neumarkt, Rudolfplatz and Moltkestraße, to allow 90m trains in place of the current 60m on lines 1 and 7. The Rat decided for the tunnel variant on 3 April 2025 by 49 votes to 14 after years of parallel surface and tunnel planning. Provision is being designed in for later extensions under the Rhine towards Deutz and westwards past Universitätsstraße. Right-bank works include fire-safety upgrades and two new exits at existing tunnel stations from Deutz Technische Hochschule to Fuldaer Straße, plus step-free access at all 17 right-bank stops.",MANUAL,New,__NO__,https://ostwestachse.koeln/innenstadt,lisa,"NEXT ACTION (Q1 2027): revisit ahead of the Innenstadt tender window; too early to work now. CONFIRMED: Rat decision 3 Apr 2025 by 49-14 for the tunnel variant between Heumarkt and Moltkestraße; four underground stations; 90m train capacity target on lines 1 and 7; surface works West from mid-2026 and East from mid-2027; Innenstadt tender not before mid-2028 with execution from about mid-2029 subject to funding; provision designed in for a Rhine tunnel to Deutz and a westward extension; project split between Stadt Köln (left bank) and KVB (right bank). INFERRED: nothing. NOT CONFIRMED: no Baubeschluss has been taken as of the sources found, capital value, contractors, whether line 9 stays on the surface (a Prüfauftrag). Treat the tunnel as decided in principle but not yet committed to construction.",__NO__,__NO__,__NO__,Medium,Mass-concrete civils,"Four new underground stations and connecting tunnel beneath a dense historic city centre — deep excavations, diaphragm walls and thick base slabs, with real consequence attached to settlement and cracking given Cologne's history on the Nord-Sued Stadtbahn. The scope is large and the decision is made: the Rat voted 49-14 in April 2025 for the tunnel option. What holds it at Medium is that the Innenstadt works cannot be tendered until roughly mid-2028 after a two-year approval process, with execution from about mid-2029 and conditional on the funding award. The surface sections east and west start earlier, from mid-2026 and mid-2027. This is a spec-in opportunity on a long horizon, not a near-term pour.","Timing: LOW for the tunnel — tender mid-2028 at the earliest, execution from mid-2029, subject to funding; MEDIUM overall because the surface sections start from mid-2026 and mid-2027. Opportunity: HIGH — four underground stations, deep urban excavation, tunnel linings. Access: MEDIUM — client bodies are identifiable and publicly named, but there is no contractor and the specifying window is years out. Coverage: HIGH — Continental Europe, Lisa.","Cure / Signal,Data Hub,MixAI",Direct,reed,,
"DB INFRAGO - S11 Ausbau Köln Hauptbahnhof und Bahnhof Bergisch Gladbach - Köln, Germany","Not appointed — Planfeststellungsbeschlüsse only just received, Baustart still being planned. Client-side delivery body: DB InfraGO AG, Ausbau Knoten Köln (Projektleiter: Jens Schäfer).",,Not appointed,"DB InfraGO AG. Political sponsor: Ministerium für Umwelt, Naturschutz und Verkehr des Landes NRW (Minister Oliver Krischer).","Köln Hauptbahnhof, Breslauer Platz side, and Bahnhof Bergisch Gladbach, NRW",Germany,eu,50.9436,6.9594,,Rail / metro,Phase of larger scheme,Awarded - pre-start,Medium,"Slabs / pavements,Raft / substructure / basement",None identified,"Not yet published. Planfeststellungsbeschlüsse received August 2026; DB InfraGO stated it can now begin further preparations and plan the Baustart. Gated by staged Sperrpausen approvals, since much of the work cannot be done under live traffic.",,"Expansion of the S11 corridor at Köln Hauptbahnhof and Bergisch Gladbach station. At Breslauer Platz, DB InfraGO builds two new S-Bahn tracks and a new 215m island platform at 96cm height, so that trains towards Köln Hansaring use platforms 12/13 while the existing 10/11 platform serves Messe/Deutz, allowing two S-Bahns per direction to call simultaneously. Includes new escalators and lifts for step-free access, and a complete facade modernisation of NRW's largest station. Reduces the waiting times currently experienced on the Hohenzollernbrücke approach.",NEWS,New,__NO__,https://www.deutschebahn.com/de/presse/presse-regional/pr-duesseldorf-de/presseinformationen-regional/S-11-Gruenes-Licht-fuer-den-Ausbau-des-Koelner-Hauptbahnhofs-sowie-des-Bahnhofs-Bergisch-Gladbach-14009668,lisa,"NEXT ACTION (Q4 2026): watch for the Bauleistungen tender and identify the contractor. CONFIRMED: two Planfeststellungsbeschlüsse from the Eisenbahn-Bundesamt received Aug 2026; two new S-Bahn tracks and a 215m, 96cm-high island platform at Breslauer Platz; platform allocation change for Hansaring vs Messe/Deutz directions; new escalators and lifts; complete facade modernisation; Jens Schäfer leads Ausbau Knoten Köln at DB InfraGO. INFERRED: nothing. NOT CONFIRMED: contractor, capital value, construction start date, concrete volumes. Note that staged Sperrpausen approvals are still required and are called out by DB as a dependency.",__YES__,__NO__,__NO__,Medium,Schedule-critical vertical build,"Two Planfeststellungsbeschlüsse from the Eisenbahn-Bundesamt landed in August 2026, which is the gate that fixes the design and makes construction imminent — the project team's own framing is that they can now begin preparations and plan the Baustart. Scope includes two new S-Bahn tracks and a 215m island platform at Breslauer Platz plus lifts, escalators and a full facade renewal at NRW's largest station. The concrete content is moderate rather than large and the work is heavily constrained by possessions on a live station, which caps the cycle-time argument, but the timing is genuinely good and DB InfraGO's Knoten Köln programme is much bigger than this one measure.","Timing: HIGH — Planfeststellungsbeschlüsse received Aug 2026, preparations starting, Baustart being planned now. Opportunity: MEDIUM — new platform, tracks and station works; real but not mass concrete, and possession-constrained. Access: MEDIUM — DB InfraGO Knoten Köln team is publicly identified but no contractor is appointed. Coverage: HIGH — Continental Europe, Lisa.","Cure / Signal,Data Hub",Direct,reed,,
"ARGE HABAU / MCE / BICKHARDT BAU - A45 Talbrücke Rahmede - Lüdenscheid, Germany","ARGE HABAU Hoch- und Tiefbaugesellschaft m.b.H. (Stahlbetonbau, technical overall coordination) / MCE GmbH, Linz (complete steelwork) / Bickhardt Bau SE (earthworks and road construction). Parents: HABAU Group (Perg, Austria); Bickhardt Bau SE (Kirchheim, Germany).",,Self-delivered within the ARGE — HABAU held the Stahlbetonbau scope.,"Die Autobahn GmbH des Bundes, NL Westfalen","A45 Sauerlandlinie over the Rahmedetal, Lüdenscheid, Märkischer Kreis, NRW",Germany,eu,51.2361,7.6222,170,Bridge / viaduct,Replacement,Main works / on site,Small,Mass concrete,None identified,Complete. Deck slab of the second structure finished 11 August 2026; first structure opened to traffic 22 December 2025.,,"Replacement of the A45 Talbrücke Rahmede at Lüdenscheid, closed December 2021 after laser scanning found deformation in the superstructure and demolished by explosive May 2023. New 453m, ~70m high steel composite structure in two halves, ~7,000t of steel, ~EUR170m. Built by launching from both abutments simultaneously with the deck slab cast in sections by Pilgerschritt using a formwork carriage. First structure opened 22 Dec 2025, about six months ahead of the contract date; final deck section of the second structure cast 11 Aug 2026.",NEWS,Disqualified,__YES__,https://solidbau.at/news/habau-mce-talbruecke-rahmede-a45/,lisa,"Recorded as a reference case, not a pursuit. CONFIRMED: ARGE composition and role split, ~EUR170m contract sum, 453m length, ~70m height, ~7,000t steel, Taktschieben from both abutments, Pilgerschritt deck casting, demolition 7 May 2023, award 4 Jul 2023, official Baustart Oct 2023, first structure traffic release 22 Dec 2025, second Stahlhochzeit 14 Jan 2026, final deck section 11 Aug 2026, funktionale Ausschreibung with construction time as a scored criterion. INFERRED: nothing. NOT CONFIRMED: full-scheme completion date. Use in the Autobahn NL Westfalen programme conversation — it is the client's own showcase for fast delivery.",__NO__,__NO__,__NO__,Low,Mass-concrete civils,"Recorded for completeness rather than as a live opportunity — the pour programme is essentially finished. The final section of the second structure's deck slab was cast on 11 August 2026, the fourth and last structural closure on the project, and the first structure has been carrying traffic since December 2025. There is no meaningful concrete ahead. Its value to Converge is entirely as a reference case in conversations with Autobahn GmbH NL Westfalen and with HABAU: the scheme was let on a funktionale Ausschreibung where offered construction time was a scored criterion alongside price, and it delivered roughly half a year early. That is the argument for cycle-time tooling on the remaining A45 viaducts, told through a project the client is proud of.","Timing: LOW — final deck pour completed 11 Aug 2026, nothing significant left. Opportunity: LOW — programme essentially complete. Access: MEDIUM — HABAU and MCE both remain active in NRW, MCE on the Neuenkamp Rhine bridge. Coverage: HIGH — Continental Europe, Lisa.",Cure / Signal,Direct,reed,50-250M,
"GLASFASER RUHR - Neubau Rechenzentrum - Bochum, Germany","Not identified in sources found — procured as a schlüsselfertig design-and-build package via Verhandlungsverfahren, so a single GU will hold it. Client: GLASFASER RUHR GmbH & Co. KG, a municipally controlled undertaking within the ewmr group.",,Unknown,"GLASFASER RUHR GmbH & Co. KG (Bochum), municipally controlled","Bochum, NRW (exact site not stated in the notice). Coordinates are Bochum city centre as an approximation.",Germany,eu,51.4818,7.2162,,Data centre,New build,PCSA / preconstruction,Small,"Slabs / pavements,Raft / substructure / basement",None identified,Not published. Depends on conclusion of the Verhandlungsverfahren begun October 2025.,,"Planning and turnkey construction of a new data centre for GLASFASER RUHR in Bochum, procured via Verhandlungsverfahren (TED 671782-2025, published 13 Oct 2025). Requirements include redundant secure IT infrastructure, TÜV certification to EN 50600 VK3 SK3, and compliance with KRITIS and ISO 27001 requirements. CPV codes cover Bauarbeiten, Bau von Konstruktionen und baulichen Anlagen, and Rohbauarbeiten.",TED,New,__NO__,https://ted.europa.eu/de/notice/671782-2025/pdf,lisa,"Thin record by design — assessed from the TED notice only, nothing opened. CONFIRMED: procuring entity, Bochum location, turnkey design-and-build scope, EN 50600 VK3 SK3 / KRITIS / ISO 27001 requirements, CPV codes including Rohbauarbeiten, notice published 13 Oct 2025, Verhandlungsverfahren. INFERRED: that a single GU will hold the package, from the turnkey procurement route. NOT CONFIRMED: award status and winning contractor, value, floor area, programme, exact site within Bochum.",__NO__,__NO__,__NO__,Low,Schedule-critical vertical build,"Assessment rests on the TED notice alone — nothing was opened beyond the tender text. A single turnkey municipal data centre certified to EN 50600 VK3 SK3 with KRITIS and ISO 27001 requirements; Rohbauarbeiten appear in the CPV codes, so there is real structure, but a single regional data centre is an order of magnitude below the Microsoft cluster and there is no indication of repeatability or of a cycle-time-driven programme. Recorded so it is not missed rather than because it looks workable.","Timing: MEDIUM — notice published Oct 2025 via Verhandlungsverfahren; award status unknown as of this sweep. Opportunity: LOW — single building, modest scale on the evidence available. Access: LOW — no contractor identified, no relationship. Coverage: HIGH — Continental Europe, Lisa.",Cure / Signal,Direct,reed,,671782-2025
"ARGE TUNNEL HAUPTBAHNHOF - 2. S-Bahn-Stammstrecke, Westabschnitt - München, Germany","ARGE Tunnel Hauptbahnhof: Wayss & Freytag Ingenieurbau AG (Royal BAM Group), Ed. Züblin AG (STRABAG SE), Firmengruppe Max Bögl, BAUER Spezialtiefbau GmbH.",,Self-delivered within the ARGE; BAUER Spezialtiefbau holds the Spezialtiefbau and Schlitzwand scope.,"DB InfraGO AG. Gesamtprojektleiter: Kai Kruschinski-Wüst. Design support: DB Engineering & Consulting, SSF Ingenieure, ILF.","München Hauptbahnhof to Marienhof, including the western tunnel portal at Donnersbergerbrücke, München, Bayern",Germany,eu,48.1402,11.5586,865,Tunnel,New build,Main works / on site,Large,"Tunnel linings,Mass concrete,Raft / substructure / basement",None identified,Under way and continuing for a decade. Marienhof base slab (over 5m thick) being poured in 2026; first TBM drive on the 3km Erkundungs- und Rettungsstollen from September 2026; six TBMs in total across the project.,,"Western section of Munich's second S-Bahn trunk line: ~40m deep access structure at Hauptbahnhof in diaphragm-wall top-down construction, platform tunnels driven under compressed air within the live Hauptbahnhof track area, the western open-cut ramp structure, and two ~8.5m outside-diameter S-Bahn bores from Donnersbergerbrücke to Marienhof in single-shell segmental lining using two hydroshield machines. Four inner-city rescue shafts plus extensive special foundation and dewatering works. Lot value EUR865m. Overall project completion now 2035-2037.",NEWS,This week,__YES__,https://www.wf-ib.de/projekte/tunnelbau/bergmaennischer-tunnelbau/deutschland/s-bahn-stammstrecke-muenchen/,lisa,"NEXT ACTION (Sep 2026): approach via BAM parent relationship into Wayss & Freytag Ingenieurbau; secondary route via Bauer Spezialtiefbau. CONFIRMED: ARGE composition, EUR865m lot value, ~40m depth, twin 8.5m bores in single-shell Tübbing, four rescue shafts, six TBMs across the project, first TBM from Herrenknecht delivered and driving from Sep 2026, project completion 2035-2037, Marienhof base slab over 5m thick. INFERRED: nothing material. NOT CONFIRMED: concrete volumes, individual pour programme. Note the 2028 completion date on English Wikipedia is stale — DB's own December 2025 statement says 2035-2037.",__YES__,__YES__,__NO__,High,Mass-concrete civils,"Germany's deepest station box at ~40m in Schlitzwand-Deckelbauweise, two 8.5m bored tunnels from Donnersbergerbrücke to Marienhof, four rescue shafts and extensive Spezialtiefbau — and the programme now runs to 2035-2037, so almost all of it is ahead. The first TBM starts driving in September 2026. Deep diaphragm walls and thick base slabs under compressed air in Munich's mixed clay/silt/sand/gravel ground make early-age control genuinely consequential, and the repeated segmental lining plus repeated rescue-shaft structures give the repeatability that multiplies a saving. Four Tier 1 contractors in one ARGE — BAM, STRABAG, Max Bögl, Bauer — means one entry point reaches several target groups at once.","Timing: HIGH — first TBM drive starts Sep 2026, completion 2035-2037, the great majority of pours ahead. Opportunity: HIGH — deepest station in Germany, 40m diaphragm walls, twin bored tunnels, four rescue shafts. Access: MEDIUM — no incumbency known, but Wayss & Freytag sits under BAM, which is a named Lisa account, giving a warm parent route. Coverage: HIGH — Continental Europe, Lisa.","Cure / Signal,Data Hub,MixAI",Direct,reed,250M+,
"ARGE TUNNEL OSTBAHNHOF (IMPLENIA / HOCHTIEF) - 2. S-Bahn-Stammstrecke, Ostabschnitt - München, Germany","ARGE Tunnel Ostbahnhof: Implenia AG and HOCHTIEF Infrastructure GmbH, 50/50. Parents: Implenia AG (Opfikon, CH); Hochtief AG (Essen) / ACS.",,Self-delivered within the ARGE,DB InfraGO AG (Vergabeeinheit 733),"Marienhof to Ostbahnhof, including the Tiefbahnhof München-Ost, München, Bayern",Germany,eu,48.127,11.6046,,Tunnel,New build,Main works / on site,Large,"Tunnel linings,Mass concrete,Raft / substructure / basement",None identified,"Under way. Execution began June 2025, scheduled completion May 2033.",,"Eastern section of Munich's second S-Bahn trunk line, awarded as Vergabeeinheit 733 to a 50/50 Implenia/Hochtief ARGE in April 2025 at a high three-digit million euro value for the JV. Scope covers roughly 3km of two traffic tunnels plus a rescue gallery, the shell works of the Ostbahnhof stop, the Tiefbahnhof München-Ost and eight further structures. Execution June 2025 to May 2033.",NEWS,This week,__YES__,https://implenia.com/de-de/medien/artikel/arge-tunnel-ostbahnhof-erhaelt-zuschlag-fuer-ostabschnitt-der-2-s-bahn-stammstrecke-muenchen/,lisa,"CONFIRMED: ARGE Implenia/Hochtief 50/50, VE 733, award Apr 2025, value 'hoher dreistelliger Mio-Euro-Bereich' for the ARGE, ~3km twin tunnels plus rescue gallery, Tiefbahnhof München-Ost and eight further structures, execution Jun 2025 to May 2033. INFERRED: nothing. NOT CONFIRMED: exact contract value — recorded as a band only, Value left blank rather than estimated. Handle alongside the Hochtief NRW records as one account.",__YES__,__YES__,__NO__,High,Mass-concrete civils,"Roughly 3km of twin traffic tunnels plus a rescue gallery, the deep Ostbahnhof station box and eight further structures, awarded at a high three-digit million euro value to the ARGE. Execution began June 2025 and runs to May 2033, so essentially the whole programme is ahead. Same technical argument as the western lot — deep urban excavation, repeated lining, thick station slabs — with the added commercial point that Hochtief Infrastructure is simultaneously running the A59 Berliner Brückenzug and the Neuenkamp bridge in NRW and the Yexio data centre at Dorfen, so this is one thread of a much larger German account.","Timing: HIGH — works started Jun 2025, run to May 2033. Opportunity: HIGH — 3km twin tunnels, rescue gallery, deep station box, eight further structures. Access: MEDIUM — no incumbency, but Hochtief appears across four records in this German sweep, which makes it a portfolio conversation. Coverage: HIGH — Continental Europe, Lisa.","Cure / Signal,Data Hub,MixAI",Direct,reed,250M+,
"IMPLENIA - 2. S-Bahn-Stammstrecke, Haltepunkt Marienhof - München, Germany","Implenia AG (Marienhof station works, per Implenia's own project reference). Adjacent tunnel lots sit with ARGE Tunnel Hauptbahnhof and ARGE Tunnel Ostbahnhof.",,Self-delivered,DB InfraGO AG. Mined tunnel design by INGE-Partner ILF; pressure chamber and transition block designed by SSF Ingenieure.,"Marienhof, directly behind the Rathaus, north of Marienplatz, München-Altstadt, Bayern",Germany,eu,48.1385,11.5765,,Tunnel,New build,Main works / on site,Large,"Mass concrete,Raft / substructure / basement,Tunnel linings",None identified,"Under way. Grundsteinlegung held with the over-5m-thick base slab in production. Compressed-air chamber at level -3 for the connecting tunnel outer lining was due to be removed around August 2026, after which the inner lining proceeds under atmospheric pressure.",,"Central station of Munich's second S-Bahn trunk line, at roughly 40m depth beneath the Marienhof behind the Rathaus — the deepest station in Germany alongside Hauptbahnhof. Built in diaphragm-wall top-down construction on a site barely larger than the station footprint. 210m platforms with a 14.7m central boarding platform and 5m side alighting platforms (Spanish solution). Platform areas extend beyond the square and are driven bergmännisch under compressed air. A 91m connecting tunnel at ~27m depth links to the U3/U6 platforms at Marienplatz, with ~100 monitoring points and 20 dewatering wells controlling ground movement.",NEWS,This week,__NO__,https://implenia.com/de-de/referenzen/detail/ref/muenchen-haltepunkt-marienhof-1/,lisa,"CONFIRMED: ~40m depth, Schlitzwand-Deckelbauweise, base slab over 5m thick currently in production, 210m platforms with Spanish solution, 91m connecting tunnel at ~27m depth, ~100 monitoring points and 20 wells, compressed-air chamber at 0.8 bar removed on completion of outer lining expected Aug 2026, ILF and SSF as designers. INFERRED: nothing. NOT CONFIRMED: Implenia's exact contractual scope boundary against the adjacent tunnel lots — attributed from Implenia's own reference page, so treat the contractor attribution as reported rather than fully verified. No lot value published.",__YES__,__YES__,__NO__,High,Mass-concrete civils,"The single strongest thick-section case in the Bavarian sweep: the base slab now being poured is over five metres thick, at roughly 40m depth, in a box only marginally larger than the station footprint, surrounded by historic buildings and passing beneath two live U-Bahn tunnels. Heat of hydration in a 5m+ slab is a first-order problem rather than a refinement, and the platform tunnels are driven bergmännisch under compressed air with around 100 monitoring points already installed for ground movement. The client is already instrumenting heavily, which makes the conversation an extension of something they do rather than a new idea.","Timing: HIGH — base slab in progress 2026, inner linings and platform tunnels to follow, station part of a project running to 2035-2037. Opportunity: HIGH — 5m+ base slab, 40m depth, mined platform tunnels under compressed air. Access: MEDIUM — Implenia is reachable and also holds the Ostbahnhof lot and the Duisburg tkH2Steel foundations; no incumbency known. Coverage: HIGH — Continental Europe, Lisa.","Cure / Signal,Data Hub",Direct,reed,,
"STAATLICHES BAUAMT ERLANGEN-NÜRNBERG - NHR@FAU Hochleistungsrechenzentrum und Hörsaalzentrum - Erlangen, Germany",Not published. Client-side delivery body: Freistaat Bayern via the Staatsbauverwaltung; user is Friedrich-Alexander-Universität Erlangen-Nürnberg (President Prof. Dr. Joachim Hornegger).,,Not published,Freistaat Bayern (Bayerisches Staatsministerium für Wissenschaft und Kunst; Innenministerium as building authority),"NHR@FAU on the Erlanger Südgelände; Hörsaalzentrum on Henkestraße, Erlangen, Bayern",Germany,eu,49.574,11.028,500,Data centre,New build,Groundbreaking / enabling works,Medium,"Slabs / pavements,Raft / substructure / basement",None identified,From 2026 following the May 2026 Spatenstich. Hörsaalzentrum completion targeted for the early 2030s; NHR@FAU completion date not stated in sources found.,,"Twin groundbreaking in May 2026 at FAU Erlangen-Nürnberg for the Nordbayerisches Hochleistungsrechenzentrum (NHR@FAU) on the Erlanger Südgelände and a new Hörsaalzentrum on Henkestraße, with around EUR500m of combined investment. Both sit inside a roughly EUR2bn Bavarian state modernisation programme for FAU across this decade. The Hörsaalzentrum forms part of a new Geisteswissenschaftliches Zentrum and takes the Audimax, further lecture halls, the Experimentiertheater and the university's museum collections.",NEWS,New,__NO__,https://www.bayern.de/modernisierungsoffensive-an-der-fau-doppelter-spatenstich-fr-hrsaalzentrum-und-hochleistungsrechenzentrum/,lisa,"CONFIRMED: Spatenstich for both projects May 2026, ~EUR500m combined investment, ~EUR2bn wider FAU programme this decade, Hörsaalzentrum completion early 2030s, NHR@FAU part of the state AI strategy. INFERRED: HPC equipment foundation and vibration-sensitive slab requirements, from building typology rather than published drawings. NOT CONFIRMED: contractors, procurement route, NHR@FAU completion date, split of the EUR500m between the two buildings. Value recorded as the combined EUR500m figure and should be described that way, not as a single building.",__YES__,__NO__,__NO__,Medium,Schedule-critical vertical build,"Two state building projects broke ground together in May 2026 with around EUR500m of combined investment, inside a wider EUR2bn FAU modernisation programme running through this decade. The high-performance computing centre carries heavy equipment foundations and vibration-sensitive slabs; the lecture centre is a conventional but substantial frame. It is a Medium rather than a High because no contractor is published, the completion horizon on the lecture centre stretches to the early 2030s, and public university building in Bavaria tends to be let in trade packages rather than to a single GU, which fragments the sale. The EUR2bn programme behind it is the reason to keep it.","Timing: HIGH — Spatenstich May 2026, both buildings at the start of construction. Opportunity: MEDIUM — real frame and slab work, HPC equipment foundations, but not mass concrete. Access: LOW — no contractor published; entry via the Staatsbauamt. Coverage: HIGH — Continental Europe, Lisa.","Cure / Signal,Data Hub,MixAI",Direct,reed,250M+,
"DB INFRAGO - Brenner-Nordzulauf Neubaustrecke - Rosenheim / Inntal, Germany","Not appointed and years from appointment. Planning body: DB InfraGO AG, in coordination with ÖBB-Infrastruktur across the border. DB Konzernbevollmächtigter Bayern: Dieter Josel.",,Not appointed,Bundesministerium für Verkehr / DB InfraGO AG,"New line from Grafing bei München via east of Rosenheim to Kiefersfelden / Schaftenau (Tirol), through the Inntal, Bayern",Germany,eu,47.856,12.1289,16200,Rail / metro,New build,PCSA / preconstruction,Large,"Tunnel linings,Mass concrete",None identified,"Not before the early-to-mid 2030s on DB's own expectation, and only after Bundestag approval, Planfeststellung and probable litigation. Austrian side (Radfeld-Schaftenau) has Baubeginn 2030 and completion 2039 fixed in the ÖBB Rahmenplan 2027-2032.",,"German northern approach to the Brenner Base Tunnel: a roughly 70km new line from Grafing bei München past Rosenheim to Schaftenau in Tirol, of which about 30km would be in four tunnels, relieving the Rosenheim node and the 160-year-old Inntal alignment. Costs have grown to as much as EUR16.2bn. The Vorplanungsbericht went to the Bundestag with no binding schedule; parliamentary decision was expected in H1 2026. Completion is loosely aimed at around 2040, against a Brenner Base Tunnel opening in 2032.",NEWS,New,__YES__,https://www.brennernordzulauf.eu/projektueberblick.html,lisa,"Tracking record, not a pursuit. CONFIRMED: ~70km new line Grafing to Schaftenau, ~30km in four tunnels, up to EUR16.2bn, Vorplanungsbericht submitted to Bundestag with no Rahmenterminplan, budget not secured, DB expects Baurecht early 2030s, opponents have announced litigation, BBT opening 2032, Austrian Radfeld-Schaftenau section fixed for 2030-2039 in the ÖBB Rahmenplan, Austria seeking a binding German declaration by Q1 2028. INFERRED: nothing. NOT CONFIRMED: any German construction date. Value is the published cost ceiling for the whole scheme, not a construction award — do not quote it as a build value.",__NO__,__NO__,__NO__,Low,Mass-concrete civils,"Scale is enormous — a ~70km new line with around 30km in four tunnels through difficult ground in the Rosenheim basin, at up to EUR16.2bn — but this is precisely the failure mode the scoring guidance warns about: project size is not fit. There is no binding schedule at all. The Vorplanungsbericht submitted to the Bundestag carries no Rahmenterminplan for Planfeststellung, Baubeginn or Inbetriebnahme, the budget is not secured, DB expects Baurecht in the early 2030s with construction shortly after, opponents have announced litigation, and Austria is seeking a binding German commitment by Q1 2028 before starting its own section. Nothing is purchasable in the next year. Recorded so it is tracked, not worked.","Timing: LOW — no binding schedule, Baurecht expected early 2030s at the earliest, litigation announced. Opportunity: HIGH in the abstract — ~30km of tunnel and difficult ground. Access: LOW — no contractor, no procurement, planning only. Coverage: HIGH — Continental Europe, Lisa.","Cure / Signal,Data Hub,MixAI",Direct,reed,250M+,
"HOCHTIEF DATA CENTER CONSTRUCTION - Yexio Rechenzentrum Dorfen - Dorfen, Germany","HOCHTIEF Data Center Construction GmbH / HOCHTIEF Infrastructure GmbH (NL High-Tech Projects, Geschäftsführer Christoph Dümpelmann; NL Building München, Thomas Kirchberger). Development: HOCHTIEF Data Center Partner GmbH with Palladio Partners as investor. Operator: Yexio.",,"Not published. Note the building is a Massivholz (solid timber) structure, so structural concrete is limited to substructure, slabs and plinths.",Yexio (operator) / HOCHTIEF Data Center Partner GmbH with Palladio Partners. Heat offtake: Stadtwerke Dorfen.,"Gewerbegebiet Dorfen Südwest, Dorfen, Landkreis Erding, Bayern",Germany,eu,48.268,12.16,,Data centre,New build,Main works / on site,Small,"Slabs / pavements,Raft / substructure / basement",None identified,"Under way. Spatenstich 27 February 2026, commissioning planned mid-2027.",,"Third Yexio data centre, in the Dorfen Südwest business park in Landkreis Erding. Initial IT capacity 2MW expandable to 4MW, commissioning mid-2027. Built in solid timber to cut around 600 tonnes of CO2, with closed-loop water cooling and waste heat fed into the Stadtwerke Dorfen heat network. Delivered by HOCHTIEF Data Center Construction with Palladio Partners as investor.",NEWS,New,__YES__,https://www.stmwi.bayern.de/presse/pressemeldungen/82-2026/,lisa,"Thin record. CONFIRMED: Spatenstich 27 Feb 2026, 2MW initial capacity expandable to 4MW, commissioning mid-2027, Massivholz construction saving ~600t CO2, closed-loop water cooling, waste heat to Stadtwerke Dorfen, HOCHTIEF Data Center Construction and Palladio Partners, third Yexio site. INFERRED: limited concrete scope, from the timber structure. NOT CONFIRMED: contract value, slab areas, locations of the other two Yexio sites. The account thread — Hochtief's data centre arm and Yexio's rollout — is worth more than this project.",__YES__,__NO__,__NO__,Low,Low-carbon spec-in,"Small on concrete — 2MW initial capacity expandable to 4MW, and deliberately built in solid timber to cut around 600 tonnes of CO2, which removes most of the frame. What makes it worth recording is not the building but the counterparty: HOCHTIEF Data Center Construction GmbH is a dedicated data centre delivery arm with a repeatable product, and Yexio is on its third centre. A repeatable data centre programme with an explicit carbon commitment is exactly the MixAI profile, even though this individual shed is not.","Timing: MEDIUM — Spatenstich Feb 2026, commissioning mid-2027, so the slab work is current but short. Opportunity: LOW — 2MW, timber structure, limited concrete. Access: MEDIUM — Hochtief appears across four records in this German sweep; the data centre arm is a distinct and named entity with a repeat pipeline. Coverage: HIGH — Continental Europe, Lisa.",MixAI,Direct,reed,,
"PORTUS DATA CENTERS - Erweiterungsbau Rechenzentrum Kirchheim - Kirchheim bei München, Germany",Not published. Client and developer: Portus Data Centers München GmbH.,,Not published,Portus Data Centers München GmbH,"Kirchheim bei München, Landkreis München, Bayern",Germany,eu,48.172,11.75,100,Data centre,Phase of larger scheme,Main works / on site,Small,Slabs / pavements,None identified,"Under way since the September 2025 Spatenstich; completion early 2027, so structural work is likely well advanced or complete.",,"Extension of the existing Portus Data Centers facility at Kirchheim bei München. Roughly EUR100m investment adding about 2,200m2 and raising total connected IT load from 1.5MW to 7MW, focused on compute-intensive AI and HPC workloads. Spatenstich September 2025, completion early 2027.",NEWS,New,__NO__,https://www.stmwi.bayern.de/presse/pressemeldungen/363-2025/,lisa,"Thin record by design. CONFIRMED: ~EUR100m investment, ~2,200m2 additional area, load rising from 1.5MW to 7MW, AI/HPC focus, Spatenstich Sep 2025, completion early 2027. INFERRED: that structural works are well advanced, from the timeline. NOT CONFIRMED: contractor, structural scope, current progress.",__NO__,__NO__,__NO__,Low,Schedule-critical vertical build,"Assessment rests largely on the ministerial press release. A EUR100m extension adding roughly 2,200m2 and taking connected load from 1.5MW to 7MW, targeted at AI and HPC workloads, with completion in early 2027. Real but small: one extension building on an existing campus, no published contractor, and a short remaining programme. Recorded for completeness rather than as something to work.","Timing: LOW — Spatenstich Sep 2025, completion early 2027, so much of the structure is likely already up. Opportunity: LOW — ~2,200m2 extension. Access: LOW — no contractor published. Coverage: HIGH — Continental Europe, Lisa.",Cure / Signal,Direct,reed,50-250M,
"SIEMENS MOBILITY - Batteriesystemfabrik - Luhe-Wildenau, Germany",Not published. Client and developer: Siemens Mobility GmbH with unnamed partners.,,Not published,Siemens Mobility GmbH. Cell supply: Toshiba (SCiB).,"Luhe-Wildenau, Landkreis Neustadt an der Waldnaab, Oberpfalz, Bayern",Germany,eu,49.59,12.13,35,Industrial / manufacturing,New build,Main works / on site,Small,"Slabs / pavements,Raft / substructure / basement",None identified,Under way following the Spatenstich; completion spring 2027.,,"New battery systems factory for Siemens Mobility at Luhe-Wildenau in the Oberpfalz, producing around 120 MWh a year of traction batteries for BEMU trainsets such as the Mireo Plus B and Mireo Plus H, and potentially battery-electric freight locomotives. Roughly EUR35m invested with partners, 20,000m2, around 200 employees at full build-out, completion spring 2027. Cells supplied by Toshiba. The site already does battery system pre-assembly.",NEWS,New,__NO__,https://www.notebookcheck.com/Siemens-Mobility-baut-grosses-Akku-Werk-in-Bayern-fuer-200-Beschaeftigte.1109033.0.html,lisa,"Thin record, assessed from a single trade report. CONFIRMED: ~EUR35m investment with partners, 20,000m2, ~200 employees at full build-out, ~120 MWh/yr capacity, completion spring 2027, Toshiba cell supply, existing pre-assembly at the site. INFERRED: that the construction share of the EUR35m is modest, since the figure includes plant. NOT CONFIRMED: contractor, slab areas, construction value. Value recorded is total investment including equipment, not a build cost.",__NO__,__NO__,__NO__,Low,Schedule-critical vertical build,"A 20,000m2 industrial building with a EUR35m investment including plant — so the construction element alone is modest — completing spring 2027. Assessed from a single trade report. Large-area industrial floor slabs are genuine Cure/Signal territory and the site is an existing Siemens Mobility battery location being scaled up, but one shed at this value does not carry a cycle-time argument. Recorded rather than discarded.","Timing: MEDIUM — Spatenstich reported, completion spring 2027. Opportunity: LOW — 20,000m2 single building, EUR35m including equipment. Access: LOW — no contractor published. Coverage: HIGH — Continental Europe, Lisa.",Cure / Signal,Direct,reed,Under 50M,
"STRABAG / ZÜBLIN - Pfaffensteigtunnel, Gäubahn Nord - Stuttgart / Böblingen, Germany","STRABAG AG with group company Ed. Züblin AG, awarded May 2026 for several Vergabepakete: VP2 Tunnelbau by Ed. Züblin AG jointly with Wayss & Freytag Ingenieurbau AG, VP3 Erdbau by STRABAG, VP4 Konstruktiver Ingenieurbau by Ed. Züblin AG. Wider Partnerschaftsmodell Schiene alliance (Mehrparteienvertrag signed Nov 2023): Geoconsult, FCP, IC-Consulenten, Züblin, Wayss & Freytag, Strabag, Rhomberg, Swietelsky, Spitzke, Hörmann. Parents: STRABAG SE (Vienna); Wayss & Freytag under Royal BAM Group.",,Self-delivered within the alliance — Züblin holds both the tunnelling and the Konstruktiver Ingenieurbau packages.,DB Projekt Stuttgart-Ulm GmbH. Technical project lead for the airport connection: Robert Berghorn. STRABAG board sponsor: Jörg Rösler.,"From the Stuttgart Airport long-distance station east portal to the existing Gäubahn near the Sindelfingen-Ost junction, via Böblingen-Goldberg; main construction compound north of Stuttgart Airport and the A8",Germany,eu,48.69,9.19,1690,Tunnel,New build,Groundbreaking / enabling works,Large,"Tunnel linings,Mass concrete,Raft / substructure / basement",None identified,"Preparatory works under way since 9 February 2026 — 3ha of topsoil stripped, access roads, noise wall preparation and mobilisation of large drilling rigs north of Stuttgart Airport. Surface-section construction from July 2027 per STRABAG. Main tunnel lining follows the drive; no published pour dates.",,"Roughly 11km twin-bore single-track rail tunnel connecting the new Stuttgart Airport long-distance station to the existing Gäubahn towards Singen and Zurich, cutting airport journey time from about 22 to about 7 minutes. PFA 1 covers the ~10.8km mined section (Planfeststellungsbeschluss 22 Dec 2025); PFA 2 covers a ~300m cut-and-cover section plus ~3.5km of surface line to the Goldberg S-Bahn station. Federal funding EUR1.69bn, financing agreement signed 18 Dec 2025. STRABAG and Züblin awarded several construction packages May 2026 under the Partnerschaftsmodell Schiene multi-party contract. Commissioning targeted end 2032, with December 2033 given in June 2026 reporting.",NEWS,This week,__YES__,https://newsroom.strabag.com/en/press-releases/group/2026-05/strabag-wins-major-contract-for-the-construction-of-the-pfaffensteig-tunnel-in-germany,lisa,"NEXT ACTION (25 Aug 2026): open via the existing STRABAG account relationship — this is the warmest large-tunnel opportunity in Germany right now. Secondary route into Wayss & Freytag via BAM. CONFIRMED: STRABAG/Züblin award May 2026, package split (VP2 tunnelling Züblin + Wayss & Freytag, VP3 earthworks STRABAG, VP4 structural Züblin), full alliance partner list, Mehrparteienvertrag Nov 2023, EUR1.69bn federal budget and signed financing agreement Dec 2025, PFA 1 Planfeststellungsbeschluss 22 Dec 2025, ~10.8km mined plus ~300m cut-and-cover plus ~3.5km surface, preparatory works from 9 Feb 2026, surface construction from Jul 2027, twin bore single track each. INFERRED: repeatability benefit across the drive, from tunnel length and method. NOT CONFIRMED: commissioning date — end 2032 per DB and Jan 2026 coverage, Dec 2033 per Jun 2026 reporting; both recorded. One source estimates total cost at EUR1.9bn against the EUR1.69bn budgeted.",__YES__,__YES__,__YES__,High,Mass-concrete civils,"The best-timed large project in this sweep. An 11km twin-bore rail tunnel, EUR1.69bn financed and signed, Baurecht granted December 2025, preparatory earthworks started February 2026 and main tunnelling ahead — roughly 10.8km driven bergmännisch plus a 300m cut-and-cover section and 3.5km of surface line. Segmental and in-situ lining over that distance is repeatability at its strongest. Two further things make it unusual: STRABAG is a named Lisa account, so access is warm rather than cold; and it is the first DB megaproject delivered end-to-end under the Partnerschaftsmodell Schiene, a multi-party alliance contract where all partners share the outcome. In an alliance model a method improvement benefits everyone at the table rather than one contractor's margin, which removes the usual objection that a subcontractor carries no schedule risk.","Timing: HIGH — financing signed Dec 2025, Baurecht Dec 2025, preparatory works Feb 2026, main drive ahead, completion 2032-2033. Opportunity: HIGH — ~11km twin bore, 10.8km mined, thick linings, cut-and-cover section, surface structures. Access: HIGH — STRABAG is a named Lisa account; Züblin and Wayss & Freytag (BAM) both sit in Converge's target set. Coverage: HIGH — Continental Europe, Lisa.","Cure / Signal,Data Hub,MixAI",Direct,reed,250M+,
"STADT ULM - B10 Blaubeurer Tor-Tunnel und Wallstraßenbrücke - Ulm, Germany","Not named in the sources found. Procured under a partnerschaftliches Verfahren (alliance model) in which planners and contractor collaborate from an early stage — a contractor is therefore already engaged, but is not publicly identified. Client-side delivery body: Stadt Ulm.",,Not published,Stadt Ulm,"B10 at the Blaubeurer Tor and Wallstraße, Ulm, Baden-Württemberg",Germany,eu,48.405,9.975,,Tunnel,Replacement,Groundbreaking / enabling works,Medium,"Mass concrete,Raft / substructure / basement",None identified,Western half of the Wallstraßenbrücke from early 2026; Blaubeurer Tor tunnel construction from summer 2026 following demolition of the Blaubeurer Tor bridge. Tunnel traffic release end 2028; eastern bridge half in 2028; full bridge release summer 2029.,,"Renewal of the B10 in Ulm, the main north-south axis for Ulm and Neu-Ulm carrying up to 86,000 vehicles a day and linking the A8 to the north with the A7 via the B28 to the south. The Blaubeurer Tor bridge is replaced by a roughly 200m tunnel and the roundabout is converted into two signalised junctions; the Wallstraßenbrücke is rebuilt in two halves. Delivered under a partnerschaftliches Verfahren, a first for a project of this size in Baden-Württemberg.",NEWS,This week,__NO__,https://www.ulm.de/rathaus/stadtpolitik/ulm-baut-um/wallstrassenbruecke_blaubeurertortunnel,lisa,"NEXT ACTION (Sep 2026): identify the alliance contractor via Stadt Ulm — an alliance partner is already engaged but not publicly named, and that name is the whole route in. CONFIRMED: ~200m tunnel replacing the Blaubeurer Tor bridge, roundabout converted to two signalised junctions, tunnel construction from summer 2026 with traffic release end 2028, western Wallstraßenbrücke half from early 2026 and eastern half 2028 with full release summer 2029, up to 86,000 vehicles/day, first BW infrastructure project of this size in a partnerschaftliches Verfahren. INFERRED: nothing. NOT CONFIRMED: contractor, project value, concrete volumes.",__YES__,__YES__,__NO__,High,Mass-concrete civils,"Two substantial structures on a corridor carrying up to 86,000 vehicles a day, sequenced through to 2029: a roughly 200m cut-and-cover tunnel replacing the Blaubeurer Tor bridge, starting summer 2026, and a two-phase replacement of the Wallstraßenbrücke with the western half in 2026 and the eastern half in 2028. The two-half bridge replacement is directly repeatable — whatever is learned on the western half applies to the eastern half two years later. The strongest signal is the procurement route: this is the first infrastructure project of its size in Baden-Württemberg delivered in a partnerschaftliches Verfahren, with planners and contractor working together from early on, which is the same alliance logic that makes the Pfaffensteigtunnel attractive.","Timing: HIGH — tunnel construction starts summer 2026, western bridge half from early 2026, eastern half in 2028, programme runs to summer 2029. Opportunity: MEDIUM — ~200m cut-and-cover tunnel plus a two-phase bridge; substantial but not mass-concrete scale. Access: LOW — contractor engaged under the alliance but not publicly named; entry via Stadt Ulm. Coverage: HIGH — Continental Europe, Lisa.","Cure / Signal,Data Hub",Direct,reed,,
REGIERUNGSPRÄSIDIEN BW - Sanierungsprogramm Straßen und Brücken 2026 - Baden-Württemberg (statewide),"Multiple, let per measure; none published as a whole. Client-side delivery bodies: Regierungspräsidien Stuttgart, Karlsruhe, Freiburg and Tübingen under the Ministerium für Verkehr Baden-Württemberg (Minister Winfried Hermann).",,Various per measure,"Land Baden-Württemberg / Bund (for Bundesstraßen), via the Straßenbauverwaltung",Statewide across Baden-Württemberg; coordinates are Stuttgart as the administrative centre,Germany,eu,48.7758,9.1829,500,Bridge / viaduct,Replacement,Awarded - pre-start,Medium,"Mass concrete,Raft / substructure / basement",None identified,"Rolling through 2026 and beyond, per measure. Named example: Murr bridge replacement at Marbach am Neckar on the L1100 starts July 2026 as a 75-day precast pilot under full closure, ~EUR9.5m.",,"Baden-Württemberg's 2026 road and bridge maintenance programme, at roughly EUR500m the largest such spend in the state's history, covering ongoing and new measures with more than 310 further projects able to start. Focus is on damaged bridges, carriageways, retaining and noise walls, and cycle routes. The state's stated maxim remains maintenance before new build after 15 years of the Sanierungsoffensive. Includes an express-bridge pilot at Marbach am Neckar using precast construction to complete a replacement in 75 days.",MANUAL,New,__YES__,https://rps.baden-wuerttemberg.de/presse/artikel/500-millionen-euro-fuer-strassen-erhalt-im-land/,lisa,"Programme-level record — this is not a single project and should not be treated as one. CONFIRMED: ~EUR500m for 2026, largest maintenance spend in state history, 310+ further measures able to start, focus on bridges/carriageways/retaining and noise walls/cycle routes, Murr bridge Marbach L1100 pilot from Jul 2026 at ~EUR9.5m in 75 days precast under full closure, Minister Winfried Hermann. INFERRED: nothing. NOT CONFIRMED: individual measure list, contractors, concrete volumes. The Marbach precast pilot may be a better fit for the FieldAtlas/DfMA conversation than for Cure/Signal — worth flagging to Avi.",__NO__,__NO__,__NO__,Medium,Mass-concrete civils,"A programme rather than a project: around EUR500m in 2026, the state's largest ever maintenance spend, with more than 310 further measures starting, concentrated on damaged bridges, retaining walls and noise walls. Individually these are small; collectively they are a high-frequency stream of bridge replacements under four Regierungspräsidien, and the state is explicitly experimenting with accelerated methods — the Murr bridge at Marbach is a pilot built from precast elements in 75 days under full closure. That combination of volume, a single set of client bodies and an active appetite for speed is the reason to keep it. It is a Medium because there is no single counterparty, no single contract and no concentration of pour volume.","Timing: HIGH — 2026 programme announced, 310+ measures able to start. Opportunity: MEDIUM — high measure count, low volume per measure. Access: MEDIUM — four Regierungspräsidien are identifiable and centrally coordinated, but each measure is let separately. Coverage: HIGH — Continental Europe, Lisa.","Cure / Signal,Data Hub",Direct,reed,250M+,
LAND BADEN-WÜRTTEMBERG - Schnellbau-Initiative Hochschul- und Hochschulmedizinbau - Baden-Württemberg (statewide),"Not appointed; measures let individually. Client-side delivery body: Land Baden-Württemberg via the Staatsbauverwaltung, under the Ministerium für Wissenschaft, Forschung und Kunst (Ministerin Petra Olschowski). Ministerpräsident Cem Özdemir announced the initiative.",,Not appointed,Land Baden-Württemberg,Statewide across Baden-Württemberg university and university-hospital estates; coordinates are Stuttgart as the administrative centre,Germany,eu,48.7758,9.1829,750,Other,New build,PCSA / preconstruction,Medium,"Slabs / pavements,Raft / substructure / basement",None identified,From 2026 onwards as individual measures are let. Gated by the state building administration's procurement of each measure.,,"Baden-Württemberg's Schnellbau-Initiative for higher-education construction, with the cabinet agreeing the allocation of Sondervermögen funds on 7 July 2026. Around EUR750m of construction budget in university and university-medicine building in 2026, with an additional EUR315m available across 2026-2029 from federal special funds. Motivation includes both the modernisation backlog and, following a heatwave, improved crisis resilience in university hospital infrastructure.",NEWS,New,__YES__,https://www.baden-wuerttemberg.de/de/service/presse/pressemitteilung/pid/schnellbau-initiative-bringt-zusaetzlichen-investitionsschub,lisa,"CONFIRMED: cabinet allocation decision 7 Jul 2026, ~EUR750m 2026 higher-education construction budget, additional EUR315m for 2026-2029 from the Sondervermögen, named as a Schnellbau initiative, crisis-resilience motivation for university hospitals. INFERRED: nothing. NOT CONFIRMED: individual buildings, sites, contractors, procurement routes. Value recorded is the 2026 budget figure, not a single project. Revisit once specific measures are published.",__NO__,__NO__,__NO__,Medium,Schedule-critical vertical build,"Around EUR750m of university and university-hospital construction budget in 2026 alone, plus an additional EUR315m for 2026-2029 released from the federal Sondervermögen, and the initiative is explicitly named for speed — Schnellbau. A state that has just decided to build faster, with money attached and a defined four-year window, is a reasonable place for a cycle-time argument. It is a Medium because nothing is contracted yet, individual buildings are not named in the sources found, and public higher-education work is typically let in trade packages, which fragments who a saving actually accrues to.","Timing: HIGH — cabinet decision on allocation 7 July 2026, measures now being brought forward for 2026-2029. Opportunity: MEDIUM — substantial aggregate frame and slab work, but distributed across many buildings. Access: LOW — no contractors, no named buildings in the sources found. Coverage: HIGH — Continental Europe, Lisa.","Cure / Signal,MixAI",Direct,reed,250M+,
"DB PROJEKT STUTTGART-ULM - Stuttgart 21 Tiefbahnhof - Stuttgart, Germany",Multiple contractors across lots over the project's life; no single GC. Client-side delivery body: DB Projekt Stuttgart-Ulm GmbH.,,Various by lot,"DB Projekt Stuttgart-Ulm GmbH / Deutsche Bahn AG, with Land Baden-Württemberg, Stadt Stuttgart, Verband Region Stuttgart and Flughafen Stuttgart as project partners","Stuttgart Hauptbahnhof and associated tunnels, Stuttgart, Baden-Württemberg",Germany,eu,48.784,9.182,11000,Rail / metro,New build,Main works / on site,Small,Mass concrete,Not assessed — long-running project with established supply chain and incumbent monitoring arrangements likely in place,Substantially complete. Full commissioning postponed from end 2026 to 2027; some reporting suggests parts of the project not before 2030.,,"Conversion of Stuttgart's terminus station into an underground through-station with associated new lines and tunnels. Originally estimated at around EUR2.5-2.6bn, costs have risen above EUR11bn. Full commissioning has been pushed from end 2026 to 2027, with reporting suggesting some elements not before 2030. A court has ruled that DB must bear the additional costs alone.",NEWS,Disqualified,__NO__,https://eisenbahn.de/geramond-vgb/stuttgart-21-baurecht-fuer-den-pfaffensteigtunnel-erteilt_17969,lisa,"Context record, not a pursuit. CONFIRMED: cost growth from ~EUR2.5-2.6bn to over EUR11bn, full commissioning postponed from end 2026 to 2027, reporting of parts not before 2030, court ruling that DB bears the extra cost, platform hall under construction/complete. INFERRED: that little concrete remains, from the project stage. NOT CONFIRMED: precise remaining scope. Value is the total project cost, not an award. Use as background for the Pfaffensteigtunnel conversation — the two are formally separate but closely linked, and Stuttgart 21 is the reason DB is piloting alliance contracting on the tunnel.",__NO__,__NO__,__NO__,Low,Mass-concrete civils,"Recorded because it is the reference point everyone in the state uses, not because it is workable. The structure is substantially complete — the platform hall is built, full commissioning has slipped from end 2026 to 2027 with reports suggesting parts not before 2030, and delay is now about systems, testing and timetabling rather than concrete. There is no meaningful pour programme left. Its practical value to Converge is as context for the Pfaffensteigtunnel, which is formally separate but directly connected, and as a cautionary reference the client themselves invoke when arguing for the alliance model.","Timing: LOW — structure substantially complete, remaining delay is systems-driven. Opportunity: LOW — little concrete ahead. Access: LOW — mature project with an established supply chain. Coverage: HIGH — Continental Europe, Lisa.",Data Hub,Direct,reed,250M+,
"ENBW - Rudolf-Fettweis-Werk Umbau zum Pumpspeicherkraftwerk - Forbach, Germany","Not established in this sweep. Operator and client: EnBW Energie Baden-Württemberg AG (attribution from general knowledge of the site, not from a source opened here).",,Unknown,EnBW Energie Baden-Württemberg AG,"Forbach, Landkreis Rastatt, Murgtal, Baden-Württemberg",Germany,eu,48.68,8.34,,Other,Replacement,Main works / on site,Medium,"Mass concrete,Raft / substructure / basement",Not assessed,Not established. Requires research before this record is usable.,,Conversion of the Rudolf-Fettweis-Werk at Forbach in the Murgtal into a pumped-storage power plant. Referenced in German construction trade press as making progress; no detail established in this sweep.,MANUAL,New,__NO__,https://allgemeinebauzeitung.de/abz-thema/hochbau/grossbauprojekte,lisa,"LEAD, NOT A RECORD — verify before use. CONFIRMED: nothing beyond the existence of a conversion project at Forbach, from a trade-press index entry that was not opened. INFERRED: mass-concrete relevance from pumped-storage typology. NOT CONFIRMED: EnBW as client (attributed from general knowledge, not a source in this sweep), stage, contractor, value, cavern dimensions, programme. Next step is to open the allgemeinebauzeitung article and the EnBW project page before this is worked or quoted.",__NO__,__NO__,__NO__,Low,Mass-concrete civils,"Flagged as a lead rather than assessed as a project. Pumped-storage conversions involve underground caverns, shafts and thick water-retaining structures, which is genuine mass-concrete territory, but this record rests on a single trade-press index entry that was not opened, so nothing about stage, contractor, value or remaining scope is established. Banded Low on the honest basis that the assessment has no substance behind it yet, not because the project looks weak.","Timing: UNKNOWN — a trade-press item referred to progress, no dates established. Opportunity: MEDIUM on typology — caverns, shafts, water-retaining structures. Access: LOW — no contractor identified. Coverage: HIGH — Continental Europe, Lisa.",Cure / Signal,Direct,reed,,
"NIEDERSACHSEN PORTS - Liegeplätze 5-7 Offshore-Terminal - Cuxhaven, Germany","Not published. Client-side delivery body: Niedersachsen Ports GmbH & Co. KG (NPorts), Oldenburg.",,Not published,"Niedersachsen Ports GmbH & Co. KG, supporting the Stadt Cuxhaven. End users are on- and offshore wind industry operators including Siemens Gamesa, whose Cuxhaven plant adjoins the site.","Port of Cuxhaven, Deutsches Offshore-Industrie-Zentrum, Cuxhaven, Niedersachsen",Germany,eu,53.87,8.68,300,Port / marine,New build,Groundbreaking / enabling works,Large,"Mass concrete,Raft / substructure / basement,Slabs / pavements",None identified,"From 2026, with completion targeted 2029. Gated by the award of construction contracts, which are not published in the sources found.",,"Three new berths over roughly 1,250m of quay at Cuxhaven, plus around 38 hectares of heavy-load-capable port area designed for on- and offshore wind logistics, strengthening Cuxhaven's position as Germany's offshore industry centre. NPorts has EUR300m earmarked for the project. Construction from 2026, completion targeted 2029. Separately, NPorts is investing EUR82.5m across its sites in 2026, with berths 5-7 as the focus, alongside EUR153m of total 2026 port infrastructure investment and EUR69m of maintenance across the Lower Saxony seaports.",NEWS,This week,__YES__,https://www.nports.de/aktuelles-presse/pressemeldung/hafenentwicklung-cuxhaven-und-stade-2026,lisa,"NEXT ACTION (Sep 2026): approach NPorts directly and identify the construction procurement route for berths 5-7 — no contractor is published and the award is the thing to catch. CONFIRMED: ~1,250m quay, three berths, ~38ha heavy-load area, EUR300m earmarked by NPorts, construction start 2026, completion targeted 2029, offshore wind logistics purpose, Siemens Gamesa plant adjacent, NPorts 2026 investment of EUR82.5m with berths 5-7 as focus. INFERRED: repeated-pour benefit across three berths, from the shared design. NOT CONFIRMED: contractor, quay construction type, pour volumes, procurement dates. Note the EUR300m and EUR82.5m figures are different things — project allocation versus 2026 annual spend — and should not be conflated. Two different NPorts releases give EUR82.5m and EUR153m for 2026 investment; both recorded.",__YES__,__YES__,__NO__,High,Mass-concrete civils,"The strongest concrete case in Niedersachsen. Around 1,250m of new quay across three berths plus roughly 38 hectares of heavy-load-capable port surfacing, with construction starting 2026 and completion targeted 2029 — the whole programme is ahead. Quay structures are thick, marine-exposed and durability-critical, and 38ha of heavy-load pavement designed for offshore wind component loads is a very large repeated slab pour where flatness and early strength both matter. Three berths built in sequence to one design is exactly the repeatability the scoring guidance prizes. NPorts is also running Emden, Stade and Brake works concurrently, so the client relationship extends well past this project.","Timing: HIGH — construction start 2026, completion 2029, nothing poured yet. Opportunity: HIGH — ~1,250m of quay, three berths, ~38ha heavy-load surfacing. Access: LOW — no contractor published; entry via NPorts. Coverage: HIGH — Continental Europe, Lisa.","Cure / Signal,Data Hub,MixAI",Direct,reed,250M+,
"AUTOBAHN GMBH - A20 Küstenautobahn Abschnitt 1, Westerstede - Jaderberg - Ammerland / Wesermarsch, Germany","Not published in the sources found. Client-side delivery body: Die Autobahn GmbH des Bundes, which took over all Autobahn functions in Niedersachsen on 1 January 2021; NLStBV retains the Planfeststellung record.",,Not published,Die Autobahn GmbH des Bundes (federal),"A20 section 1, from the A28 at Westerstede to the A29 at Jaderberg, Landkreise Ammerland and Wesermarsch, Niedersachsen",Germany,eu,53.25,8.0,,Highway / road,New build,Awarded - pre-start,Medium,"Mass concrete,Raft / substructure / basement",None identified,Reported as starting in spring following the withdrawal of the legal challenge; the year is not stated explicitly in the source and is taken as 2026 from context. Verify before quoting to a customer.,,"First section of the A20 Küstenautobahn in Lower Saxony, running from the A28 at Westerstede to the A29 at Jaderberg. The Planfeststellungsbeschluss dates from April 2018 with an amending decision in February 2021, and has now become legally final following withdrawal of a legal challenge, clearing the way for construction to begin. Part of the wider A20/A26 Küstenautobahn programme, for which the Autobahn GmbH des Bundes has held all planning, construction, operation and financing responsibility across Lower Saxony's ~1,400 motorway kilometres since 1 January 2021.",NEWS,New,__NO__,https://www.strassenbau.niedersachsen.de/startseite/projekte/bundesautobahnen/a_20_a_26_projekt_kustenautobahn/,lisa,"CONFIRMED: section 1 runs A28 Westerstede to A29 Jaderberg, Planfeststellungsbeschluss Apr 2018 with Feb 2021 amendment, decision now bestandskräftig after a Klagerücknahme, construction start reported for spring, Autobahn GmbH responsible since 1 Jan 2021. INFERRED: the construction start year, taken as 2026 from context — the source does not state it explicitly. NOT CONFIRMED: contractor, contract value, structure count, pour programme. The A20 has a long history of litigation, so treat 'bestandskräftig' as applying to this section only.",__YES__,__NO__,__NO__,High,Mass-concrete civils,"A genuinely new-build motorway section where the Planfeststellungsbeschluss has become legally final after a legal challenge was withdrawn — that is the gate that turns a long-stalled scheme into an imminent one, and construction was reported as starting in spring. New motorway across the marshy Wesermarsch and Ammerland ground means substantial structures: bridges, culverts, retaining works and ground improvement. It scores High on timing and the clean start rather than on volume, since the concrete content of a rural motorway section is moderate. The A20 is a decades-long programme, so a first-section relationship carries forward.","Timing: HIGH — Planfeststellungsbeschluss bestandskräftig after withdrawal of the challenge, construction reported as starting in spring. Opportunity: MEDIUM — new-build motorway with multiple structures, but dispersed rather than concentrated. Access: LOW — no contractor published. Coverage: HIGH — Continental Europe, Lisa.","Cure / Signal,Data Hub",Direct,reed,,
"AUTOBAHN GMBH - A29 Grunderneuerung mit Ersatzneubau Huntebrücke - Oldenburg, Germany",Not published in the sources found. Client-side delivery body: Die Autobahn GmbH des Bundes.,,Not published,"Die Autobahn GmbH des Bundes, funded from the federal Sondervermögen Infrastruktur und Klimaneutralität","A29 over the Hunte at Oldenburg, including the L886 underpass (Bauwerk OL-Hafen), roughly 3km of carriageway per direction, Oldenburg, Niedersachsen",Germany,eu,53.16,8.22,104,Bridge / viaduct,Replacement,Main works / on site,Medium,"Mass concrete,Raft / substructure / basement",None identified,Second Teilbauwerk (Richtungsfahrbahn Osnabrück) works begin 2026. First Teilbauwerk (Richtungsfahrbahn Wilhelmshaven) deep foundations complete and pier construction under way. Huntebrücke completion Q1 2029; total programme roughly six years.,,"Full renewal of a roughly 3km section of the A29 at Oldenburg including replacement of the 1978 Huntebrücke and the 1976 L886 underpass (Bauwerk OL-Hafen). Both bridges are built as two separate Teilbauwerke, one per direction. Works began late 2023; demolition of the first Huntebrücke Teilbauwerk is complete, deep pile foundations for the first phase are finished and pier construction is under way. Second Teilbauwerk works start 2026. Total EUR104m, funded from the federal Sondervermögen, completion of the Huntebrücke Q1 2029.",MANUAL,This week,__YES__,https://www.autobahn.de/planen-bauen/projekt/huntebruecke,lisa,"CONFIRMED: ~3km section per direction, Huntebrücke (1978) and Bauwerk OL-Hafen (1976) both fully replaced, two Teilbauwerke each, works from late 2023, first Teilbauwerk demolition complete with pile foundations finished and piers under way, second Teilbauwerk from 2026, EUR104m total, Huntebrücke completion Q1 2029, ~6 year programme, Sondervermögen funded. INFERRED: nothing. NOT CONFIRMED: contractor — not named in the Autobahn project page, and that is the gap to close before working this.",__YES__,__YES__,__NO__,High,Mass-concrete civils,"A two-phase bridge replacement where the second phase starts in 2026 — which is the ideal position, because the first Teilbauwerk has already been demolished and rebuilt, so the contractor has direct, recent, measured experience of what the pour cycle costs them and the identical exercise is about to repeat. That is the cleanest possible repeatability argument: not a projection, but a rerun. Deep pile foundations on both banks of the Hunte and a second structure at the OL-Hafen underpass add substructure volume. EUR104m over a roughly six-year programme with completion of the Huntebrücke in Q1 2029.","Timing: HIGH — second Teilbauwerk works begin 2026, Huntebrücke completion Q1 2029, roughly half the programme ahead. Opportunity: MEDIUM — two bridges plus 3km of carriageway per direction; real but not mass-concrete scale. Access: LOW — no contractor published in the sources found. Coverage: HIGH — Continental Europe, Lisa.","Cure / Signal,Data Hub",Direct,reed,50-250M,
"NLSTBV - Zukunftsprogramm Infrastruktur Niedersachsen, Bauprogramm 2026 - Niedersachsen (statewide)","Multiple, let per measure. Client-side delivery body: Niedersächsische Landesbehörde für Straßenbau und Verkehr (NLStBV), President Timo Quander, under Verkehrsminister Grant Hendrik Tonne.",,Various per measure,Land Niedersachsen / Bund,Statewide across Niedersachsen; coordinates are Hannover as the administrative centre,Germany,eu,52.3759,9.732,170,Bridge / viaduct,Replacement,Awarded - pre-start,Medium,"Mass concrete,Raft / substructure / basement",None identified,Rolling through 2026 per measure. Regional examples: over 20 projects worth ~EUR11m in Ostfriesland; B4 Ostumgehung Lüneburg renewal from late March 2026.,,"Lower Saxony's 2026 road and bridge building programme under the banner '170 Mio. EUR | 200 km Straße | 8 Brücken', described by the state as the largest infrastructure offensive in its history and a roughly 40 percent increase in funding on previous years. Underpinned by EUR500m from the state's share of the federal Sondervermögen für Infrastruktur und Klimaschutz, allocated to Landesstraßen and bridges through to 2035 at EUR50m per year, combined with regular budget funds.",NEWS,New,__YES__,https://www.mw.niedersachsen.de/startseite/uber_uns/presse/presseinformationen/infrastruktur-offensive-170-mio-200-km-strasse-8-brucken-248572.html,lisa,"Programme-level record — not a single project. CONFIRMED: ~EUR170m for 2026, '200 km Straße, 8 Brücken' framing, ~40 percent funding increase, EUR500m Sondervermögen for Landesstraßen and bridges to 2035 at EUR50m/yr, Verkehrsminister Grant Hendrik Tonne, NLStBV President Timo Quander, Ostfriesland sub-programme of 20+ projects at ~EUR11m. INFERRED: nothing. NOT CONFIRMED: the eight bridges are not individually identified in the sources found — that list is the thing to obtain. One source gives EUR170m and another EUR165m for the 2026 Landesstraßen total; both recorded, difference not explained.",__NO__,__NO__,__NO__,Medium,Mass-concrete civils,"Around EUR170m in 2026 against a slogan of 200km of road and 8 bridges, a roughly 40 percent increase on previous years and described by the state as the largest infrastructure offensive in its history. Behind it sits EUR500m of Sondervermögen allocated to Landesstraßen and bridges through to 2035, at EUR50m a year. Eight bridges in one year under one client body is a modest but real repeated-structure stream, and the funding runs for a decade. It is a Medium because the individual measures are small, each is let separately, and much of the money goes to carriageway rather than structures.","Timing: HIGH — 2026 programme announced Feb 2026, measures starting through the year. Opportunity: MEDIUM — 8 bridges plus 200km of road; low volume per structure. Access: MEDIUM — NLStBV is a single identifiable client with regional Geschäftsbereiche, but lets measure by measure. Coverage: HIGH — Continental Europe, Lisa.","Cure / Signal,Data Hub",Direct,reed,50-250M,
"STAATLICHES BAUMANAGEMENT NIEDERSACHSEN - Marinearsenal Wilhelmshaven Neubauprogramm - Wilhelmshaven, Germany","Not published; measures let individually. Client-side delivery body: Staatliches Baumanagement Niedersachsen, under the Niedersächsisches Landesamt für Bau und Liegenschaften (NLBL), on behalf of the Bund.",,Not published,"Bundesrepublik Deutschland / Bundeswehr (Marine), via the Bundesanstalt für Immobilienaufgaben and the Staatliches Baumanagement Niedersachsen","Marinearsenal Wilhelmshaven, Niedersachsen",Germany,eu,53.51,8.14,,Other,Replacement,PCSA / preconstruction,Large,"Slabs / pavements,Raft / substructure / basement,Mass concrete",None identified,Rolling through to the end of the 2030s as individual measures are let. No specific dates published in the sources found.,,"Comprehensive rebuilding of the Marinearsenal at Wilhelmshaven, the German Navy's dockyard, running to the end of the 2030s. Around 55 existing buildings are to be demolished and numerous new buildings constructed. The Staatliches Baumanagement Niedersachsen describes it as unique in Germany. Sits alongside other large NLBL defence programmes including the Eurofighter stationing works at Wittmundhafen airbase, running to around 2032.",MANUAL,New,__NO__,https://www.nlbl.niedersachsen.de/startseite/bau/grossprojekte/,lisa,"CONFIRMED: ~55 buildings to be demolished, numerous new buildings, programme to the end of the 2030s, delivered by Staatliches Baumanagement Niedersachsen, described as unique in Germany, parallel Wittmundhafen Eurofighter programme to ~2032. INFERRED: repeated building types across the programme, from its scale — not from published drawings. NOT CONFIRMED: individual buildings, contractors, values, dates, procurement route. Practical caveat for any pursuit: defence sites carry clearance and access requirements that materially affect deployment of site-based systems — raise this early rather than discovering it late.",__NO__,__NO__,__NO__,Medium,Schedule-critical vertical build,"Described by the state building authority as unique in Germany: around 55 existing buildings demolished and numerous new ones built at the navy's dockyard through to the end of the 2030s. A rolling programme of that length under one client body with repeated building types is structurally attractive, and defence infrastructure funding is currently expanding rather than contracting. It sits at Medium rather than High for two reasons — nothing is published about individual buildings, contractors, values or dates, and defence sites bring security clearance and access constraints that make site-level deployment of any monitoring system slower and more complicated than a civil equivalent. Worth understanding early precisely because the procurement lead times are long.","Timing: MEDIUM — programme runs to the end of the 2030s, so individual buildings will come forward continuously, but nothing specific is dated. Opportunity: HIGH — 55 demolitions and numerous new buildings over more than a decade. Access: LOW — no contractors published, and defence-site access is a real constraint. Coverage: HIGH — Continental Europe, Lisa.","Cure / Signal,Data Hub",Direct,reed,,
"NIEDERSACHSEN PORTS - Sanierung Große Seeschleuse Emden - Emden, Germany",Not published. Client-side delivery body: Niedersachsen Ports GmbH & Co. KG (NPorts).,,Not published,Niedersachsen Ports GmbH & Co. KG,"Große Seeschleuse, Port of Emden, Niedersachsen",Germany,eu,53.34,7.18,,Port / marine,Replacement,Main works / on site,Medium,"Mass concrete,Raft / substructure / basement",None identified,Ongoing across a ten-year programme. Next published milestone is delivery of a reserve gate in autumn 2026 to secure lock operation in an emergency.,,"Ten-year refurbishment of the Große Seeschleuse at Emden. First works are complete; a reserve gate is due for delivery in autumn 2026 to keep the lock operable in an emergency. Part of NPorts' wider Lower Saxony seaport programme, which also includes a large-vessel berth at Emden to handle rising throughput.",NEWS,New,__NO__,https://www.nports.de/aktuelles-presse/pressemeldung/hohe-investitionen-und-neue-planungen-fuer-die-niedersaechsischen-seehaefen,lisa,"CONFIRMED: ten-year refurbishment programme, first works complete, reserve gate delivery autumn 2026, Emden large-vessel berth also in the NPorts programme. INFERRED: that most concrete is ahead, from the programme length. NOT CONFIRMED: contractor, value, work package breakdown, scope of concrete works specifically. Handle inside the NPorts account conversation alongside Cuxhaven berths 5-7 rather than as a separate pursuit.",__NO__,__NO__,__NO__,Medium,Mass-concrete civils,"A ten-year refurbishment of a large sea lock, with first works already complete and a reserve gate due for delivery in autumn 2026 to keep the lock operable in an emergency. Sea lock refurbishment is thick-section, marine-exposed, durability-critical work, and a ten-year horizon means the majority of it is still ahead. It is a Medium rather than a High because refurbishment concrete is more fragmented and less repeatable than new construction, nothing is published about the individual work packages, and the reserve-gate logistics suggest the programme is constrained by the need to keep the lock in service — which limits how much can be poured at once. Same NPorts client as Cuxhaven, so it strengthens that account rather than standing alone.","Timing: MEDIUM — ten-year programme, first works complete, most ahead but no dated packages. Opportunity: MEDIUM — large sea lock, thick marine sections, but refurbishment rather than new build. Access: LOW — no contractor published; entry via NPorts. Coverage: HIGH — Continental Europe, Lisa.","Cure / Signal,Data Hub",Direct,reed,,
"NLSTBV - B6 Ersatzneubau Brücke Salzgitter-Bad - Salzgitter, Germany",Awarded but not named in the sources found — tender published May/June 2025 with award expected by autumn 2025. Client-side delivery body: Niedersächsische Landesbehörde für Straßenbau und Verkehr (NLStBV).,,Not published,Land Niedersachsen / Bund (Bundesstraße),"B6 at Salzgitter-Bad, crossing two Kreisstraßen and the Salzgitter-Bad to Ringelheim railway, Salzgitter, Niedersachsen",Germany,eu,52.05,10.34,,Bridge / viaduct,Replacement,Groundbreaking / enabling works,Small,Mass concrete,None identified,"Following site clearance after demolition completed around April 2026. Utility diversions run to October 2026, which may gate parts of the work.",,"Replacement of the B6 bridge at Salzgitter-Bad, which carries the road over two Kreisstraßen and the Salzgitter-Bad to Ringelheim railway. Extensive utility diversions began mid-2025 and run to October 2026. The demolition and new-build contract was published around May/June 2025 with award expected by autumn 2025 and demolition from early 2026; demolition required rail possessions and night working. The old bridge was fully demolished by around April 2026 and the site is being prepared for the new structure, with the diversion route staying in use throughout.",MANUAL,New,__NO__,https://www.strassenbau.niedersachsen.de/startseite/projekte/bundesstrassen/b-6-abriss-und-neubau-der-brucke-bei-salzgitter-bad-231587.html,lisa,"Thin record. CONFIRMED: bridge crosses two Kreisstraßen and the Salzgitter-Bad to Ringelheim line, utility diversions from mid-2025 to Oct 2026, tender published ~May/Jun 2025 with award expected autumn 2025, demolition from early 2026 requiring rail possessions and night work, demolition complete by ~Apr 2026, diversion route remains active during the new build. INFERRED: nothing. NOT CONFIRMED: contractor name, contract value, new structure dimensions, pour dates. Use as a concrete talking point when approaching NLStBV about the wider 2026 Bauprogramm rather than as a standalone pursuit.",__NO__,__NO__,__NO__,Low,Mass-concrete civils,"A single Bundesstraße bridge over two minor roads and a railway. Demolition completed by around April 2026 and the site is being prepared for the new structure, so the pour programme is genuinely ahead — but this is one modest bridge with no repeatability and a contractor who is awarded but not publicly named. Recorded rather than discarded because it is a live NLStBV structure with the build still to come, and because it is a concrete example to raise when approaching NLStBV about the wider Bauprogramm.","Timing: HIGH — old bridge demolished, new build ahead. Opportunity: LOW — single modest bridge. Access: LOW — contractor awarded but not named publicly. Coverage: HIGH — Continental Europe, Lisa.",Cure / Signal,Direct,reed,,
"AUTOBAHN GMBH - A66 Riederwaldtunnel und Lückenschluss A66/A661 - Frankfurt am Main, Germany","Not published in any source found, despite main works having begun. Client-side delivery body: Die Autobahn GmbH des Bundes, Niederlassung West. Original Planfeststellungsbeschluss issued by the Hessian transport ministry on 6 February 2007.",,Not published,"Die Autobahn GmbH des Bundes (federal), with the Stadt Frankfurt am Main and VGF affected via the U4/U7 diversions","Corridor of the street Am Erlenbruch, Frankfurt-Riederwald, between the A66 at Bergen-Enkheim and the A661 Ostumgehung, Frankfurt am Main, Hessen",Germany,eu,50.133,8.725,1500,Tunnel,New build,Main works / on site,Large,"Tunnel linings,Mass concrete,Raft / substructure / basement",None identified,"Under way. Main works on the current ~340m section began end January 2026, covering the western tunnel forecourt and the west portal. The forecourt is a Grundwasserwanne within a watertight sheet-piled excavation, with soil replacement drilling ahead of sheet piling. First section to end 2028, then the east portal.",,"Largest inner-city construction project in Hessen: a 2.2km link closing the gap between the A66 at Frankfurt-Bergen-Enkheim and the A661 Ostumgehung, of which 1.1km runs as a twin-bore tunnel under the Riederwald district in the corridor of Am Erlenbruch. Includes the new Erlenbruch interchange (A66/A661), a new Borsigallee junction, and reconstruction of the Am Erlenbruch street with road, U-Bahn, footways and cycleways. Built in successive excavation boxes of about 200m each with road, tram, pedestrian and cycle traffic maintained throughout via a ring arrangement. Estimated EUR1.5bn, completion targeted end 2033.",NEWS,This week,__YES__,https://www.autobahn.de/planen-bauen/projekt/a-66-riederwaldtunnel,lisa,"NEXT ACTION (25 Aug 2026): identify the contractor — main works started end Jan 2026 and no source names the builder, which is unusual and worth a direct approach to Autobahn GmbH NL West or a check of vergabe.autobahn.de archives. CONFIRMED: 2.2km link, 1.1km twin-bore tunnel, ~200m excavation boxes, current section ~340m covering west forecourt and portal, main works began end Jan 2026, Grundwasserwanne with watertight sheet piling and soil replacement drilling, first section to end 2028 then east portal, U4/U7 to be diverted before the remaining tunnel length, ~EUR1.5bn, completion targeted end 2033, Planfeststellungsbeschluss 6 Feb 2007. INFERRED: repeated-pour benefit across the boxes, from the published construction method. NOT CONFIRMED: contractor, concrete volumes. Timing caveat: hessenschau also reports a further multi-year delay beyond 2033 not caused by environmental litigation — treat end 2033 as the official date, not a reliable one.",__YES__,__YES__,__NO__,High,Mass-concrete civils,"The construction method is the argument. A 1.1km twin-bore cut-and-cover tunnel built in a sequence of separate excavation boxes each around 200m long, with main works started end January 2026 and completion targeted end 2033 — so a long series of near-identical pours lies almost entirely ahead. That is repeatability in the strongest form the scoring guidance describes: what is learned on box one applies directly to every box after it. The western tunnel forecourt is a Grundwasserwanne, an open concrete trough below the water table inside a sealed sheet-piled excavation, which adds a genuine watertightness and early-age cracking case. At EUR1.5bn it is the largest inner-city construction project in Hessen, running under a live road and the U4/U7 metro lines with all traffic maintained, so programme risk sits squarely with the builder.","Timing: HIGH — main works began end Jan 2026, first section runs to end 2028, whole scheme to 2033. Opportunity: HIGH — 1.1km twin-bore tunnel in ~200m repeated boxes, groundwater trough, portal structures, new Erlenbruch interchange. Access: LOW — no contractor published anywhere despite works being live; this is the gap that has to close first. Coverage: HIGH — Continental Europe, Lisa.","Cure / Signal,Data Hub,MixAI",Direct,reed,250M+,
"CLOUDHQ - Rechenzentrums-Campus Industriepark Frankfurt Höchst - Frankfurt am Main, Germany","Not published. Developer and client: CloudHQ LLC (US), which also operates the FRA Campus Offenbach.",,Not published,CloudHQ LLC,"Industriepark Höchst, Frankfurt am Main, Hessen",Germany,eu,50.095,8.54,,Data centre,New build,Awarded - pre-start,Large,"Slabs / pavements,Raft / substructure / basement",None identified,"First construction phase set for 2026. Permits including 60 standby generators in the FRA03 section are secured and the substations that will power the campus are largely complete, so the enabling constraints are cleared.",,"New hyperscale data centre campus for CloudHQ in the Industriepark Höchst, Frankfurt. Three building blocks with a combined 276MW of IT capacity; the first construction phase is planned for 2026. CloudHQ states the necessary permits are in place, with approval for 60 standby generators in the FRA03 section cited as the key milestone and the substations supplying the campus largely complete. CloudHQ is already present in the German market with the FRA Campus Offenbach.",NEWS,This week,__NO__,https://www.datacenter-insider.de/cloudhq-plant-baustart-2026-fuer-campus-in-frankfurt-hoechst-a-f16919dcc0835a3c61579e103f3215d0/,lisa,"NEXT ACTION (Sep 2026): identify the general contractor and the German development lead at CloudHQ — the permit position suggests award is imminent or already made. CONFIRMED: three building blocks, 276MW combined IT capacity, first construction phase 2026, permits in place, 60 standby generators approved in FRA03, substations largely complete, CloudHQ also operates FRA Campus Offenbach. INFERRED: repeated slab pours across the three blocks, from hyperscale typology rather than published drawings. NOT CONFIRMED: general contractor, construction value, floor areas, phasing dates beyond 2026. Value left blank — 276MW is IT capacity, not a build cost, and no construction figure is published.",__YES__,__YES__,__NO__,High,Schedule-critical vertical build,"Three building blocks totalling 276MW of IT capacity on one campus, with permits secured and the first construction phase set for 2026. Three blocks built in sequence to one design across a single site is direct repeatability, and hyperscale data halls are large repeated slab pours where flatness and early strength both drive handover. Frankfurt is Germany's primary data centre market because of DE-CIX, so capacity is commercially time-critical — the developer is racing a market, not a plan. CloudHQ already operates the FRA Campus Offenbach, so a working relationship extends beyond this site. Permits are notably advanced: approval for 60 standby generators in the FRA03 section is secured and the substations are largely complete, which usually indicates the build is genuinely imminent rather than aspirational.","Timing: HIGH — permits in place, first construction phase 2026, nothing built yet. Opportunity: HIGH — three blocks, 276MW combined, hyperscale slab and plinth pours. Access: LOW — no contractor published; entry via CloudHQ's German development team. Coverage: HIGH — Continental Europe, Lisa.","Cure / Signal,Data Hub,MixAI",Direct,reed,,
"AUTOBAHN GMBH - Umbau Kirchheimer Dreieck A5/A7 - Kirchheim, Germany",Not published in the sources found. Client-side delivery body: Die Autobahn GmbH des Bundes.,,Not published,Die Autobahn GmbH des Bundes (federal),"Kirchheimer Dreieck, junction of the A5 and A7, Kirchheim, Landkreis Hersfeld-Rotenburg, Hessen",Germany,eu,50.83,9.54,,Highway / road,Replacement,Main works / on site,Medium,"Mass concrete,Raft / substructure / basement",None identified,"Ongoing in stages to 2030. 2026 work covers carriageways, ramps, bridges, noise protection walls and stormwater retention basins, with frequent changes of traffic management and three lanes maintained in each direction.",,"Staged reconstruction of the Kirchheimer Dreieck, where the A5 and A7 meet, continuing in sections until 2030. 2026 works cover route sections, ramps, bridges, noise protection walls and stormwater retention basins, with numerous changing traffic arrangements while maintaining three lanes in each direction.",NEWS,New,__NO__,"https://www.hessenschau.de/wirtschaft/a7-a66-und-mehr-was-die-autobahn-gmbh-2026-in-hessen-plant-v1,autobahnen-100.html",lisa,"CONFIRMED: staged reconstruction to 2030, 2026 scope covering routes, ramps, bridges, noise walls and retention basins, three lanes maintained each direction throughout. INFERRED: nothing. NOT CONFIRMED: contractor, contract value, structure count, how much of the programme remains. Worth a single call to Autobahn GmbH to establish remaining scope before deciding whether to work it.",__NO__,__NO__,__NO__,Medium,Mass-concrete civils,"A staged interchange reconstruction running to 2030 with 2026 work covering carriageways, ramps, bridges, noise walls and stormwater retention basins. Several structure types repeat across the programme, and four more years of phased work means a meaningful share is ahead. It sits at Medium because interchange reconstruction spreads modest concrete across many small structures rather than concentrating it, no contractor is published, and traffic must be maintained at three lanes each way throughout, which constrains how much can be poured in any window.","Timing: MEDIUM — staged works continue to 2030, so a real share is ahead but the programme started some time ago. Opportunity: MEDIUM — bridges, ramps, retaining and noise walls, retention basins; dispersed. Access: LOW — no contractor published. Coverage: HIGH — Continental Europe, Lisa.","Cure / Signal,Data Hub",Direct,reed,,
"AUTOBAHN GMBH - A661 Erneuerung Nieder-Eschbach bis Eckenheim - Frankfurt am Main, Germany",Not published in the sources found. Client-side delivery body: Die Autobahn GmbH des Bundes.,,Not published,Die Autobahn GmbH des Bundes (federal),"A661 between the Nieder-Eschbach and Eckenheim junctions, roughly 5km, northern Frankfurt am Main, Hessen",Germany,eu,50.19,8.67,,Highway / road,Replacement,Awarded - pre-start,Small,Mass concrete,None identified,"From March 2026, running to May 2027, with two lanes maintained towards Bad Homburg and towards Offenbach throughout.",,"Renewal of a roughly 5km section of the A661 between the Nieder-Eschbach and Eckenheim junctions in northern Frankfurt. Works start March 2026 and run to May 2027, with two lanes maintained in each direction throughout.",NEWS,New,__NO__,"https://www.hessenschau.de/wirtschaft/a7-a66-und-mehr-was-die-autobahn-gmbh-2026-in-hessen-plant-v1,autobahnen-100.html",lisa,"Thin record, assessed from a single regional news summary. CONFIRMED: ~5km section between Nieder-Eschbach and Eckenheim, start March 2026, completion May 2027, two lanes maintained each direction. INFERRED: that the works are predominantly pavement rather than structural, from the description as an Erneuerung with no structures listed. NOT CONFIRMED: contractor, value, whether any bridges or retaining structures are included.",__NO__,__NO__,__NO__,Low,Mass-concrete civils,"A roughly 5km carriageway renewal starting March 2026 and running to May 2027, with two lanes maintained in each direction. Assessed from a single regional news summary. Carriageway renewal is predominantly pavement rather than structural concrete, the programme is short, and no contractor or structure list is published — so there is little for Cure or Signal to attach to. Recorded because it is a live, dated, currently-starting A661 measure adjacent to both the Riederwaldtunnel and the planned Einhausung, and it is cheap to keep on the list rather than rediscover later.","Timing: HIGH — starts March 2026. Opportunity: LOW — carriageway renewal over ~5km, minimal structural concrete evident. Access: LOW — no contractor published. Coverage: HIGH — Continental Europe, Lisa.",Cure / Signal,Direct,reed,,
"DB INFRAGO - Fernbahntunnel und Tiefbahnhof Frankfurt Hauptbahnhof - Frankfurt am Main, Germany",Not appointed. Planning body: DB InfraGO AG / Deutsche Bahn.,,Not appointed,"Deutsche Bahn AG / DB InfraGO AG, with the Bund; project entered the Bundesverkehrswegeplan 2030 in 2018","Frankfurt Hauptbahnhof, connecting the approaches from Frankfurt Stadion and Hanau Hauptbahnhof, Frankfurt am Main, Hessen",Germany,eu,50.107,8.663,3600,Tunnel,New build,PCSA / preconstruction,Large,"Tunnel linings,Mass concrete,Raft / substructure / basement",None identified,Not before the 2030s. Preparatory ground and water investigation boreholes are under way now; the tunnel and station are to follow the current programme of works in and around the Hauptbahnhof.,,"Proposed long-distance rail tunnel and deep-level station beneath Frankfurt Hauptbahnhof, connecting the approaches from Frankfurt Stadion (Cologne and Mannheim lines) and Hanau Hauptbahnhof (Aschaffenburg and Fulda lines) without reversal, relieving a major bottleneck in the German network. Added to the Bundesverkehrswegeplan 2030 in 2018 and costed at around EUR3.6bn when presented in June 2021. Construction is to begin in the 2030s once other Hauptbahnhof works are complete, with tunnel and station completion targeted early 2040s. Exploratory boreholes to establish ground and water conditions are already running.",NEWS,New,__NO__,"https://www.hessenschau.de/wirtschaft/moderne-einkaufsmeile-im-hauptbahnhof-frankfurt-ab-mitte-2026-v1,hauptbahnhof-frankfurt-116.html",lisa,"Pipeline record, not a pursuit. CONFIRMED: entered BVWP 2030 in 2018, ~EUR3.6bn as presented June 2021, construction from the 2030s, completion early 2040s, exploratory boreholes under way, connects Frankfurt Stadion and Hanau approaches. INFERRED: nothing. NOT CONFIRMED: any firm date, contractor, procurement route, or whether the 2021 cost estimate still holds. Value is a 2021 estimate for a scheme not yet designed and should not be quoted as current.",__NO__,__NO__,__NO__,Low,Mass-concrete civils,"Enormous in scope — a through-tunnel and deep station relieving Germany's most constrained terminus, at around EUR3.6bn as costed in 2021 — but construction is not due to start until the 2030s with completion in the early 2040s. Only exploratory boreholes investigating ground and water conditions are under way. Nothing is purchasable inside a normal sales horizon, and the same 'size is not fit' caution applies here as to the Brenner-Nordzulauf. Recorded so the pipeline is visible and so the exploratory drilling phase is noticed, since ground investigation is often the point at which monitoring philosophy starts being framed.","Timing: LOW — construction from the 2030s, completion early 2040s. Opportunity: HIGH in the abstract — deep station and tunnel under a major city. Access: LOW — no contractor, no procurement. Coverage: HIGH — Continental Europe, Lisa.","Cure / Signal,Data Hub,MixAI",Direct,reed,250M+,
"STADT FRANKFURT - Einhausung A661 und Stadtteil der Quartiere - Frankfurt am Main, Germany","Not appointed. Promoting body: Stadt Frankfurt am Main (Stadtverordnetenversammlung resolution), in conjunction with Autobahn GmbH for the A661 works.",,Not appointed,Stadt Frankfurt am Main; A661 works fall to Die Autobahn GmbH des Bundes,"1.3km A661 Einhausung in eastern Frankfurt; new district east of the A5 in the north-west of the city, Frankfurt am Main, Hessen",Germany,eu,50.14,8.71,,Tunnel,New build,PCSA / preconstruction,Large,"Mass concrete,Raft / substructure / basement,Slabs / pavements",None identified,"Einhausung not before 2038 on the city's own reckoning, gated by completion of the A661 widening and the Riederwaldtunnel. New district: no programme published.",,"Frankfurt's city parliament approved two major projects in December 2025: covering a 1.3km stretch of the A661 in the east of the city with a green deck, and developing a new district, the Stadtteil der Quartiere, east of the A5 in the north-west. The Einhausung depends on the A661 widening and the Riederwaldtunnel and is not expected to deliver before 2038 at the earliest. The Hessian transport ministry cites the 1.6km A66 tunnel at Neuhof near Fulda, opened 2014, as the closest domestic comparator.",NEWS,New,__YES__,"https://www.hessenschau.de/politik/a661-und-neuer-stadtteil-planungen-fuer-frankfurter-grossprojekte-koennen-starten-v1,abstimmung-stadtplanung-frankfurt-100.html",lisa,"Pipeline record. CONFIRMED: Stadtverordnetenversammlung approval Dec 2025 for both projects, 1.3km Einhausung length, dependency on the A661 widening and Riederwaldtunnel, earliest delivery 2038, new district located east of the A5 in the north-west, A66 Neuhof tunnel cited as comparator. INFERRED: nothing. NOT CONFIRMED: values, designers, contractors, any programme for the new district. Revisit when the Riederwaldtunnel nears completion, since that is the stated gate.",__NO__,__NO__,__NO__,Low,Mass-concrete civils,"Two large Frankfurt schemes given political go-ahead in December 2025: a 1.3km covered section over the A661 and an entirely new city district east of the A5. Both are eventually very substantial concrete — a motorway lid is a long run of repeated heavy deck structures, and a new district is years of residential frames. But the city's own guidance is that the Einhausung will not deliver until 2038 at the earliest because it depends on the A661 widening and the Riederwaldtunnel completing first, and the new district has no programme published at all. This is a decision, not a project. Recorded to keep the pipeline visible and because the Einhausung is the far end of the same A661 corridor as the Riederwaldtunnel.","Timing: LOW — Einhausung not before 2038, dependent on the Riederwaldtunnel and A661 widening; new district undated. Opportunity: HIGH eventually — 1.3km of motorway lid plus a whole new district. Access: LOW — nothing procured, nothing designed. Coverage: HIGH — Continental Europe, Lisa.","Cure / Signal,MixAI",Direct,reed,,
"SENMVKU - Berliner Brückenprogramm, 17 Ersatzneubauten - Berlin (citywide)","Multiple, let per bridge; only the Ringbahn/Halenseestraße pair has a published contractor (HABAU/MCE). Client-side delivery bodies: Senatsverwaltung für Mobilität, Verkehr, Klimaschutz und Umwelt (SenMVKU) for city bridges; Die Autobahn GmbH des Bundes, NL Nordost, and DEGES for motorway structures.",,Various per bridge,"Land Berlin (SenMVKU) and Bund (Autobahn GmbH / DEGES), funded partly through the federal Sondervermögen and Berlin's SIWA",Citywide across Berlin; coordinates are Mitte as the administrative centre,Germany,eu,52.52,13.405,,Bridge / viaduct,Replacement,Main works / on site,Large,"Mass concrete,Raft / substructure / basement",None identified,Rolling from 2026 onward. Dated starts within the programme: Mühlendammbrücke from May 2026 in an accelerated procedure; Hellersdorfer Brücken from Q2 2026; Techowbrücke from Q4 2026; Schlossparkbrücke Pankow demolition from August 2026.,,"Berlin faces one of the largest renewal waves of its transport infrastructure in decades. Many bridges built in the 1950s, 1960s and 1970s have reached the end of their technical life and must be replaced or fundamentally renewed; the state plans investment through to 2040. Trade press identifies 17 major bridge new-build projects across the city, many built under live traffic, over railways, waterways or dense urban quarters. Structural risk is heightened because several structures contain the same Hennigsdorfer Spannstahl as the Dresden Carolabrücke, which collapsed in 2024.",NEWS,This week,__YES__,https://www.entwicklungsstadt.de/17-grossprojekte-fuer-berlins-bruecken-wo-die-hauptstadt-jetzt-milliarden-investiert/,lisa,"NEXT ACTION (25 Aug 2026): treat SenMVKU as an account, not a series of projects — one relationship covers a decade of bridge replacement. Obtain the full 17-project list. CONFIRMED: 17 major bridge new-builds identified, investment planned to 2040, large 1950s-70s stock at end of life, Hennigsdorfer Spannstahl present in several structures including Mühlendammbrücke, Autobahn GmbH NL Nordost has EUR63m of Berlin measures in 2026 within a EUR320m Berlin/Brandenburg/MV budget. INFERRED: aggregate repeatability across the programme, from the shared structure ages and types. NOT CONFIRMED: full project list with values, contractors for 16 of the 17. Programme-level record — individual high-value bridges are recorded separately.",__YES__,__YES__,__NO__,High,Mass-concrete civils,"Berlin is entering the largest renewal wave of its transport infrastructure in decades: 17 major bridge new-builds identified by trade press, a large stock of 1950s-70s structures at the end of technical life, and state investment planned through to 2040. That is a decade-plus stream of comparable structures under a small number of identifiable client bodies, which is the account-level version of the repeatability argument. Two specific accelerants make Berlin unusual. First, several bridges contain Hennigsdorfer Spannstahl, the prestressing steel implicated in the 2024 Dresden Carolabrücke collapse, so replacement is being treated as a safety imperative rather than a maintenance choice. Second, at least one replacement is explicitly being built in a beschleunigtes Verfahren, meaning the client has already decided speed is worth paying for.","Timing: HIGH — multiple bridges starting 2026, programme running to 2040. Opportunity: HIGH in aggregate — 17 major structures plus many smaller ones. Access: MEDIUM — client bodies are few and identifiable (SenMVKU, Autobahn GmbH NL Nordost, DEGES), but each bridge is let separately and only one contractor is published. Coverage: HIGH — Continental Europe, Lisa.","Cure / Signal,Data Hub,MixAI",Direct,reed,,
"SENMVKU - Ersatzneubau Mühlendammbrücke - Berlin-Mitte, Germany","Not published in the sources found. Client-side delivery body: Senatsverwaltung für Mobilität, Verkehr, Klimaschutz und Umwelt (SenMVKU).",,Not published,"Land Berlin, SenMVKU","Mühlendammbrücke over the Spree, historic centre of Berlin, Berlin-Mitte",Germany,eu,52.515,13.407,80,Bridge / viaduct,Replacement,Awarded - pre-start,Medium,"Mass concrete,Raft / substructure / basement",None identified,"From May 2026 under an accelerated procedure, with completion targeted 2028/2029.",,"Replacement of the 1968 Mühlendammbrücke over the Spree in Berlin's historic centre, described as the city's most critical bridge. It contains the same Hennigsdorfer prestressing steel as the Dresden Carolabrücke, which collapsed in 2024, and specialists classify it as at risk of collapse. The new structure is being built from May 2026 in an accelerated procedure with completion targeted 2028/2029, at around EUR80m. The bridge was long seen as the enabler for a future tram along Leipziger Straße.",NEWS,This week,__YES__,https://www.berliner-zeitung.de/article/milliarden-fuer-berlins-bruecken-das-sind-die-10-wichtigsten-baustellen-der-stadt-10236160,lisa,"NEXT ACTION (Sep 2026): identify the contractor — an accelerated May 2026 start means award has been made. CONFIRMED: 1968 structure, contains Hennigsdorfer Spannstahl as at Dresden Carolabrücke, classified as at risk of collapse, accelerated build from May 2026, completion 2028/2029, ~EUR80m, long regarded as enabler for a Leipziger Straße tram. INFERRED: nothing. NOT CONFIRMED: contractor, structural form of the replacement, pour programme. The accelerated procedure is the commercial hook and should lead any approach.",__YES__,__YES__,__NO__,High,Mass-concrete civils,"The clearest schedule-driven bridge in the sweep. The 1968 structure contains the same Hennigsdorfer Spannstahl as the Dresden Carolabrücke and is classified by specialists as at risk of collapse, so the replacement is being built from May 2026 in an explicitly accelerated procedure with completion in 2028/2029 at around EUR80m. When a client has publicly decided that speed is the governing criterion because the existing structure might fail, everything that shortens the pour-to-strike cycle is directly on the critical path rather than a marginal efficiency. It is a High despite modest volume for exactly that reason.","Timing: HIGH — accelerated build from May 2026, completion 2028/2029, whole pour programme ahead. Opportunity: MEDIUM — single Spree crossing in the historic centre; substantial but not mass-concrete scale. Access: LOW — no contractor published. Coverage: HIGH — Continental Europe, Lisa.","Cure / Signal,Data Hub",Direct,reed,50-250M,
"HABAU / MCE - Ersatzneubau Ringbahnbrücke und Halenseestraßenbrücke, Dreieck Funkturm - Berlin-Charlottenburg, Germany","HABAU Hoch- und Tiefbaugesellschaft m.b.H. with MCE GmbH (Linz), both HABAU GROUP companies. Same pairing as the A45 Talbrücke Rahmede and part of the A40 Neuenkamp ARGE.",,Self-delivered — HABAU holds the Stahlbetonbau scope on comparable German projects.,Die Autobahn GmbH des Bundes / DEGES (A100 Dreieck Funkturm),"Dreieck Funkturm, A100 at the Ringbahn and Halenseestraße crossings, Berlin-Charlottenburg",Germany,eu,52.501,13.28,,Bridge / viaduct,Replacement,Awarded - pre-start,Medium,"Mass concrete,Raft / substructure / basement",None identified,Not published in the source found. Contract awarded; construction to follow within the wider Dreieck Funkturm reconstruction.,,"New construction of the Ringbahn bridge and the Halenseestraße bridge at the three-way Funkturm junction on the Berlin Stadtautobahn, awarded to HABAU GROUP companies HABAU and MCE. Part of the wider A100 Dreieck Funkturm reconstruction, itself a component of the largest modernisation of the Berlin Stadtautobahn since reunification.",NEWS,This week,__NO__,https://www.habaugroup.com/en/News/habau-group-awarded-contract-for-new-construction-of-the-ringbahn-bridge-at-a-central-junction-in-berlin/,lisa,"NEXT ACTION (25 Aug 2026): open the HABAU GROUP account conversation across all three German records — Rahmede (reference), A40 Neuenkamp (live), and this. CONFIRMED: HABAU and MCE awarded the Ringbahn and Halenseestraße bridge new-builds at Dreieck Funkturm, both HABAU GROUP companies. INFERRED: self-delivery of the reinforced concrete scope, from HABAU's role split on Rahmede. NOT CONFIRMED: contract value, construction dates, structural form, bridge dimensions — the HABAU release found was brief. Worth fetching the full release and the DEGES Dreieck Funkturm project page before any approach.",__YES__,__YES__,__NO__,High,Mass-concrete civils,"The only Berlin bridge in this sweep with a named contractor, and the contractor is one Converge should already be tracking: HABAU and MCE, the same pairing that delivered the A45 Talbrücke Rahmede roughly six months early on a funktionale Ausschreibung and sits inside the A40 Neuenkamp ARGE. Two adjacent structures at one of Berlin's busiest motorway junctions, replaced under live traffic, gives a repeated-structure argument within the contract. The real value is portfolio: HABAU GROUP now appears on three separate German records in this sweep, which turns three project conversations into one account conversation with a firm that has already demonstrated it competes on construction time.","Timing: HIGH — contract awarded, construction ahead. Opportunity: MEDIUM — two adjacent bridges at a major junction; substantial but not mass-concrete scale. Access: HIGH — named contractor, and HABAU/MCE appear on two other German records in this sweep, so one relationship serves several. Coverage: HIGH — Continental Europe, Lisa.","Cure / Signal,Data Hub",Direct,reed,,
"DB INFRAGO - Reaktivierung Siemensbahn - Berlin-Spandau / Charlottenburg-Wilmersdorf, Germany",Not published in the sources found. Client-side delivery body: DB InfraGO AG.,,Not published,"DB InfraGO AG / Deutsche Bahn, with Land Berlin","Siemensbahn alignment through Siemensstadt, between Jungfernheide and Gartenfeld, Berlin-Spandau and Charlottenburg-Wilmersdorf",Germany,eu,52.54,13.27,,Rail / metro,Replacement,Awarded - pre-start,Large,"Mass concrete,Raft / substructure / basement",None identified,"Preparatory investigations from summer 2026, clearance along the alignment in autumn 2026 followed by main construction. Commissioning targeted end 2029, with a slip to 2030 currently regarded as possible.",,"Reactivation of the Siemensbahn S-Bahn branch through Siemensstadt. Scope includes complete renewal of track and signalling, repair or replacement of around 30 bridges, and step-free modernisation of the historic Wernerwerk, Siemensstadt and Gartenfeld stations. The listed steel viaduct is to be repainted in its original 1920s marine blue. Preparatory investigations begin summer 2026, clearance and main works from autumn 2026, commissioning targeted end 2029 with a slip to 2030 considered possible.",NEWS,This week,__NO__,https://www.entwicklungsstadt.de/verkehrsprojekte-berliner-westen-was-jetzt-gebaut-wird-und-was-noch-kommt/,lisa,"NEXT ACTION (Sep 2026): approach DB InfraGO Berlin ahead of the autumn 2026 main works start and establish the contractor. CONFIRMED: ~30 bridges to be repaired or replaced, full track and signalling renewal, three historic stations modernised step-free, listed steel viaduct to be repainted, preparatory investigations summer 2026, clearance autumn 2026 then main works, commissioning end 2029 with possible slip to 2030. INFERRED: single-contract repeatability across the bridges — the reporting does not confirm how the works are packaged, so verify before leaning on it. NOT CONFIRMED: contractor, value, per-bridge breakdown, packaging.",__YES__,__YES__,__NO__,High,Mass-concrete civils,"Around 30 bridges repaired or replaced on a single reactivated alignment, with preparatory investigations from summer 2026, clearance and main works from autumn 2026, and commissioning end 2029 or 2030. Thirty comparable structures under one client on one corridor with a fixed opening date is a strong repeatability case — this is a single contract environment rather than thirty separate procurements, so a method proven on the first structures transfers immediately. The listed steel viaduct and three historic stations add constraint but also raise the value of controlled, evidenced construction.","Timing: HIGH — preparatory work summer 2026, main works from autumn 2026, commissioning end 2029/2030. Opportunity: HIGH — ~30 bridges repaired or replaced, three station rebuilds, full track and signalling renewal. Access: LOW — no contractor published; entry via DB InfraGO Berlin. Coverage: HIGH — Continental Europe, Lisa.","Cure / Signal,Data Hub",Direct,reed,,
"SENMVKU - Ersatzneubau Elsenbrücke - Berlin-Friedrichshain / Treptow, Germany","Not published in the sources found. Client-side delivery body: Senatsverwaltung für Mobilität, Verkehr, Klimaschutz und Umwelt (SenMVKU).",,Not published,"Land Berlin, SenMVKU","Elsenbrücke over the Spree between Friedrichshain and Treptow, Berlin",Germany,eu,52.493,13.459,97.7,Bridge / viaduct,Replacement,Main works / on site,Medium,"Mass concrete,Raft / substructure / basement",None identified,Ongoing. North-western Teilbauwerk in service spring 2026; three lanes per direction to be available from summer 2026; remaining phases follow with traffic on temporary bridges.,,"Four-phase replacement of the Elsenbrücke over the Spree between Friedrichshain and Treptow, a notorious Berlin traffic bottleneck. Like the collapsed Dresden Carolabrücke it was built in prestressed concrete, with serious damage first identified in 2018. Traffic runs on temporary bridges during construction. The north-western Teilbauwerk entered service in spring 2026 and three lanes per direction should be available from summer 2026. Total cost EUR97.7m.",NEWS,New,__YES__,https://www.berliner-zeitung.de/article/milliarden-fuer-berlins-bruecken-das-sind-die-10-wichtigsten-baustellen-der-stadt-10236160,lisa,"CONFIRMED: four-phase replacement, prestressed concrete original with damage identified 2018, temporary bridges carrying traffic, north-western Teilbauwerk in service spring 2026, three lanes per direction from summer 2026, EUR97.7m total. INFERRED: that three comparable phases remain, from the four-phase structure and the completion of one. NOT CONFIRMED: contractor, phase-by-phase dates, completion date for the whole scheme. Same rerun argument as the A29 Huntebrücke in Niedersachsen — worth using the two together as a pattern.",__YES__,__NO__,__NO__,Medium,Mass-concrete civils,"A four-phase Spree crossing replacement at EUR97.7m where the north-western Teilbauwerk entered service in spring 2026 — so the contractor has just completed one phase and has three comparable ones ahead. That is the same structure of argument as the Oldenburg Huntebrücke: a measured rerun rather than a projection. It sits at Medium rather than High because roughly a quarter of the work is already behind, no contractor is published, and traffic runs on temporary bridges throughout, which constrains sequencing. Like the Mühlendammbrücke it is a prestressed concrete structure where damage emerged in 2018, so the underlying driver is structural risk.","Timing: MEDIUM — first of four phases complete spring 2026, three ahead. Opportunity: MEDIUM — major Spree crossing, EUR97.7m across four phases. Access: LOW — no contractor published. Coverage: HIGH — Continental Europe, Lisa.","Cure / Signal,Data Hub",Direct,reed,50-250M,
"SENMVKU - Ersatzneubau Hellersdorfer Brücken über die Wuhle - Berlin-Marzahn-Hellersdorf, Germany","Not published in the sources found. Client-side delivery body: Senatsverwaltung für Mobilität, Verkehr, Klimaschutz und Umwelt (SenMVKU).",,Not published,"Land Berlin, SenMVKU","Hellersdorfer Brücken over the Wuhle, Berlin-Marzahn-Hellersdorf",Germany,eu,52.535,13.59,,Bridge / viaduct,Replacement,Awarded - pre-start,Medium,"Mass concrete,Raft / substructure / basement",None identified,"From Q2 2026, with a construction period of roughly 1.5 to 2 years.",,"Replacement of two existing bridges over the Wuhle dating from 1968 and 1979 with a single combined Brückenzug of nearly double the width, around 20.9m against about 10m, providing safe cycle and pedestrian routes for the first time and meeting the requirements of the Berliner Mobilitätsgesetz. Executed as durable, low-maintenance reinforced concrete frame structures without bearings or expansion joints. Construction from Q2 2026 over roughly 1.5 to 2 years, modernising an important east-west link.",NEWS,New,__YES__,https://www.entwicklungsstadt.de/17-grossprojekte-fuer-berlins-bruecken-wo-die-hauptstadt-jetzt-milliarden-investiert/,lisa,"CONFIRMED: two existing bridges from 1968 and 1979 fully removed, replaced by one combined structure of ~20.9m width against ~10m, executed as Stahlbeton-Rahmenbauwerke without bearings or expansion joints, construction from Q2 2026 over ~1.5-2 years, designed to meet the Berliner Mobilitätsgesetz. INFERRED: heightened restraint and early-age relevance from the integral frame form — a technical inference from the published construction type, not a client statement. NOT CONFIRMED: contractor, value, pour programme.",__NO__,__NO__,__NO__,Medium,Mass-concrete civils,"Two bridges from 1968 and 1979 fully removed and replaced by a single combined structure of almost double the width, around 20.9m against about 10m, built as durable low-maintenance reinforced concrete frame structures without bearings or expansion joints. Construction starts Q2 2026 over roughly 18 to 24 months, so the whole pour programme is ahead. Integral frame construction without bearings concentrates the structural demand into monolithic pours where restraint and early-age cracking genuinely matter, which is a better technical fit than a conventional beam-and-bearing bridge. It stays at Medium because it is a single combined structure of modest size with no contractor published.","Timing: HIGH — construction from Q2 2026, 18-24 months, all pours ahead. Opportunity: MEDIUM — one combined structure ~20.9m wide; integral frame construction. Access: LOW — no contractor published. Coverage: HIGH — Continental Europe, Lisa.",Cure / Signal,Direct,reed,,
"DB INFRAGO - S21 Bauabschnitt 2, Hauptbahnhof - Potsdamer Platz - Berlin-Mitte, Germany",Not appointed. Planning body: DB InfraGO AG.,,Not appointed,"DB InfraGO AG / Deutsche Bahn, with Land Berlin","1.2km tunnel from Berlin Hauptbahnhof to Potsdamer Platz through the Regierungsviertel, Berlin-Mitte",Germany,eu,52.523,13.369,,Tunnel,New build,PCSA / preconstruction,Large,"Tunnel linings,Mass concrete,Raft / substructure / basement",None identified,Not published. DB InfraGO expects the Planfeststellungsbeschluss in 2026; commissioning is given only as the 2030s. Further sections beyond Potsdamer Platz to Yorckstraße and the Südring are not expected before the mid-2030s.,,"Second construction phase of Berlin's S21, a roughly 1.2km tunnel connecting Hauptbahnhof to Potsdamer Platz through the government quarter. The first phase opened as the S15 between Gesundbrunnen and Hauptbahnhof in June 2026 over a roughly 3.9km new alignment, after repeated delays. DB InfraGO expects the Planfeststellungsbeschluss for phase 2 in 2026 but gives only the 2030s for commissioning. Later phases to Yorckstraße and the Südring are regarded as technically complex and are not expected before the mid-2030s.",NEWS,New,__YES__,https://www.entwicklungsstadt.de/s-bahn-ausbau-in-berlin-diese-grossprojekte-veraendern-das-netz/,lisa,"Pipeline record. CONFIRMED: phase 1 opened as S15 Jun 2026 over ~3.9km, phase 2 is a ~1.2km tunnel Hauptbahnhof to Potsdamer Platz through the Regierungsviertel, Planfeststellungsbeschluss expected 2026, commissioning given only as the 2030s, later phases not before the mid-2030s. INFERRED: nothing. NOT CONFIRMED: any construction date, value, contractor. Watch for the Planfeststellungsbeschluss — that is the trigger to revisit.",__NO__,__NO__,__NO__,Low,Mass-concrete civils,"A 1.2km tunnel under the government quarter is genuinely large concrete, and DB expects the Planfeststellungsbeschluss in 2026 — but commissioning is given only as 'the 2030s', with later sections not before the mid-2030s and described as technically complex. Berlin's rail projects have a long record of slippage: the first S21 section opened in 2026 after repeated postponements from a plan that began decades earlier. Nothing here is purchasable in a normal horizon. Recorded so the pipeline stays visible and so the Planfeststellung is noticed when it lands, since that is the point at which procurement becomes foreseeable.","Timing: LOW — Planfeststellungsbeschluss expected 2026 but commissioning only 'the 2030s'. Opportunity: HIGH in the abstract — 1.2km tunnel under dense central Berlin. Access: LOW — no contractor, no procurement. Coverage: HIGH — Continental Europe, Lisa.","Cure / Signal,Data Hub",Direct,reed,,
"AUTOBAHN GMBH / DEGES - A100 17. Bauabschnitt, Treptower Park - Storkower Straße - Berlin, Germany",Not appointed. Promoting body: Bund via Die Autobahn GmbH des Bundes; DEGES involved in A100 delivery.,,Not appointed,Bundesrepublik Deutschland / Die Autobahn GmbH des Bundes,"A100 extension from Treptower Park to Storkower Straße, through Friedrichshain, Berlin",Germany,eu,52.49,13.47,1800,Highway / road,New build,PCSA / preconstruction,Large,"Mass concrete,Tunnel linings,Raft / substructure / basement",None identified,None published. Contested and undated.,,"Planned 17th construction phase of the A100, extending the Berlin Stadtautobahn from Treptower Park to Storkower Straße at around EUR1.8bn. Regarded as one of the most contested infrastructure projects in the capital because the alignment would run through densely built quarters in Friedrichshain. Sits alongside the wider A100 modernisation programme, described as the largest overhaul of the Berlin Stadtautobahn since reunification, which includes the Rudolf-Wissell-Brücke replacement, the Dreieck Funkturm reconstruction, the Breitenbachplatz bridge demolition starting early 2026, and tunnel refurbishments at Britz (EUR11.8m, 10/25-10/28) and Feuerbachstraße (06/26-10/26).",NEWS,New,__YES__,https://www.entwicklungsstadt.de/berlins-milliardenprojekt-a100-zwischen-abriss-verkehrschaos-und-modernisierung/,lisa,"Pipeline record with live adjacent work. CONFIRMED: ~EUR1.8bn for the 17th Bauabschnitt Treptower Park to Storkower Straße, described as among the most contested projects in Berlin, alignment through dense Friedrichshain quarters, A100 modernisation programme includes Rudolf-Wissell-Brücke, Dreieck Funkturm, Breitenbachplatz demolition from early 2026 over ~13 months, Britz tunnel technical upgrade EUR11.8m 10/25-10/28, Feuerbachstraße tunnel 06/26-10/26. INFERRED: nothing. NOT CONFIRMED: any construction date or procurement for the 17th Bauabschnitt. The live A100 work is the reason to hold this record, not the extension itself.",__NO__,__NO__,__NO__,Low,Mass-concrete civils,"A EUR1.8bn urban motorway extension through dense Friedrichshain would be very large concrete, but it is described as one of the capital's most contested infrastructure projects, has no construction date, and sits in a political environment where Berlin's own parties disagree on whether it should proceed at all. Nothing is procurable and the scheme may not survive. Recorded because it is too large to omit from a pipeline view, and because the adjacent A100 modernisation work — Rudolf-Wissell-Brücke, Dreieck Funkturm, Breitenbachplatz demolition, tunnel refurbishments — is real and live even though this extension is not.","Timing: LOW — no construction date, active political contest. Opportunity: HIGH in the abstract — EUR1.8bn urban motorway through dense city fabric. Access: LOW — nothing procured. Coverage: HIGH — Continental Europe, Lisa.","Cure / Signal,Data Hub,MixAI",Direct,reed,250M+,
"REGE HAMBURG - Köhlbrandquerung, Ersatzneubau Köhlbrandbrücke - Hamburg, Germany","Not appointed. Winning design team (selected June 2026): GRASSL, schlaich bergermann partner (sbp), WTM Engineers, gmp and PPL. Client-side delivery body: ReGe Hamburg, with the Behörde für Wirtschaft und Innovation and Hamburg Port Authority.",,Not appointed,Freie und Hansestadt Hamburg via ReGe Hamburg; Hamburg Port Authority as port infrastructure owner,"Köhlbrand crossing of the Süderelbe, connecting the eastern and western port areas, Hamburg",Germany,eu,53.5214,9.9394,,Bridge / viaduct,Replacement,PCSA / preconstruction,Large,"Mass concrete,Raft / substructure / basement",None identified,"Not published. Design selected June 2026; construction procurement to follow. Current completion target is the end of the 2030s, but the port industry is pressing hard for acceleration after the May 2026 weight restriction.",,"Replacement of the 1974 Köhlbrandbrücke, the most important road link in the Port of Hamburg, connecting the eastern and western port areas. The existing 3,618m cable-stayed bridge with a 325m main span has reached its technical limits; from May 2026 permit-requiring heavy transports over 44 tonnes are banned. After long debate over a tunnel, the Senate settled on a new, higher bridge. A jury unanimously selected the winning design in June 2026: a modern development of the cable-stayed form with two pylons and reduced material quantity. Current completion target is the end of the 2030s, which the port industry association considers far too late.",NEWS,This week,__YES__,https://www.hamburg.de/politik-und-verwaltung/behoerden/bwai/aktuelles/pressemeldungen/so-wird-die-neue-koehlbrandbruecke-aussehen-1184066,lisa,"NEXT ACTION (25 Aug 2026): approach ReGe Hamburg and the GRASSL/sbp/WTM design team during the specification phase — construction is unprocured and this is the spec-in window. CONFIRMED: existing bridge from 1974, 3,618m long with 325m main span, heavy transports over 44t banned from May 2026, Senate decided on a bridge rather than a tunnel, winning design selected June 2026 by unanimous jury, design team GRASSL / sbp / WTM Engineers / gmp / PPL, two pylons with reduced material quantity, current completion target end of the 2030s, UVHH demanding acceleration, HPA tendered the planning with up to eight practices invited. INFERRED: large pylon and marine foundation pours, from the cable-stayed form. NOT CONFIRMED: construction contractor, value, construction start, whether acceleration will actually change the programme. Value deliberately left blank — no construction figure published anywhere found.",__YES__,__YES__,__NO__,High,Mass-concrete civils,"The design was chosen in June 2026 and construction is not yet procured, which puts this at exactly the pre-award moment where a monitoring requirement can be written into the specification rather than sold to a contractor afterwards. The urgency is unusually sharp: from May 2026 the 1974 bridge is closed to permit-requiring heavy transports over 44 tonnes, the port industry association is publicly describing dramatic restrictions, and industry is demanding delivery well before the current end-of-2030s target. A replacement cable-stayed crossing with two pylons means very large pylon and pier pours plus deep marine foundations. The winning design explicitly reduces material quantity, which is a direct MixAI opening rather than an inferred one.","Timing: HIGH — design selected Jun 2026, construction unprocured, specification window open now. Opportunity: HIGH — major cable-stayed crossing, two pylons, deep marine foundations. Access: MEDIUM — no contractor, but the design team is named and ReGe Hamburg is an identifiable single client. Coverage: HIGH — Continental Europe, Lisa.","Cure / Signal,Data Hub,MixAI",Direct,reed,,
"DEGES - A26 West Neubau und Autobahnkreuz Hamburg-Hafen mit Hafenbahntunnel - Hamburg, Germany",Not published in the sources found. Delivery body: DEGES on behalf of Die Autobahn GmbH des Bundes; Autobahn GmbH NL Nord is the regional client.,,Not published,"Die Autobahn GmbH des Bundes, delivered by DEGES","A26 West between AS Neu Wulmstorf and the A7, including the new Autobahnkreuz Hamburg-Hafen, the Hafenbahntunnel and the A7 widening from six to eight lanes, Hamburg",Germany,eu,53.49,9.88,,Highway / road,New build,Main works / on site,Large,"Mass concrete,Tunnel linings,Raft / substructure / basement",None identified,"Under way. Hafenbahntunnel breakthrough achieved with the separating bored pile wall shortened in 2026; the Waltershofer Straße bridge was completed and returned to its original alignment in June 2026, with a planned ten-day closure cut to seven. Interchange and A7 widening structures continue.",,"Construction of the A26 West between AS Neu Wulmstorf and the A7 including the new Autobahnkreuz Hamburg-Hafen with a flyover over the A7, the Hafenbahntunnel beneath the railway embankment, and widening of the A7 from six to eight lanes. The Waltershofer Straße, a key artery for the port area, was temporarily realigned for four years to create a construction area and was returned to its original position with its new bridge in June 2026. The A26 as a whole is intended to bundle port traffic and relieve inner-city quarters.",NEWS,This week,__YES__,https://www.deges.de/projekte/projekt/a-26-neubau-west-2/,lisa,"NEXT ACTION (Sep 2026): identify the contractor via DEGES — the same delivery body runs the A40 Neuenkamp in NRW and the A26 Ost, so one relationship covers several records in this sweep. CONFIRMED: A26 West in construction between Neu Wulmstorf and the A7, new Autobahnkreuz Hamburg-Hafen with A7 flyover, Hafenbahntunnel with breakthrough achieved and bored pile separating wall shortened, Waltershofer Straße realigned four years and restored with new bridge June 2026 in seven days against a ten-day plan, A7 widened six to eight lanes. INFERRED: repeated structure benefit across the project, from the number of comparable bridges. NOT CONFIRMED: contractor, value, completion date, remaining structure count. The seven-versus-ten-day closure is a useful proof point that this team already treats programme compression as a goal.",__YES__,__YES__,__NO__,High,Mass-concrete civils,"A large live construction site with several structure types running concurrently: the new Hamburg-Hafen interchange with a flyover over the A7, the Hafenbahntunnel driven beneath a live railway embankment between two excavations behind a bored pile wall, multiple road overbridges, and the A7 widened from six to eight lanes. The Hafenbahntunnel breakthrough was reached in 2026 and lining works follow, while the interchange ramps and structures continue. Repeated bridge and retaining structures across one project under one delivery body give real repeatability, and DEGES delivers this alongside the A26 Ost and the A40 Neuenkamp in NRW, so the client relationship is national rather than local.","Timing: HIGH — live site with tunnel lining and interchange structures ahead. Opportunity: HIGH — tunnel, flyover, multiple bridges, A7 widening. Access: LOW — no contractor published; DEGES is the identifiable client. Coverage: HIGH — Continental Europe, Lisa.","Cure / Signal,Data Hub",Direct,reed,,
"DEGES - A26 Ost Hafenpassage Hamburg - Hamburg, Germany","Not appointed for main works. Delivery body: DEGES on behalf of Die Autobahn GmbH des Bundes. A tender for preparation, Bauoberleitung and supervision of section 6a was published February 2026.",,Not appointed,"Die Autobahn GmbH des Bundes, delivered by DEGES, with Hamburg Port Authority and the Behörde für Wirtschaft und Innovation","A26 Ost from the Autobahnkreuz Hamburg-Hafen (A7/A26) via AS Moorburg and Hohe Schaar to the Süderelbe crossing, through the port and Wilhelmsburg, Hamburg",Germany,eu,53.49,9.92,,Highway / road,New build,PCSA / preconstruction,Large,"Mass concrete,Raft / substructure / basement,Tunnel linings",None identified,Not published. Gated by the corrected Planfeststellungsbeschluss. Erörterung for section 6a targeted from end of 2026.,,"New A26 Ost 'Hafenpassage' linking the A7 at the Autobahnkreuz Hamburg-Hafen eastward through the port to the A1, intended to bundle port traffic and relieve inner-city quarters. In section 6b the motorway rises from AS Moorburg towards the Süderelbe and the new Süderelbe bridge. The Bundesverwaltungsgericht judgment, available in full since February 2026, requires the Planfeststellungsbeschluss originally issued end 2023 to be corrected only on climate in the variant assessment and on water permits, with no correction needed on traffic need or climate generally. DEGES is working with the planning authority to implement the corrections and obtain a renewed decision. Port industry is pressing for acceleration to provide resilience alongside the Köhlbrandbrücke.",NEWS,New,__YES__,https://www.deges.de/projekte/projekt/hafenpassage/,lisa,"CONFIRMED: BVerwG judgment reasoning available since Feb 2026 requiring correction only on climate in variant assessment and water permits, no correction needed on traffic need or climate generally, original PFB end 2023, DEGES working with the planning authority, section 6a runs A7/A26 to AS Moorburg, section 6b rises to the new Süderelbe bridge, section 6c runs Hohe Schaar to AD Süderelbe, Erörterung targeted from end 2026, Feb 2026 tender for section 6a preparation and supervision, port industry demanding acceleration for resilience. INFERRED: nothing. NOT CONFIRMED: construction start, value, contractor. Opposition context: NABU argues for dropping the A26 Ost entirely in favour of upgrading the Haupthafenroute, and notes Hamburg must fund roughly half the Köhlbrand crossing itself — a genuine budget tension between the city's two largest port projects.",__YES__,__NO__,__NO__,Medium,Mass-concrete civils,"A new motorway through the port including a new Süderelbe bridge would be very large concrete, and the legal position has just improved materially — the Bundesverwaltungsgericht required the 2023 Planfeststellungsbeschluss to be corrected on only two narrow points, climate in the variant assessment and water permits, explicitly not on traffic need or climate generally. DEGES is working to implement those corrections and obtain a renewed decision. It stays at Medium rather than High because there is still no construction date, the Erörterung for section 6a is only targeted from late 2026, environmental opposition remains active and argues the scheme should be dropped entirely, and Hamburg must fund roughly half the Köhlbrand crossing itself, which creates budget competition between the two.","Timing: MEDIUM — court has narrowed the objections and DEGES is correcting the decision, but no construction date and Erörterung only from late 2026. Opportunity: HIGH — new motorway through the port with a Süderelbe bridge and tunnel sections. Access: LOW — no main works contractor; supervision tender only. Coverage: HIGH — Continental Europe, Lisa.","Cure / Signal,Data Hub,MixAI",Direct,reed,,
"DB INFRAGO - Ersatzneubau EÜ Sternbrücke - Hamburg-Altona, Germany","Not named in the TED notice found. Client-side delivery body: DB InfraGO AG, Geschäftsbereich Fahrweg.",,Not published,DB InfraGO AG,"Sternbrücke, Stresemannstraße / Max-Brauer-Allee, Hamburg-Altona-Nord",Germany,eu,53.558,9.95,,Bridge / viaduct,Replacement,Main works / on site,Small,"Raft / substructure / basement,Mass concrete",None identified,"Substantially complete. Bored pile foundations and retaining structures were required before the ~3,600-3,700t steel superstructure was placed in July 2026.",,"Replacement of the Sternbrücke railway overbridge in Hamburg-Altona. Scope per the DB InfraGO contract covers demolition and removal of the existing structure, earthworks, track and civil works over four tracks across roughly 400m, around 400m of noise walls on both sides, structural engineering including sheet and retaining walls, deep foundations by bored piling, and the steel tied-arch superstructure with a transport weight of about 3,600t. The roughly 3,700t new superstructure was moved through Altona in July 2026 and the almost 100-year-old original removed.",TED,New,__YES__,https://ted.europa.eu/de/notice/595661-2025/pdf,lisa,"CONFIRMED: scope per TED notice 595661-2025 covering demolition, earth/track/civil works over four tracks across ~400m, ~400m noise walls both sides, sheet and retaining walls, bored pile deep foundations, steel tied-arch superstructure of ~3,600t transport weight; new ~3,700t superstructure transported through Altona July 2026; old bridge removed after almost 100 years. INFERRED: that foundations are complete, since the superstructure has been placed. NOT CONFIRMED: contractor name, contract value, remaining scope. Low band reflects timing, not scope quality.",__NO__,__NO__,__NO__,Low,Mass-concrete civils,"The concrete-relevant scope — bored pile foundations, sheet and retaining walls, and around 400m of noise walls on both sides over four tracks — is genuine, but the programme is well past it. The roughly 3,700t steel arch superstructure was transported through Altona in July 2026 and the old bridge removed, which means the substructure was completed to receive it. What remains is predominantly steelwork, track and finishing. Recorded because it is a significant live Hamburg rail structure and the DB InfraGO relationship matters, not because there is much left to pour.","Timing: LOW — superstructure moved into place July 2026, foundations necessarily complete. Opportunity: LOW — remaining work is steel, track and finishing. Access: LOW — contractor not named in the notice found. Coverage: HIGH — Continental Europe, Lisa.",Cure / Signal,Direct,reed,,595661-2025
"HOCHBAHN - U4-Verlängerung Horner Rennbahn - Horner Geest - Hamburg, Germany",Not published in the sources found. Client-side delivery body: Hamburger Hochbahn AG. Technikvorstand: Jens-Günter Lang.,,Not published,Hamburger Hochbahn AG,"U4 extension from Horner Rennbahn via the new Stoltenstraße station to Horner Geest, including tunnel under Manshardtstraße, Hamburg-Horn",Germany,eu,53.556,10.09,,Tunnel,New build,Main works / on site,Small,"Tunnel linings,Raft / substructure / basement",None identified,Essentially complete. Tunnel under Manshardtstraße finished early summer 2026; Rohbau of the whole project complete from autumn 2026. Service from Horner Rennbahn via Stoltenstraße to Horner Geest from end 2027.,,"Extension of the Hamburg U4 from Horner Rennbahn to the Horner Geest with two new stations. HOCHBAHN reports the project on time and budget against its most recently stated plan, though the original December 2026 opening has moved to end 2027. Track works began at the start of 2026, the tunnel under Manshardtstraße completes in early summer 2026, and the Rohbau of the whole project including both stations and the complete tunnel is finished from autumn 2026.",NEWS,New,__YES__,https://www.hochbahn.de/de/presse/pressemitteilungen/infrastrukturprojekte-fuer-zukunftsfaehige-mobilitaet-113818,lisa,"CONFIRMED: two new stations, track works from early 2026, Manshardtstraße tunnel complete early summer 2026, Rohbau of whole project complete from autumn 2026, service from end 2027, original opening was December 2026. INFERRED: that little structural concrete remains after Rohbau completion. NOT CONFIRMED: contractor, value. Kept mainly as evidence that HOCHBAHN is an active tunnel client — the U5, still in construction, is the larger prize and needs proper research.",__NO__,__NO__,__NO__,Low,Mass-concrete civils,"Recorded for completeness rather than as an opportunity. HOCHBAHN's own January 2026 statement is that the tunnel under Manshardtstraße completes in early summer 2026 and the Rohbau of the entire project — both new stations and the complete tunnel from Horner Rennbahn to Horner Geest — is finished from autumn 2026. Once the shell is complete there is essentially no structural concrete left. Its value is as evidence that HOCHBAHN is an active tunnel client with the U5 still in construction, which is where the real opportunity in Hamburg's metro programme sits.","Timing: LOW — Rohbau complete from autumn 2026. Opportunity: LOW — nothing structural left after shell completion. Access: MEDIUM — HOCHBAHN is a single identifiable client with a live tunnel programme. Coverage: HIGH — Continental Europe, Lisa.",Cure / Signal,Direct,reed,,
"HOCHBAHN - U5 Neubaustrecke - Hamburg, Germany",Not established in this sweep. Client-side delivery body: Hamburger Hochbahn AG.,,Unknown,Hamburger Hochbahn AG / Freie und Hansestadt Hamburg,New U5 line across Hamburg; alignment not established in this sweep. Coordinates are approximate for the northern city area and should be corrected.,Germany,eu,53.6,10.05,,Tunnel,New build,Main works / on site,Large,"Tunnel linings,Mass concrete,Raft / substructure / basement",Not assessed,Not established. Confirmed as in construction as of early 2026; no programme detail obtained.,,"New U5 metro line for Hamburg, confirmed by HOCHBAHN as under construction. HOCHBAHN is relocating its bus control centre to Langenfelde by end 2028 so that the vacated space at Steinstraße can house the U5 control centre. No further detail was established in this sweep.",MANUAL,New,__NO__,https://www.hochbahn.de/de/presse/pressemitteilungen/infrastrukturprojekte-fuer-zukunftsfaehige-mobilitaet-113818,lisa,"LEAD REQUIRING RESEARCH — not a worked record. CONFIRMED: U5 is in construction per HOCHBAHN; a dedicated U5 control centre is planned at Steinstraße once the bus control centre moves to Langenfelde by end 2028. INFERRED: large tunnel and station scope, from metro-line typology alone. NOT CONFIRMED: alignment, sections, contractors, lot structure, values, programme, current construction stage. Coordinates are a placeholder and must be corrected. Next step is a dedicated search on U5 Hamburg Baulose and contractor awards before this record is used or quoted — on typology this is likely one of the largest opportunities in northern Germany, and it deserves better than this record currently gives it.",__YES__,__NO__,__NO__,Medium,Mass-concrete civils,"Flagged as a significant lead rather than assessed as a project. The only confirmation obtained in this sweep is HOCHBAHN's statement that the U5 is in construction and that a dedicated control centre is being established for it, which establishes existence and stage but nothing else. A new metro line across Hamburg is on typology alone a very large multi-year tunnel and station programme of exactly the profile that scores well elsewhere in this sweep. Banded Medium as an honest placeholder — the typology justifies attention, but no scope, contractor, value or programme has been established, so a higher band would not be defensible.","Timing: UNKNOWN — confirmed in construction, no dates established. Opportunity: HIGH on typology — new metro line with tunnels and stations. Access: UNKNOWN — no contractor identified. Coverage: HIGH — Continental Europe, Lisa.","Cure / Signal,Data Hub,MixAI",Direct,reed,,
"HOCHBAHN - Brücken Mundsburg und U1 Ohlsdorf Großprojekte 2026 - Hamburg, Germany",Not published in the sources found. Client-side delivery body: Hamburger Hochbahn AG.,,Not published,Hamburger Hochbahn AG,"U3 Ringlinie around Mundsburg between Mundsburg and Barmbek; U1 around Ohlsdorf between Lattenkamp and Fuhlsbüttel Nord, Hamburg",Germany,eu,53.568,10.018,,Rail / metro,Replacement,Awarded - pre-start,Medium,"Mass concrete,Raft / substructure / basement",None identified,"U1 Ohlsdorf: construction start March 2026, with the Lattenkamp to Fuhlsbüttel Nord section closed July to October 2026 and Ohlsdorf served again from end October. U3 Mundsburg: works through 2026 with the Mundsburg to Barmbek section closed.",,"Two 2026 HOCHBAHN infrastructure programmes. 'Brücken Mundsburg 2026' focuses on repairing the historic U3 ring line structures around Mundsburg, over 100 years old, requiring closure of the Mundsburg to Barmbek section. A separate major project on the U1 around Ohlsdorf starts March 2026, with the Lattenkamp to Fuhlsbüttel Nord section closed July to October 2026 because the works cannot be done in normal service; Ohlsdorf is passed without stopping until it reopens at the end of October. Both sit within a wider HOCHBAHN programme that also includes the U4 extension and new bus facilities.",NEWS,New,__YES__,https://www.hochbahn.de/de/presse/pressemitteilungen/infrastrukturprojekte-fuer-zukunftsfaehige-mobilitaet-113818,lisa,"CONFIRMED: Brücken Mundsburg 2026 programme on the historic U3 ring, U3 closure Mundsburg to Barmbek, U1 Ohlsdorf major project with March 2026 start, Lattenkamp to Fuhlsbüttel Nord closed July to October 2026, Ohlsdorf passed without stopping until end October, much of the network over 100 years old per Technikvorstand Jens-Günter Lang. INFERRED: that fixed closure windows create hard schedule pressure — a reasonable reading of the published closure dates rather than a client statement. NOT CONFIRMED: contractors, values, structural scope in detail, how many bridges are involved at Mundsburg.",__YES__,__NO__,__NO__,Medium,Mass-concrete civils,"Two concurrent HOCHBAHN structural programmes with defined 2026 start dates and closure windows: bridge repair on the historic U3 ring around Mundsburg with the Mundsburg to Barmbek section closed, and a major U1 project around Ohlsdorf starting March 2026 with the Lattenkamp to Fuhlsbüttel Nord section closed July to October 2026. Working inside fixed closure windows on a live metro is the sharpest possible form of schedule pressure — the section reopens on a published date regardless, so anything that shortens a structural cycle directly protects that commitment. It stays Medium because the individual works are repair and renewal of over-100-year-old structures rather than large new pours, and no contractor is published.","Timing: HIGH — U1 Ohlsdorf starts March 2026 with a July-October closure; Mundsburg works run through 2026. Opportunity: MEDIUM — bridge repair and renewal on historic structures rather than large new pours. Access: LOW — no contractor published; HOCHBAHN is the client. Coverage: HIGH — Continental Europe, Lisa.","Cure / Signal,Data Hub",Direct,reed,,
"STADT DRESDEN - Wiederaufbau Carolabrücke - Dresden, Germany","Not appointed — construction tender planned for October 2027. Design team recommended 18 August 2026: LAP with Knight Architects, over the competing ARGE FHECOR Deutschland GmbH (subsidiary of FHECOR Madrid) with TSSB Planungsgesellschaft mbH Dresden. Client-side delivery body: Landeshauptstadt Dresden; Beigeordneter für Stadtentwicklung, Bauen und Verkehr Stephan Kühn; Oberbürgermeister Dirk Hilbert. Expert panel chaired by Prof. Steffen Marx, TU Dresden.",,Not appointed,Landeshauptstadt Dresden,"Carolabrücke over the Elbe, connecting the Altstadt and Neustadt, Dresden",Germany,eu,51.057,13.744,142,Bridge / viaduct,Replacement,PCSA / preconstruction,Medium,"Mass concrete,Raft / substructure / basement",None identified,"May 2028 per the city's published programme. Gated by the Stadtrat decision on 3 September 2026, Planungsstufe 2 from end September 2026, an approval-ready design in early 2027, presentation to the Begleitgremium in spring 2027, and the construction tender from early October 2027.",,"Reconstruction of the Carolabrücke over the Elbe following the 2024 collapse. Four design practices were commissioned in December 2025 and submitted designs on 26 May 2026; an expert panel chaired by Prof. Steffen Marx (TU Dresden) ranked them, a carolaVOTE public consultation ran from 13 June to 17 July 2026, and the Begleitgremium recommended LAP with Knight Architects on 18 August 2026 by 14 votes to 12 over FHECOR/TSSB. The Stadtrat decides on 3 September 2026. Framework budget EUR142m, with two designs reported below budget by a double-digit million sum and one under EUR100m. Demolition of all three Carolabrücke spans is separately estimated at EUR32m. Design brief requires Dresden-typical materials such as sandstone or granite and respect for sight lines to the Altstadt.",NEWS,This week,__YES__,https://www.dresden.de/de/stadtraum/zentrale-projekte/carolabruecke/wiederaufbau-bruckenverbindung.php,lisa,"NEXT ACTION (early Sep 2026): confirm the Stadtrat outcome on 3 September, then approach the appointed design team during Planungsstufe 2 — that is the specification window and it closes with the October 2027 tender. CONFIRMED: four practices commissioned Dec 2025, designs submitted 26 May 2026, expert panel under Prof. Steffen Marx, carolaVOTE 13 Jun to 17 Jul 2026, Begleitgremium recommendation 18 Aug 2026 for LAP + Knight Architects by 14-12 over FHECOR/TSSB, Stadtrat decision 3 Sep 2026, Planungsstufe 2 from end Sep 2026, approval-ready design early 2027, Begleitgremium spring 2027, construction tender early Oct 2027, construction start May 2028, EUR142m framework, demolition of all three spans ~EUR32m, design brief on sandstone/granite and sight lines. INFERRED: heightened receptiveness to structural monitoring given the collapse — a reasonable reading of context, not a client statement. NOT CONFIRMED: which design the Stadtrat will select, final cost, contractor. This record may be stale on the design team within days of writing.",__YES__,__YES__,__NO__,High,Mass-concrete civils,"The most reputationally loaded bridge project in Germany, and the specification is being written right now. The 2024 collapse made prestressed concrete durability a national issue — it is the reason the Berlin Mühlendammbrücke and Elsenbrücke records exist in this sweep at all — so structural monitoring and evidence carry weight here that they would not carry on an ordinary replacement. The timeline is unusually well published and the window is open: design team recommended August 2026, Stadtrat decision 3 September 2026, Planungsstufe 2 from end September, approval-ready design early 2027, construction tender October 2027, construction start May 2028. That is a fourteen-month run-up in which the client is deciding what to specify. A named academic expert panel under Prof. Steffen Marx of TU Dresden is advising, which makes a technically serious conversation possible rather than a commercial one.","Timing: HIGH — design stage now, construction tender Oct 2027, construction start May 2028; the specification window is open and dated. Opportunity: MEDIUM — major Elbe crossing at a EUR142m framework budget; substantial but not mass-concrete scale. Access: MEDIUM — client and design teams are publicly named and the process is unusually transparent, but no contractor exists yet. Coverage: HIGH — Continental Europe, Lisa.","Cure / Signal,Data Hub,MixAI",Direct,reed,50-250M,
"ESMC / TSMC - Halbleiterwerk Dresden-Rähnitz - Dresden, Germany","Not published in the sources found. Client and operator: European Semiconductor Manufacturing Company (ESMC) GmbH, 70% TSMC with Bosch, Infineon and NXP each at 10%; operated by TSMC. ESMC Geschäftsführer: Christian Koitzsch.",,Not published,"ESMC GmbH (TSMC / Bosch / Infineon / NXP), with EUR5bn of German state aid approved under the EU Chips Act","Airport Park, Dresden-Rähnitz, near Moritzburg and Radeburg, Dresden",Germany,eu,51.133,13.75,10000,Industrial / manufacturing,New build,Main works / on site,Medium,"Raft / substructure / basement,Slabs / pavements,Mass concrete",None identified,"Substantially complete. Groundbreaking August 2024, ~500,000 m3 excavated for foundations taken 10m down to rock, Richtfest January 2026, equipment installation from H2 2026, production from end 2027.",,"300mm semiconductor fab at Dresden-Rähnitz built by ESMC, a joint venture 70% owned by TSMC with Bosch, Infineon and NXP each holding 10%, operated by TSMC. Total investment expected to exceed EUR10bn including EUR5bn of German state aid approved under the EU Chips Act, the largest such approval to date. Planned capacity 40,000 300mm wafers per month on 28/22nm planar and 16/12nm FinFET processes, mainly for automotive and industrial customers, creating around 2,000 jobs. Groundbreaking August 2024; roughly 500,000 m3 of earth excavated because foundations sit 10m down on rock; 24 cranes on site by late 2025; Richtfest January 2026; equipment installation H2 2026; production from end 2027. Reported as running without significant delay, unusual among European semiconductor megaprojects.",NEWS,New,__YES__,https://www.diesachsen.de/meissen-news/jetzt-drehen-sich-schon-24-kraene-ueber-der-baustelle-von-esmc-in-dresden-raehnitz-3067500,lisa,"CONFIRMED: ESMC ownership split 70/10/10/10, TSMC operates, investment above EUR10bn with EUR5bn German state aid under the EU Chips Act, 40,000 wafers/month capacity on 28/22nm and 16/12nm nodes, ~2,000 jobs, groundbreaking Aug 2024, ~500,000 m3 excavation, foundations 10m deep on rock, 24 cranes on site, Richtfest Jan 2026, equipment install H2 2026, production end 2027, no significant delays reported. INFERRED: that little structural concrete remains, from the January 2026 Richtfest. NOT CONFIRMED: general contractor, construction value as distinct from total investment, concrete volumes. Value recorded is total project investment including plant and equipment, not a construction figure — do not quote as a build cost.",__YES__,__NO__,__NO__,Medium,Schedule-critical vertical build,"Saxony's largest construction site by some distance — 24 cranes, half a million cubic metres of excavation, foundations taken ten metres down to rock — and a hard commercial deadline, with equipment installation in the second half of 2026 and production from end 2027. But the sequence has moved past the concrete: the Richtfest was held in January 2026, meaning the structural shell is complete, and the site is now in fit-out. There is little heavy pouring left on this phase. It stays at Medium rather than Low because Silicon Saxony is a continuous building environment — GlobalFoundries and FMC also have plans, Infineon has just finished — so the value is in establishing the relationship for the next fab rather than this one.","Timing: LOW — Richtfest Jan 2026, equipment installation from H2 2026, production end 2027; structural concrete substantially complete. Opportunity: MEDIUM — very large in absolute terms but mostly behind. Access: LOW — no contractor published. Coverage: HIGH — Continental Europe, Lisa.","Cure / Signal,Data Hub",Direct,reed,250M+,
"INFINEON - Smart Power Fab Dresden - Dresden, Germany",Not published in the sources found. Client and operator: Infineon Technologies AG.,,Not published,"Infineon Technologies AG, with around EUR1bn of federal support under the European Chips Act and IPCEI ME/CT","Infineon Dresden site, adjacent to the two existing production lines, Dresden",Germany,eu,51.12,13.71,5000,Industrial / manufacturing,Phase of larger scheme,Main works / on site,Small,Slabs / pavements,Not assessed,"Complete. Groundbreaking May 2023, roughly 153,000 m3 of concrete and 35,000 t of steel placed by the April 2025 Richtfest marking completion of shell and structural works. Production from autumn 2026.",,"Infineon's Smart Power Fab in Dresden, built alongside its two existing production lines. Around EUR5bn total site expansion investment with roughly EUR1bn of federal support under the European Chips Act and IPCEI ME/CT, creating up to a thousand additional jobs. Groundbreaking May 2023; approximately 153,000 m3 of concrete and 35,000 tonnes of steel placed; Richtfest April 2025 marking completion of shell and structural works; production start autumn 2026, reported as on schedule.",NEWS,Disqualified,__YES__,https://www.nzz.ch/wirtschaft/silicon-saxony-waechst-in-dresden-wird-gebaut-und-subventioniert-ld.1891899,lisa,"Benchmark record, not a pursuit. CONFIRMED: ~EUR5bn site expansion investment, ~EUR1bn federal support via European Chips Act and IPCEI ME/CT, groundbreaking May 2023, ~153,000 m3 concrete and ~35,000 t steel placed, Richtfest Apr 2025 completing shell and structural works, production autumn 2026, up to 1,000 additional jobs. INFERRED: nothing. NOT CONFIRMED: contractor, construction value as distinct from investment. USE THE VOLUME FIGURE: 153,000 m3 on one fab is the strongest published concrete-scale reference in this whole German sweep and should be reused in semiconductor and hyperscale conversations elsewhere. Value recorded is total investment including plant, not a build cost.",__NO__,__NO__,__NO__,Low,Schedule-critical vertical build,"Recorded as a benchmark rather than an opportunity. The shell and structural works finished with a Richtfest in April 2025 and production starts autumn 2026, so there is nothing left to pour. Its real value to Converge is the published figure: around 153,000 cubic metres of concrete and 35,000 tonnes of steel went into a single semiconductor fab between the May 2023 groundbreaking and April 2025. That is the most useful concrete-volume benchmark found anywhere in this German sweep, and it is the number to carry into every future semiconductor or hyperscale conversation — it makes the scale of a fab pour concrete rather than abstract.","Timing: LOW — Richtfest Apr 2025, production autumn 2026; nothing structural left. Opportunity: LOW — complete. Access: LOW — no contractor published. Coverage: HIGH — Continental Europe, Lisa.",Data Hub,Direct,reed,250M+,
"STADT DRESDEN - Campuslinie Löbtau bis Nürnberger Ei mit Ersatzbau Nossener Brücke - Dresden, Germany","Tendered September 2025 for a construction contractor; award not confirmed in the sources found. Client-side delivery body: Landeshauptstadt Dresden, Zentrales Vergabebüro Dresden.",,Not published,"Landeshauptstadt Dresden, with Dresdner Verkehrsbetriebe for the tram works","Stadtbahnstrecke Campuslinie from Löbtau to the Nürnberger Ei, including the Nossener Brücke replacement and Nürnberger Straße upgrade, Dresden",Germany,eu,51.045,13.71,124,Bridge / viaduct,Replacement,Awarded - pre-start,Medium,"Mass concrete,Raft / substructure / basement",None identified,Construction due to begin June 2026 per the city. Tender documents were published September 2025 with bids due 6 October 2025.,,"Construction of the Campuslinie tram route from Löbtau to the Nürnberger Ei in Dresden, including replacement of the Nossener Brücke and upgrading of Nürnberger Straße, at around EUR124m with funding secured. The construction tender was published EU-wide in September 2025 through the Zentrales Vergabebüro Dresden via eVergabe and Competitionline, with bids due 6 October 2025 and construction due to begin June 2026. Part of a wider Dresden tram programme in which several completely new tram routes are being built to relieve heavily used bus corridors.",NEWS,This week,__NO__,https://www.dresden.de/de/rathaus/aktuelles/pressemitteilungen/09/Pm_020.php,lisa,"NEXT ACTION (Sep 2026): confirm the contractor — the tender closed Oct 2025 and construction was due to start June 2026, so an award exists but was not found. CONFIRMED: Campuslinie from Löbtau to Nürnberger Ei, Nossener Brücke replacement and Nürnberger Straße upgrade in scope, ~EUR124m with funding secured, tender published Sep 2025 with bids due 6 Oct 2025, construction due to begin June 2026, part of a wider Dresden tram expansion programme. INFERRED: nothing. NOT CONFIRMED: contractor, whether the June 2026 start actually happened, bridge dimensions, pour programme. Verify the start date before treating this as live.",__YES__,__YES__,__NO__,High,Mass-concrete civils,"Construction was due to begin in June 2026 with funding secured, combining a major bridge replacement with a new tram alignment and a street upgrade in one contract at around EUR124m. The Nossener Brücke replacement is the concrete core and the whole pour programme is ahead. Sitting a bridge, a tram route and a road rebuild in a single contract concentrates several structure types under one contractor with one programme, which is a better position than three separate small awards. It is a High on timing and clean start; the constraint is that no contractor is confirmed in the sources found despite the tender having closed in October 2025.","Timing: HIGH — construction due to start June 2026, funding secured, pours ahead. Opportunity: MEDIUM — bridge replacement plus tram alignment and street works at ~EUR124m. Access: LOW — tender closed Oct 2025 but no award confirmed in the sources found. Coverage: HIGH — Continental Europe, Lisa.","Cure / Signal,Data Hub",Direct,reed,50-250M,
"DB INFRAGO - Neubau Eisenbahnüberführung Hamburger Straße und Haltepunkt Dresden-Cotta - Dresden, Germany",Not published in the sources found. Client-side delivery body: Deutsche Bahn AG / DB InfraGO.,,Not published,"Deutsche Bahn AG, with the Landeshauptstadt Dresden","Eisenbahnüberführung Hamburger Straße and Haltepunkt Dresden-Cotta, Dresden-Cotta",Germany,eu,51.06,13.68,,Bridge / viaduct,Replacement,Awarded - pre-start,Small,"Mass concrete,Raft / substructure / basement",None identified,From 2026 per the city's project index. No further detail established.,,"Deutsche Bahn is rebuilding the Hamburger Straße railway overbridge in the Dresden-Cotta district from 2026, with the Dresden-Cotta stop also rebuilt step-free as part of the works.",MANUAL,New,__NO__,https://www.dresden.de/de/stadtraum/zentrale-projekte/carolabruecke.php,lisa,"Thin record by design — assessed from a one-line index entry on dresden.de, nothing opened. CONFIRMED: DB rebuilding the Hamburger Straße EÜ in Dresden-Cotta from 2026, Haltepunkt Dresden-Cotta rebuilt step-free as part of it. INFERRED: nothing. NOT CONFIRMED: contractor, value, structure dimensions, programme, exact start date within 2026.",__NO__,__NO__,__NO__,Low,Mass-concrete civils,"Assessed from a single line on the city's project index. A railway overbridge replacement with an accompanying step-free rebuild of the Dresden-Cotta stop, starting from 2026 — so the timing is good and there is real substructure work — but it is a single modest structure, no value or contractor is published, and nothing was opened beyond the index entry. Recorded so it is not missed rather than because it looks workable; a thin Low is exactly the five-second discard it is meant to be.","Timing: HIGH — from 2026. Opportunity: LOW — single railway overbridge plus a stop rebuild. Access: LOW — no contractor published. Coverage: HIGH — Continental Europe, Lisa.",Cure / Signal,Direct,reed,,
"STADT LUDWIGSHAFEN - Abriss Hochstraße Nord und Neubau Helmut-Kohl-Allee - Ludwigshafen am Rhein, Germany",Not published in the sources found for the Nord phase. Client-side delivery body: Stadt Ludwigshafen am Rhein; Oberbürgermeisterin Jutta Steinruck.,,Not published,Stadt Ludwigshafen am Rhein,"Hochstraße Nord corridor, roughly 2km through central Ludwigshafen, to be replaced by the Helmut-Kohl-Allee and a new city quarter, Ludwigshafen am Rhein",Germany,eu,49.481,8.44,,Highway / road,Replacement,Groundbreaking / enabling works,Large,"Mass concrete,Raft / substructure / basement",None identified,"Demolition of the Hochstraße Nord from the north bridgehead beginning 2026, once the Hochstraße Süd is fully reopened. Helmut-Kohl-Allee construction follows demolition; no dates published. Gated by conclusion of the Planfeststellungsverfahren.",,"Ludwigshafen is demolishing the Hochstraße Nord, a roughly 2km elevated road built between 1970 and 1981 comprising 34 individual bridges of up to 70m length with eleven ramps, and replacing it with the at-grade Helmut-Kohl-Allee and a new city quarter. The parallel Hochstraße Süd works — closing the gap where the former Pilzhochstraße stood, plus modernisation of the Weiße Hochstraße — began July 2023 and involved bored pile foundations, base slabs, 43 piers and 39 foundations. The Süd route reopened in 2026 after around seven years of closure and under three years of construction, which was the precondition for starting demolition of the Nord. The Planfeststellungsverfahren for the Nord phase is close to conclusion.",NEWS,This week,__YES__,https://ludwigshafen-diskutiert.de/hochstra%C3%9Fe_sued,lisa,"NEXT ACTION (Sep 2026): approach Stadt Ludwigshafen — the Süd phase has just completed and the Nord phase is the larger follow-on, so the client is between projects and has fresh cost data. CONFIRMED: Hochstraße Nord built 1970-1981, ~2km, 34 individual bridges up to 70m with eleven ramps, to be replaced by the Helmut-Kohl-Allee and a new quarter; Süd Lückenschluss began 17 Jul 2023 with bored piles, base slabs, 43 piers, 39 foundations; Weiße Hochstraße modernised in parallel; Nord demolition from the north bridgehead from 2026; Planfeststellungsverfahren near conclusion. INFERRED: that the client's recent Süd experience makes them receptive to programme arguments — a reasonable reading, not a stated position. NOT CONFIRMED: contractor for the Nord phase, values, Helmut-Kohl-Allee construction dates. Date conflict: one source gives early 2026 for the Süd reopening and another states 3 July 2026 — both recorded, the July date is the more specific.",__YES__,__YES__,__NO__,High,Mass-concrete civils,"The largest urban civils programme in Rheinland-Pfalz and the timing has just turned. The Hochstraße Süd reopened in 2026 after roughly seven years of closure and under three years of construction, which was the stated precondition for demolishing the Hochstraße Nord — 34 individual bridges of up to 70m span over about 2km, built 1970-1981 — and replacing it with the at-grade Helmut-Kohl-Allee plus an entirely new city quarter. Demolition begins at the north bridgehead from 2026 with the Planfeststellungsverfahren close to conclusion. Beyond that lies years of new road and quarter construction on cleared land. The Süd phase is also a directly relevant proof point held by the same client: bored piles, base slabs, then 43 piers and 39 foundations, delivered inside three years after seven years of disruption. That is a client who has just measured what a compressed urban rebuild costs and is about to do a larger one.","Timing: HIGH — Süd complete and reopened 2026, Nord demolition from 2026, Planfeststellung near conclusion, new-build years ahead. Opportunity: HIGH — 34 bridges removed then a new arterial road and city quarter built. Access: MEDIUM — a single identifiable municipal client with a live programme, but no contractor published for the Nord phase. Coverage: HIGH — Continental Europe, Lisa.","Cure / Signal,Data Hub,MixAI",Direct,reed,,
"LBM RHEINLAND-PFALZ - Ersatzneubau Hochbrücke Gerolstein B410 - Gerolstein, Germany",Not published in the sources found. Client-side delivery body: Landesbetrieb Mobilität Rheinland-Pfalz (LBM RP).,,Not published,"Land Rheinland-Pfalz / Bund (Bundesstraße), via LBM RP, with the Stadt Gerolstein","Hochbrücke Gerolstein carrying the B410 over the Köln-Trier railway, Bahnhofstraße and the river Kyll, Gerolstein, Vulkaneifel",Germany,eu,50.223,6.66,,Bridge / viaduct,Replacement,Main works / on site,Medium,"Mass concrete,Raft / substructure / basement",None identified,"Under way. Site clearance and utility investigation February 2026, works from March 2026 on the replacement bridge and adjoining junctions. Substructures are built first; demolition of the existing bridge and temporary structure follows, with the B410 fully closed March 2027 to March 2028 at most.",,"Replacement of the 1952 Hochbrücke in Gerolstein, the only crossing within the town carrying the B410 over the Köln-Trier railway, Bahnhofstraße and the Kyll, and linking the northern and southern districts. Around 15,000 vehicles a day use it, roughly 7 percent heavy goods, about 1,080 vehicles. Preparatory clearance and utility investigation took place February 2026; works on the replacement and the adjoining junctions began March 2026. Once the new substructures are complete, the temporary bridge and existing structure are removed and the B410 is fully closed for a maximum of one year, scheduled March 2027 to March 2028. A new central bus station is being built in parallel.",MANUAL,This week,__YES__,https://lbm.rlp.de/grossprojekte/bundesstrassen/b-410-hochbruecke-gerolstein,lisa,"CONFIRMED: 1952 existing bridge, sole in-town crossing over the Köln-Trier line, Bahnhofstraße and the Kyll, ~15,000 vehicles/day with ~7 percent and ~1,080 HGVs, clearance and utility investigation Feb 2026, works from Mar 2026, substructures built before demolition, full B410 closure Mar 2027 to Mar 2028 capped at one year, parallel ZOB construction affecting parking. INFERRED: that the published closure cap creates hard schedule exposure — a reading of the published commitment rather than a client statement. NOT CONFIRMED: contractor, value, structure dimensions, pour programme. The one-year closure ceiling is the argument to lead with.",__YES__,__YES__,__NO__,High,Mass-concrete civils,"Works started March 2026 and the published sequence puts the substructures squarely ahead: the new abutments and piers are built first, and only once they are complete does the existing bridge and temporary structure come down, with the B410 fully closed for a maximum of one year from March 2027 to March 2028. That maximum is the commercial hook — a stated, publicly committed closure ceiling on the only crossing through a town of 8,000 that carries 15,000 vehicles a day including about 1,080 heavy vehicles. When a client has published a hard maximum closure duration, everything on the structural critical path is directly exposed, and the substructure work that precedes it determines whether the closure can start on time.","Timing: HIGH — works from March 2026, substructures ahead of a March 2027 closure, full closure capped at one year. Opportunity: MEDIUM — single town bridge over rail, road and river, plus adjoining junctions. Access: LOW — no contractor published. Coverage: HIGH — Continental Europe, Lisa.","Cure / Signal,Data Hub",Direct,reed,,
"AUTOBAHN GMBH NL WEST - Ersatzneubau Großtalbrücken Pfädchensgraben und Tiefenbachtal A61 - Rheinböllen, Germany","Not published in the sources found. Client-side delivery body: Die Autobahn GmbH des Bundes, Niederlassung West.",,Not published,Die Autobahn GmbH des Bundes (federal),"A61 between the Rheinböllen junction and the Hunsrück services, Hunsrück, Rheinland-Pfalz",Germany,eu,49.995,7.67,,Bridge / viaduct,Replacement,Main works / on site,Medium,"Mass concrete,Raft / substructure / basement",None identified,Ongoing. First and third construction phases already complete; remaining phases continuing. No dated pour programme published.,,"Six-lane widening of the A61 between the Rheinböllen junction and the Hunsrück services, including replacement of the Großtalbrücken Pfädchensgraben and Tiefenbachtal, plus under- and overbridges, noise protection installations and stormwater treatment plants. Carriageways are widened to three lanes in each direction. The first and third construction phases are complete. Part of a roughly EUR140m Autobahn GmbH investment programme across Rheinland-Pfalz announced February 2026.",NEWS,New,__YES__,https://www.ak-kurier.de/akkurier/www/artikel/167583-infrastrukturprojekte-in-rheinland-pfalz--millionen-fuer-autobahnen-und-bruecken,lisa,"CONFIRMED: six-lane widening between AS Rheinböllen and the Hunsrück services, replacement of the Pfädchensgraben and Tiefenbachtal valley bridges, under- and overbridges, noise installations and stormwater treatment plants in scope, three lanes each direction, first and third phases complete, part of a ~EUR140m 2026 Autobahn GmbH programme for Rheinland-Pfalz. INFERRED: nothing. NOT CONFIRMED: contractor, project value, how much bridge work remains, dates. Establish remaining scope before working this.",__YES__,__NO__,__NO__,Medium,Mass-concrete civils,"Two large valley bridges replaced within one six-lane widening scheme, alongside under- and overbridges, noise installations and stormwater treatment structures. Two comparable Großtalbrücken in a single contract is real repeatability, and the wider scheme carries several further structure types. It sits at Medium because the first and third construction phases are already complete, which means a material share of the programme is behind, and no contractor or value is published. Worth a call to establish how much of the bridge work remains before committing effort.","Timing: MEDIUM — first and third phases complete, remaining phases ongoing. Opportunity: MEDIUM — two valley bridges plus assorted structures across a six-lane widening. Access: LOW — no contractor published. Coverage: HIGH — Continental Europe, Lisa.","Cure / Signal,Data Hub",Direct,reed,,
"AUTOBAHN GMBH NL WEST - Instandsetzung Moselbrücke Ehrang A64a - Trier, Germany","Not published in the sources found. Client-side delivery body: Die Autobahn GmbH des Bundes, Niederlassung West.",,Not published,Die Autobahn GmbH des Bundes (federal),"Moselbrücke Ehrang carrying the A64a, Trier-Ehrang, Rheinland-Pfalz",Germany,eu,49.81,6.66,,Bridge / viaduct,Replacement,Main works / on site,Small,Mass concrete,None identified,"Not applicable to the repair. The eventual Ersatzneubau, for which this repair is explicitly an interim measure, has no published programme.",,"Multi-year repair of the A64a Moselbrücke at Ehrang, beginning 2026, to secure load capacity and serviceability until a replacement structure is built. First measure in 2026 is installing a suspended scaffold beneath the steel bridge without traffic disruption. Welding works on the underside follow from 2027 to 2029, with traffic from Luxembourg diverted at times via the B53 and A1. The upper surface is renewed from 2030. Only one lane per direction is available until 2034, with heavy goods traffic from Luxembourg diverted. After completion an 80 km/h limit applies and restrictions on heavy transports are expected to remain.",NEWS,New,__YES__,https://www.lessentiel.lu/de/story/a64a-moselbruecke-ehrang-wird-bis-2034-zur-dauerbaustelle-103512165,lisa,"Watch item for the eventual replacement, not a pursuit of the repair. CONFIRMED: multi-year repair from 2026 to secure load capacity and serviceability until an Ersatzneubau, 2026 suspended scaffold installation without traffic disruption, welding to the underside 2027-2029 with Luxembourg-direction diversions via B53 and A1, upper surface renewal from 2030, one lane per direction until 2034, 80 km/h and continuing heavy transport restrictions afterwards. INFERRED: that the replacement will be a substantial concrete project — typology, not a published design. NOT CONFIRMED: any programme, date or value for the Ersatzneubau, contractor for the repair. Revisit if the replacement enters planning.",__NO__,__NO__,__NO__,Low,Mass-concrete civils,"A multi-year repair programme on a steel bridge, not a concrete project. The 2026 measure is installing a suspended access scaffold beneath the deck, welding to the underside runs 2027 to 2029, and the deck surface is renewed from 2030, with single-lane running each way until 2034. Almost nothing here is concrete work. The reason to record it is what sits behind it: this is explicitly an interim measure to maintain load capacity and serviceability until an Ersatzneubau. That replacement is not yet programmed, and a Mosel crossing on the Luxembourg corridor will be a substantial concrete project when it comes. This is a watch item for the replacement, not a pursuit of the repair.","Timing: LOW for concrete — the repair sequence is steel-led through to 2034. Opportunity: LOW now, potentially HIGH when the replacement is programmed. Access: LOW — no contractor published. Coverage: HIGH — Continental Europe, Lisa.",Data Hub,Direct,reed,,
"LBM RHEINLAND-PFALZ - Zweite Rheinbrücke Wörth - Karlsruhe B293 - Wörth am Rhein, Germany",Not appointed. Objekt- und Tragwerksplanung awarded October 2023 to an engineering practice not named in the LBM source. Client-side delivery body: Landesbetrieb Mobilität Rheinland-Pfalz (LBM RP).,,Not appointed,"Land Rheinland-Pfalz / Bund, via LBM RP, in coordination with Baden-Württemberg","Second Rhine crossing on the B293 between Wörth am Rhein and Karlsruhe, Rheinland-Pfalz / Baden-Württemberg border",Germany,eu,49.048,8.27,,Bridge / viaduct,New build,PCSA / preconstruction,Large,"Mass concrete,Raft / substructure / basement",None identified,"Not published. Preliminary design due to complete in the first half of 2026, followed by applications to the respective Planfeststellung authorities. Construction date depends on approval across two Länder.",,"Second Rhine bridge on the B293 between Wörth am Rhein and Karlsruhe. A feasibility study with ecological risk assessment was produced in 1999 examining seven alignment variants, followed by an environmental study in 2005 feeding a Raumordnungsverfahren in which three further variants were developed. Extensive ground investigation boreholes were carried out in 2023 with the geotechnical report available from early 2024. Design and structural engineering were awarded in October 2023, with preliminary design due to complete in the first half of 2026. Bridge variants are being assessed for technical feasibility, environmental impact and construction and maintenance costs to identify a preferred option, after which Planfeststellung applications follow.",MANUAL,New,__YES__,https://lbm.rlp.de/grossprojekte/b-293-2-rheinbruecke-bei-woerth,lisa,"CONFIRMED: 1999 feasibility study with seven variants, 2005 environmental study and Raumordnungsverfahren with three further variants, 2023 ground investigation with geotechnical report from early 2024, design and structural engineering awarded Oct 2023, preliminary design due H1 2026, variant assessment covering feasibility, environment and construction plus maintenance costs, Planfeststellung applications to follow. INFERRED: nothing. NOT CONFIRMED: the engineering practice is described only as 'ein namhaftes Ingenieurbüro' and is not named — identifying it is the practical first step. No preferred variant, construction date, value or contractor.",__YES__,__NO__,__NO__,Medium,Mass-concrete civils,"A new Rhine crossing is a large concrete project by any measure, and the design is being settled right now — preliminary design was due to complete in the first half of 2026, after which Planfeststellung applications go to the authorities on both sides of the river. Ground investigation is done and the geotechnical report has been available since early 2024, so the technical basis exists. That makes this a live specification opportunity rather than an abstraction. It stays at Medium because Planfeststellung across two Länder for a scheme first studied in 1999 is a long road, no construction date exists, and the variant selection was still open at the time of the source.","Timing: MEDIUM — preliminary design completing H1 2026 and Planfeststellung applications to follow; specification window open but construction undated. Opportunity: HIGH — new Rhine crossing. Access: MEDIUM — LBM RP is an identifiable client and a design practice is engaged, though not named in the source. Coverage: HIGH — Continental Europe, Lisa.","Cure / Signal,Data Hub,MixAI",Direct,reed,,
LBM RHEINLAND-PFALZ - Brückenneubauten Landesstraßen 2026 - Rheinland-Pfalz (statewide),"Multiple, let per measure; none published. Client-side delivery bodies: Landesbetrieb Mobilität Rheinland-Pfalz regional offices; Autobahn GmbH NL West for motorway structures.",,Various per measure,Land Rheinland-Pfalz / Bund,Statewide across Rheinland-Pfalz; coordinates are Mainz as the administrative centre,Germany,eu,49.9929,8.2473,140,Bridge / viaduct,Replacement,Awarded - pre-start,Medium,"Mass concrete,Raft / substructure / basement",None identified,"Rolling through 2026 and 2027. Named examples: L449 bridge new-build between the B47 and Marnheim, closed mid-July 2026 to spring 2027; Mainzer Straße bridge renewal in Koblenz from October 2026; L350 at Konken closed June 2026 to end 2027; B270/L502 at Breitenau from June 2026 to 2027.",,"Aggregated record of Rheinland-Pfalz bridge replacement and renewal activity on Landes- and Bundesstraßen through 2026, alongside roughly EUR140m of Autobahn GmbH investment in the state's motorway network announced February 2026. Regional closure listings identify multiple individual bridge new-builds and renewals with multi-month to multi-year closure windows. Trade coverage describes the Pfalz as being in one of its largest infrastructure programmes in decades, driven by deteriorating bridges, overloaded motorways and rail capacity limits, with billions flowing into maintenance and expansion across the state.",MANUAL,New,__NO__,https://www.wochenblatt-reporter.de/c-ratgeber/baustellen-rheinland-pfalz-aktuelle-sperrungen-und-verkehrsbehinderungen_a852451,lisa,"Aggregate record — not a single project, and should not be treated as one. CONFIRMED: ~EUR140m Autobahn GmbH investment in Rheinland-Pfalz announced Feb 2026; L449 bridge new-build between B47 and Marnheim closed mid-Jul 2026 to spring 2027; Mainzer Straße Koblenz bridge renewal from Oct 2026; L350 Konken closed Jun 2026 to end 2027; B270/L502 Breitenau from Jun 2026 to 2027. INFERRED: aggregate stream value, from the frequency of listings rather than a published programme document. NOT CONFIRMED: contractors, individual values, total bridge count. Next step if worked: obtain the LBM RP Bauprogramm 2026 rather than relying on closure listings, which are a proxy and an incomplete one.",__NO__,__NO__,__NO__,Medium,Mass-concrete civils,"A steady stream of individual bridge replacements across the state with long closure windows, sitting alongside roughly EUR140m of 2026 Autobahn GmbH investment in Rheinland-Pfalz. Examples from the regional closure index include a bridge new-build on the L449 between the B47 and Marnheim closed from mid-July to spring 2027, a bridge renewal on the Mainzer Straße in Koblenz starting October 2026, and a closure on the L350 at Konken running from June 2026 to end 2027. Individually these are small and none has a published contractor or value; collectively they are a recurring structure stream under two identifiable client bodies. Medium is the honest band — real volume in aggregate, nothing concentrated.","Timing: HIGH — multiple measures starting through 2026 with published closure windows. Opportunity: MEDIUM — many small structures, none individually significant. Access: MEDIUM — LBM RP regional offices and Autobahn GmbH NL West are identifiable, but each measure is let separately. Coverage: HIGH — Continental Europe, Lisa.","Cure / Signal,Data Hub",Direct,reed,50-250M,
"IMPLENIA - A7 Ersatzneubau Rader Hochbrücke, zweites Teilbauwerk - Rendsburg, Germany","First Teilbauwerk: consortium led by Implenia Construction GmbH, contract value EUR307m. Second (western) Teilbauwerk not yet awarded. Client-side delivery body: DEGES on behalf of Die Autobahn GmbH des Bundes; DEGES project lead Mario Schönherr.",,Self-delivered within the Implenia-led consortium on the first Teilbauwerk,"Die Autobahn GmbH des Bundes / Bund, delivered by DEGES; Land Schleswig-Holstein issued the Planfeststellungsbeschluss","A7 over the Nord-Ostsee-Kanal and the Borgstedter Enge, between AS Rendsburg/Büdelsdorf and the Kreuz Rendsburg, Rendsburg-Eckernförde",Germany,eu,54.312,9.66,307,Bridge / viaduct,Replacement,Main works / on site,Large,"Mass concrete,Raft / substructure / basement",None identified,"First Teilbauwerk substantially complete — 1,382 of 1,500m in final position by Dec 2025, closing segment lifted mid-2026 from Rendsburg Port, bridge closure mid-July 2026, traffic transfer and release mid-December 2026. Old bridge demolition including partial blasting January 2027 to February 2028. Western Teilbauwerk from 2028 to 2031, subject to continuous financing.",,"Replacement of the 1972 Rader Hochbrücke carrying the A7 over the Nord-Ostsee-Kanal and the Borgstedter Enge, Germany's main north-south axis to Denmark and Scandinavia. A 2014 structural reassessment gave the existing bridge a remaining life only to 2026. The new structure is a twin bridge of roughly 1,500m built in two halves: the eastern half, about 16m east of the existing bridge, was let to an Implenia-led consortium at EUR307m, began April 2023 and opens mid-December 2026. The old bridge is then demolished January 2027 to February 2028, after which the western half is built from 2028 to around 2031, together with widening the A7 to six lanes over 5.3km between Büdelsdorf and Schacht-Audorf. Described as one of Germany's largest bridge modernisation projects.",NEWS,This week,__YES__,https://www.deges.de/projekte/projekt/a-7-ersatzbauwerk-rader-hochbruecke/,lisa,"NEXT ACTION (25 Aug 2026): approach Implenia now, before the western Teilbauwerk is tendered — they will bid it with direct cost knowledge from the eastern half. CONFIRMED: 1972 original, 2014 reassessment giving life to 2026, twin bridge ~1,500m, eastern half ~16m east of the existing structure, Implenia-led consortium at EUR307m, official start April 2023, 1,382 of 1,500m in final position by Dec 2025, closing segment fabricated at Rendsburg Port and lifted mid-2026, release mid-Dec 2026, demolition Jan 2027 to Feb 2028, western half 2028-2031, A7 widened to six lanes over 5.3km, DEGES delivering, project lead Mario Schönherr. INFERRED: that the second half is a near-identical rerun — reasonable from the twin-bridge design, though the western half sits on the old alignment and ground conditions may differ. NOT CONFIRMED: western Teilbauwerk value or contractor. DEGES notes the 2028-2031 programme depends on continuous demand-appropriate financing.",__YES__,__YES__,__YES__,High,Mass-concrete civils,"The cleanest rerun in the whole German sweep. A 1,500m twin bridge over the Nord-Ostsee-Kanal built in two halves: the eastern half was let at EUR307m to an Implenia-led consortium, opens mid-December 2026, and by December 2025 1,382 of 1,500 metres were already in final position. The old bridge is then demolished from January 2027 to February 2028, and the western half is built from 2028 to 2031 alongside widening the A7 to six lanes between Büdelsdorf and Kreuz Rendsburg. So a contractor is about to finish a large, technically demanding launched bridge and then build a near-identical one on the same site with fresh, measured cost data — and the second half is not yet awarded, so the specification and bid for it are still open. Implenia also appears on the Munich Ostbahnhof tunnel and the Duisburg tkH2Steel foundations in this sweep, so the account reaches beyond this bridge.","Timing: HIGH — first half completing Dec 2026, second half unlet and running 2028-2031; the larger opportunity is ahead and unprocured. Opportunity: HIGH — 1,500m bridge plus 5.3km of A7 widening to six lanes. Access: HIGH — Implenia is named, holds the first half, and appears on two other German records in this sweep. Coverage: HIGH — Continental Europe, Lisa.","Cure / Signal,Data Hub,MixAI",Direct,reed,250M+,
"FEMERN A/S - Fehmarnbelt-Tunnel, deutscher Abschnitt Puttgarden - Fehmarn, Germany","Not established in this sweep for the German-side works. Client and delivery body: Femern A/S, the Danish state-owned company responsible for planning, construction and operation. Schleswig-Holstein project contact named in coverage: Matthias Laugenstein, Femern A/S.",,"Not established. Tunnel elements are cast at the Rødbyhavn factory in Denmark, not in Germany.","Femern A/S (Danish state), with the German hinterland connection delivered separately by DB InfraGO and DEGES","German portal and land works at Puttgarden, Fehmarn, Ostholstein; tunnel runs 17.6-18km to Rødbyhavn on Lolland, Denmark",Germany,eu,54.5,11.22,,Tunnel,New build,Main works / on site,Large,"Mass concrete,Tunnel linings,Raft / substructure / basement",Not assessed — a project of this scale and maturity is likely to have established monitoring arrangements; verify before approaching,"Element production well under way. Construction began summer 2020; completion scheduled 2029. Rail traffic between Neustadt and Puttgarden has been suspended since 31 August 2022 for the connecting double-track line, with regional services expected back at Fehmarn-Burg around 2029.",,"The Fehmarnbelt fixed link, a 17.6-18km immersed tunnel connecting Puttgarden on Fehmarn with Rødbyhavn on Lolland, creating a direct road and rail connection between Scandinavia and central Europe. On completion it will be the world's longest immersed tunnel and the longest combined road and rail tunnel. Built by the Danish state-owned Femern A/S. Construction began summer 2020 with completion scheduled for 2029. The tunnel comprises 89 massive concrete elements each weighing around 73,500 tonnes, manufactured on land, sealed with watertight bulkheads, towed to position and lowered into a prepared trench on the seabed. On the German side, DEGES is separately upgrading the B207 between Heiligenhafen-Ost and Puttgarden including a new Puttgarden junction.",NEWS,New,__YES__,https://www.femern.com/de/bauarbeiten/der-bau-des-fehmarnbelt-tunnels,lisa,"IMPORTANT SCOPE CAVEAT: the 89 tunnel elements are cast at Rødbyhavn in DENMARK. The repeatability that makes this profile attractive sits outside Schleswig-Holstein and outside this sweep's geography. Do not present this as a German precast opportunity. CONFIRMED: 17.6-18km immersed tunnel Puttgarden to Rødbyhavn, world's longest immersed tunnel and longest combined road-rail tunnel on completion, Femern A/S as Danish state client, construction from summer 2020, completion 2029, 89 elements at ~73,500t each, elements cast on land and immersed, rail suspended Neustadt-Puttgarden since 31 Aug 2022 with services expected back ~2029, DEGES upgrading the B207 Heiligenhafen-Ost to Puttgarden with a new Puttgarden junction. INFERRED: nothing. NOT CONFIRMED: German-side contractors, values, whether monitoring arrangements already exist — assume they may, given project maturity.",__NO__,__NO__,__NO__,Medium,Precast and batching supply,"On repeatability alone this is the strongest profile in the sweep: 89 massive precast tunnel elements, each weighing around 73,500 tonnes, cast in a purpose-built factory and floated out for immersion — a genuine production line rather than a construction site. But the factory is at Rødbyhavn in Denmark, not in Schleswig-Holstein, so the repeated casting sits outside German territory and outside the geography this record covers. The German-side scope is the Puttgarden portal, land works and hinterland connections, which is real but is not where the 89 elements are made. Banded Medium honestly: the profile is outstanding, the location of the opportunity is not what a German sweep would suggest, and the project is well advanced with completion in 2029.","Timing: MEDIUM — construction from summer 2020, completion 2029, so element production is well advanced. Opportunity: HIGH on typology — 89 identical elements is a production line, the ideal repeatability case. Access: LOW — no German-side contractor established, and the element casting is a Danish operation. Coverage: MEDIUM — the German works fall to Lisa, but the casting factory is Danish and outside this territory as recorded.","Cure / Signal,Data Hub,MixAI",Direct,reed,,
"WSV - Nord-Ostsee-Kanal Ausbauprogramm, Schleusen und Oststrecke - Schleswig-Holstein, Germany",Not published in the sources found. Client-side delivery body: Wasserstraßen- und Schifffahrtsverwaltung des Bundes / Kanalverwaltung.,,Not published,Wasserstraßen- und Schifffahrtsverwaltung des Bundes,"Nord-Ostsee-Kanal, roughly 100km from Brunsbüttel to Kiel; component sites at Brunsbüttel, Großkönigsförde-Schinkel, Levensau and Kiel",Germany,eu,54.33,9.9,,Port / marine,Replacement,Main works / on site,Large,"Mass concrete,Raft / substructure / basement",None identified,"Varies by component. Brunsbüttel fifth chamber was on programme for completion end 2026. Oststrecke widening between Großkönigsförde and Kiel ongoing, first section Großkönigsförde-Schinkel completed 2024. Levensauer Hochbrücke replacement reported on programme. Kleine Schleuse Kiel in preparation with no commissioning date published.",,"The roughly 100km Nord-Ostsee-Kanal remains a continuous major construction programme. Components include a fifth lock chamber at Brunsbüttel at EUR1.2bn due for completion end 2026, widening of the eastern section between Großkönigsförde and Kiel at an expected EUR500m with the first section Großkönigsförde-Schinkel completed 2024, replacement of the first Levensauer Hochbrücke west of Kiel at EUR215m reported on programme, and renewal of the Kleine Schleuse in Kiel for which preparations are running without a published commissioning date. Planning is also under way for a six-lane twin bridge over the canal carrying the A7 — the Rader Hochbrücke, recorded separately.",MANUAL,New,__NO__,https://allgemeinebauzeitung.de/abz/in-schleswig-holstein-grossprojekte-im-norden-fordern-langen-atem-48642,lisa,"AGE WARNING: the component figures and status come from a January 2023 trade article and may be materially out of date — verify every figure before quoting. CONFIRMED as of that source: Brunsbüttel fifth chamber EUR1.2bn on programme for end 2026, Oststrecke Großkönigsförde to Kiel ~EUR500m with first section due 2024, Levensauer Hochbrücke replacement EUR215m on programme, Kleine Schleuse Kiel in preparation without a commissioning date, canal ~100km. INFERRED: that the Kleine Schleuse is the component most likely still open, from the absence of a date. NOT CONFIRMED: current status of any component, contractors, whether the Brunsbüttel chamber completed on time. Next step is the WSV/Kanalverwaltung current programme rather than this article.",__YES__,__NO__,__NO__,Medium,Mass-concrete civils,"A multi-component federal waterway programme with genuinely large mass-concrete content: a fifth lock chamber at Brunsbüttel at EUR1.2bn, replacement of the first Levensauer Hochbrücke at EUR215m, widening of the eastern section between Großkönigsförde and Kiel at around EUR500m, and renewal of the Kleine Schleuse in Kiel. Lock chambers and canal structures are thick, watertight, high-consequence pours, and the same WSV client structure that made the NRW canal records attractive applies here. It is a Medium rather than a High for two reasons: the Brunsbüttel chamber was due to complete end 2026 so its concrete is largely behind, and all the figures come from a 2023 trade article that may be out of date. The Kieler Kleine Schleuse, where preparations were running with no commissioning date named, is the piece most likely to still be open.","Timing: MEDIUM — Brunsbüttel largely complete, Oststrecke and Levensau ongoing, Kleine Schleuse in preparation with no date. Opportunity: HIGH — multiple lock and canal structures with thick sections. Access: LOW — no contractor published; entry via the Kanalverwaltung and WSV. Coverage: HIGH — Continental Europe, Lisa.","Cure / Signal,Data Hub,MixAI",Direct,reed,,
LBV.SH / AUTOBAHN GMBH NL NORD - Straßenbauprogramm Schleswig-Holstein 2026 - Schleswig-Holstein (statewide),"Multiple, let per measure. Client-side delivery bodies: Landesbetrieb Straßenbau und Verkehr Schleswig-Holstein (LBV.SH) and Die Autobahn GmbH des Bundes, Niederlassung Nord (Direktor Carsten Butenschön), under Verkehrsminister Claus Ruhe Madsen.",,Various per measure,"Land Schleswig-Holstein and Bund, supported by the federal Sondervermögen",Statewide across Schleswig-Holstein; coordinates are Kiel as the administrative centre,Germany,eu,54.3233,10.1394,271,Highway / road,Replacement,Awarded - pre-start,Medium,"Mass concrete,Raft / substructure / basement",None identified,Rolling through 2026. Named 2026 Autobahn GmbH priorities: A1 rehabilitation Ratekau/Neuruppersdorf to Pansdorf and Bad Oldesloe to Bargteheide; A21 Leezen to Bad Oldesloe-Nord; A23 Halstenbek-Krupunder to Halstenbek/Rellingen; A215 Kiel-West to Kiel-Mitte; continued four-lane widening of the B404 to A21 with the Klein Barkau to Löptin section due for release in spring; continued four-lane B207 widening Heiligenhafen to Puttgarden; preparations for the new Fehmarnsund crossing west of the existing bridge.,,"Schleswig-Holstein's 2026 road investment package, described as over half a billion euros for the state's road and cycle network with support from the federal Sondervermögen. LBV.SH plans construction and rehabilitation worth EUR271m, of which EUR111m covers the roughly 3,700km Landesstraßen network and cycle routes, plus EUR15m annually of regular cycle network funding. Autobahn GmbH adds over EUR200m of investment in the state; its Niederlassung Nord plans EUR284m in total for the year, part of which covers Hamburg and northern Lower Saxony. Six larger Autobahn GmbH projects are named for 2026 across the A1, A21, A23, A215, B404 and B207, alongside preparations for a new Fehmarnsund crossing.",NEWS,New,__YES__,https://www.schleswig-holstein.de/DE/landesregierung/ministerien-behoerden/LBVSH/Presse/2026/Pressemitteilungen/260202_bauprogramm_land,lisa,"Programme-level record — not a single project. CONFIRMED: package over half a billion euros announced 2 Feb 2026, LBV.SH EUR271m with EUR111m to Landesstraßen and cycle routes, ~3,700km Landesstraßen network, EUR15m annual cycle funding, Autobahn GmbH over EUR200m in the state within a EUR284m NL Nord budget spanning SH, Hamburg and northern Lower Saxony, six named 2026 priorities across A1/A21/A23/A215/B404/B207, B404 Klein Barkau to Löptin release due spring, Fehmarnsund crossing preparations, Verkehrsminister Claus Ruhe Madsen, NL Nord Direktor Carsten Butenschön. INFERRED: that measures are weighted towards surfacing rather than structures — from the description as Sanierung and Instandsetzung. NOT CONFIRMED: contractors, individual measure values, structure counts. The new Fehmarnsund crossing is the component worth watching as it develops.",__NO__,__NO__,__NO__,Medium,Mass-concrete civils,"Over half a billion euros committed to the state's road and cycle network for 2026 with Sondervermögen backing — EUR271m planned by LBV.SH of which EUR111m goes to the 3,700km Landesstraßen network, plus over EUR200m of Autobahn GmbH investment in the state within a EUR284m NL Nord budget that also covers Hamburg and northern Lower Saxony. Six named Autobahn GmbH priorities for 2026 including continued four-lane widening of the B404 to A21 standard and of the B207 between Heiligenhafen and Puttgarden, plus preparations for the new Fehmarnsund crossing. Two identifiable client bodies and a genuine funding step-up make this a reasonable account-level approach, but individual measures are mostly resurfacing and rehabilitation rather than structures, which caps it at Medium.","Timing: HIGH — programme announced February 2026, measures running through the year. Opportunity: MEDIUM — large aggregate spend but weighted towards surfacing and rehabilitation. Access: MEDIUM — LBV.SH and Autobahn GmbH NL Nord are both identifiable and centrally coordinated. Coverage: HIGH — Continental Europe, Lisa.","Cure / Signal,Data Hub",Direct,reed,250M+,
"DEGES - A21 Verlängerung Klein Barkau bis Kiel und B404 vierstreifiger Ausbau - Kreis Plön / Kiel, Germany","Not published in the sources found. Client-side delivery bodies: DEGES and Die Autobahn GmbH des Bundes, NL Nord.",,Not published,"Die Autobahn GmbH des Bundes / Bund, delivered in part by DEGES","A21 / B404 corridor from Klein Barkau northward to Kiel-Wellsee and the Barkauer Kreuz, Kreis Plön and Kiel",Germany,eu,54.22,10.18,,Highway / road,New build,Awarded - pre-start,Medium,"Mass concrete,Raft / substructure / basement",None identified,"Klein Barkau to Löptin release due spring 2026. Klein Barkau to Kiel-Wellsee targeted to begin construction in 2026, subject to the Planfeststellung documents DEGES was preparing. Kronsburg to Barkauer Kreuz still in preliminary design with a Südspange concept to follow. DEGES estimated a maximum of three years construction for the final connection into Kiel.",,"Extension of the A21 northward towards Kiel and continued four-lane upgrading of the B404 to motorway standard. A 6.2km section between Klein Barkau and Nettelsee north-east of Neumünster was planned for release, making the A21 continuously driveable from the Bargteheide interchange to Klein Barkau; the Klein Barkau to Löptin section was due for release in spring 2026. DEGES has been preparing Planfeststellung documents for the Klein Barkau to Kiel-Wellsee section with the aim of starting construction in 2026, while the Kronsburg to Barkauer Kreuz section including the so-called Südspange remains in preliminary design. DEGES estimates a maximum of three years construction for the remaining connection into Kiel.",NEWS,New,__NO__,https://www.deges.de/newsletter-archiv/verkehrsprojekte-aktuell-in-schleswig-holstein-januar-2023/,lisa,"CONFIRMED: 6.2km Klein Barkau to Nettelsee section planned for release making the A21 continuous from Bargteheide, Klein Barkau to Löptin release due spring 2026, DEGES preparing Planfeststellung for Klein Barkau to Kiel-Wellsee targeting a 2026 construction start, Kronsburg to Barkauer Kreuz in preliminary design with a Südspange concept, DEGES estimate of maximum three years for the final Kiel connection, B404 four-lane upgrade continuing as a 2026 Autobahn GmbH priority. INFERRED: nothing. NOT CONFIRMED: contractors, values, structure counts, whether the 2026 construction start on the Kiel-Wellsee section actually happened — some of this detail comes from a 2023 DEGES newsletter and should be re-checked.",__NO__,__NO__,__NO__,Medium,Mass-concrete civils,"The final push of a long motorway extension towards Kiel, upgrading the B404 to A21 standard. The Klein Barkau to Löptin section was due for release in spring 2026 and DEGES was preparing Planfeststellung documents for Klein Barkau to Kiel-Wellsee with the aim of starting construction in 2026, while the Kronsburg to Barkauer Kreuz section including the Südspange remains in preliminary design. New-build motorway means overbridges, underpasses and retaining structures across the corridor. It is a Medium because the concrete is dispersed across many modest structures, no contractor is published, and the northern sections depend on planning approval that was still in preparation.","Timing: MEDIUM — one section releasing spring 2026, the Kiel-Wellsee section targeted to start 2026 subject to approval, Kronsburg section still in preliminary design. Opportunity: MEDIUM — new motorway structures, dispersed. Access: LOW — no contractor published. Coverage: HIGH — Continental Europe, Lisa.","Cure / Signal,Data Hub",Direct,reed,,
"SCHWARZ DIGITS - Rechenzentrum Lübbenau - Lübbenau/Spreewald, Germany","Not published. Client and developer: Schwarz Digits, the technology arm of the Schwarz Gruppe (Lidl, Kaufland). Company spokesperson named in coverage: Hees.",,Not published,Schwarz Gruppe / Schwarz Digits,"Lübbenau/Spreewald, Landkreis Oberspreewald-Lausitz, Brandenburg",Germany,eu,51.86,13.96,,Data centre,New build,Main works / on site,Large,"Slabs / pavements,Raft / substructure / basement",None identified,"Under way. First Ausbaustufe in construction as of August 2026, with further stages implied but not dated.",,"Schwarz Gruppe, through its Schwarz Digits arm, is investing billions in a data centre at Lübbenau in the Spreewald, part of the Lausitz structural transition away from lignite. The region intends to use waste heat from the facility as a heat source. The first expansion stage will employ around 30 security personnel and 30 technicians. Responding to environmental criticism of data centre water consumption, the operator states it runs a closed water circuit and, unlike operators that wet roof-mounted coolers with drinking water, requires no water abstraction for operation.",NEWS,This week,__NO__,https://www.nordkurier.de/regional/brandenburg/milliardeninvestition-in-der-lausitz-aber-nur-wenige-neue-jobs-4793832,lisa,"HIGHEST-VALUE UNRESOLVED ITEM IN BRANDENBURG — needs proper research before it can be worked. CONFIRMED: Schwarz Gruppe investing billions in a Lübbenau data centre, first Ausbaustufe with ~30 security and ~30 technical staff, regional waste heat use planned, closed water circuit with no abstraction for operation, part of the Lausitz structural transition. INFERRED: that the value is overwhelmingly in construction rather than operation, from the very low operational headcount; and that further stages follow, from the Ausbaustufe framing. NOT CONFIRMED: general contractor, construction value, floor areas, MW capacity, programme dates, number of stages. Value deliberately left blank — 'billions' is an investment figure, not a construction cost, and nothing more precise was found.",__YES__,__YES__,__NO__,High,Schedule-critical vertical build,"A multi-billion euro data centre investment described in August 2026 coverage as being built in staged Ausbaustufen, with the first stage employing only around 30 security staff and 30 technicians — which tells you the value is overwhelmingly in construction rather than operation, and that further stages follow. Staged hyperscale build on one site is direct repeatability, and Schwarz Digits is a German operator building sovereign cloud capacity, so the programme extends beyond this location. There is also a genuine MixAI hook: the operator publicly emphasises a closed water circuit and rejects evaporative cooling in response to environmental criticism, which indicates a client actively defending its environmental credentials. Banded High on scale and stage, with the honest caveat that almost no construction detail was established.","Timing: HIGH — under construction with further Ausbaustufen to follow. Opportunity: HIGH — multi-billion investment, staged hyperscale build. Access: LOW — no contractor published and no construction detail established. Coverage: HIGH — Continental Europe, Lisa.","Cure / Signal,Data Hub,MixAI",Direct,reed,,
"DEUTSCHE BAHN - Neues ICE-Instandhaltungswerk Cottbus, zweite Werkhalle - Cottbus, Germany",Not named in the sources found. Delivered under DB's Partnerschaftsmodell Schiene in cooperation with construction firms and authorities. Client-side delivery body: Deutsche Bahn AG. Project lead for the works: Marc Herrmann.,,Not published,"Deutsche Bahn AG, funded under the Investitionsgesetz Kohleregionen with Bund and Land Brandenburg support","New DB works at Cottbus Hauptbahnhof, western construction area, Cottbus",Germany,eu,51.7508,14.3264,1000,Industrial / manufacturing,Phase of larger scheme,Main works / on site,Medium,"Slabs / pavements,Raft / substructure / basement",None identified,"Largely complete. Earthworks for the second building project began in January of the relevant year, the four-track hall plus paint line was to enter service in 2026, and DB announced in July 2026 that the second hall would take up operation in February 2027 with construction fully on schedule.",,"New ICE maintenance works at Cottbus Hauptbahnhof, the flagship structural-transition project for the Lausitz lignite region, financed under the Investitionsgesetz Kohleregionen. Roughly EUR1bn invested in total, creating 1,200 industrial and training jobs at full build-out. The first two-track hall entered service in January 2024 after under two years of construction, two years earlier than originally planned. The second hall is over 500m long with four tracks plus a paint line, completing what DB describes as its most modern and largest maintenance works; it is due to enter operation in February 2027 with ICE 4 heavy maintenance taking around three weeks, half as long as at other sites. Around 700 of the 1,200 staff had been recruited by mid-2026. Delivered in cooperation with construction firms and authorities under the Partnerschaftsmodell Schiene.",NEWS,New,__YES__,https://www.db-neues-werk-cottbus.com/aktuelles/naechster-schritt-fuer-das-neue-werk-cottbus.html,lisa,"CONFIRMED: ~EUR1bn total investment, 1,200 jobs at full build-out with ~700 recruited by mid-2026, first two-track hall in service Jan 2024 after under two years and two years early, second hall over 500m with four tracks plus paint line, second hall entering service Feb 2027 and reported on schedule, ICE 4 heavy maintenance ~3 weeks versus double elsewhere, financed under the Investitionsgesetz Kohleregionen, delivered under Partnerschaftsmodell Schiene, project lead Marc Herrmann. INFERRED: that little structural work remains, from the Feb 2027 service date. NOT CONFIRMED: contractor, construction value as distinct from total investment, slab areas. Value recorded is total programme investment, not a construction figure. PROCUREMENT THEME: Partnerschaftsmodell Schiene appears here and on the Pfaffensteigtunnel — treat DB alliance contracting as a single cross-state conversation.",__YES__,__NO__,__NO__,Medium,Schedule-critical vertical build,"A four-track maintenance hall over 500m long plus a paint line, on a roughly EUR1bn programme, with the second hall due to enter service February 2027 and reported fully on schedule. Very long, heavily loaded industrial floor slabs with rail embedded are real Cure and Signal territory, and the project is delivered under DB's Partnerschaftsmodell Schiene — the same alliance model as the Pfaffensteigtunnel — where shared outcomes make method improvements easier to sell. It is a Medium rather than a High because the second hall enters service in February 2027, so the structural work is largely complete, and the flagship first hall has been operating since January 2024. The lasting value is the DB alliance-procurement theme and the Cottbus rail cluster rather than remaining pours here.","Timing: LOW to MEDIUM — second hall in service Feb 2027, so structure is largely done. Opportunity: MEDIUM — 500m+ four-track hall and paint line, heavy industrial slabs. Access: MEDIUM — DB is identifiable and the Partnerschaftsmodell is a recurring theme across this German sweep. Coverage: HIGH — Continental Europe, Lisa.","Cure / Signal,Data Hub",Direct,reed,250M+,
"DB INFRAGO - Zweigleisiger Ausbau Lübbenau - Cottbus - Lausitz, Germany",Not published in the sources found. Client-side delivery body: DB InfraGO AG.,,Not published,"DB InfraGO AG, funded from Strukturstärkung Lausitz allocations with Bund and Land Brandenburg","Railway between Lübbenau and Cottbus, roughly 29km, Landkreise Oberspreewald-Lausitz and Spree-Neiße",Germany,eu,51.8,14.1,,Rail / metro,New build,Awarded - pre-start,Medium,"Mass concrete,Raft / substructure / basement",None identified,"Construction start planned December 2026. The line between Cottbus and Lübbenau closes for a full year from the end of 2026, with first trains expected from end 2027.",,"Double-tracking of the roughly 29km railway between Lübbenau and Cottbus, creating the basis for a half-hourly regional service between Berlin and Cottbus. Brandenburg's infrastructure minister Rainer Genilke describes it as removing a bottleneck that has held back rail traffic in the region for decades. Additional funding was released as part of a package of over EUR750m for rail and road expansion in the Lausitz, itself part of EUR10.32bn allocated to Brandenburg for structural transition following the lignite phase-out. Construction is planned to begin December 2026, with the line closed for one year from the end of 2026 and first trains expected from end 2027.",NEWS,This week,__YES__,https://www.tagesspiegel.de/potsdam/brandenburg/braunkohleausstieg-erster-ice-im-februar-bahnwerk-in-cottbus-als-meilenstein-15807447.html,lisa,"NEXT ACTION (Sep 2026): identify the contractor ahead of the December 2026 start — the one-year total closure means the award must already exist or be imminent. CONFIRMED: ~29km double-tracking Lübbenau to Cottbus, basis for a half-hourly Berlin-Cottbus service, described by Minister Genilke as a decades-old bottleneck, funding released within a EUR750m+ Lausitz rail and road package, Brandenburg receiving EUR10.32bn in total structural transition funds, construction start planned Dec 2026, line closed one year from end 2026, first trains from end 2027. INFERRED: that a full-line closure creates hard schedule exposure — a reading of the published closure commitment. NOT CONFIRMED: contractor, project value, structure count along the route.",__YES__,__YES__,__NO__,High,Mass-concrete civils,"Twenty-nine kilometres of second track with construction starting December 2026 and the line closed for a full year from end 2026 — a hard, published closure window on a route DB describes as a decades-old bottleneck, with first trains expected from end 2027. A twelve-month total closure is the sharpest form of schedule pressure available: everything structural on the route has to be delivered inside it, and the reopening date has been announced publicly. Twenty-nine kilometres of doubling means repeated overbridges, underpasses, culverts and platform structures rather than one large pour, which caps the concrete band at Medium, but the timing and the closure discipline make this a High overall. Funding is secured from the Strukturstärkung allocations.","Timing: HIGH — construction starts Dec 2026, one-year total closure from end 2026, first trains end 2027; nothing built yet. Opportunity: MEDIUM — 29km of doubling with repeated small structures rather than concentrated volume. Access: LOW — no contractor published. Coverage: HIGH — Continental Europe, Lisa.","Cure / Signal,Data Hub",Direct,reed,,
"DEUTSCHE BAHN - Neubau Bahnhof Fangschleuse am Tesla-Werk - Grünheide (Mark), Germany","Not published in the sources found. Client-side delivery body: Deutsche Bahn AG, with Land Brandenburg.",,Not published,"Deutsche Bahn AG, with Land Brandenburg; Verkehrsminister Detlef Tabbert","New Bahnhof Fangschleuse, roughly 2km from the previous station and adjacent to the Tesla Gigafactory, Freienbrink, Grünheide (Mark), Landkreis Oder-Spree",Germany,eu,52.405,13.76,,Rail / metro,Replacement,Main works / on site,Small,Raft / substructure / basement,None identified,Complete or nearly so. Works began early 2025 under rolling traffic; the first section of the pedestrian tunnel was pushed in during a closure from 7 to 25 July 2025; a three-week closure was planned from end July 2026; passenger service was planned to begin mid-August 2026.,,"Complete rebuild of Bahnhof Fangschleuse as a modern passenger and freight station roughly 2km from its previous location, directly at the entrance to Tesla's Gigafactory, to improve access to the Freienbrink industrial area and shift freight from road to rail. Groundbreaking April 2025 with construction under rolling traffic so the old station remained usable. DB expected around 15,000 passengers a day to use the infrastructure on completion. Passenger service was planned to begin mid-August 2026. Environmental activists repeatedly attempted to obstruct preparatory works.",NEWS,New,__YES__,https://www.tagesspiegel.de/potsdam/brandenburg/einsteigen-bitte-bahnhof-fangschleuse-soll-im-august-2026-in-betrieb-gehen-14076101.html,lisa,"CONFIRMED: complete rebuild ~2km from the previous station as a passenger and freight station, longer platforms and new freight tracks, groundbreaking April 2025, construction under rolling traffic, pedestrian tunnel first section pushed in during a 7-25 July 2025 closure, three-week closure planned from end July 2026, service planned mid-August 2026, ~15,000 daily users expected, activist obstruction of preparatory works. INFERRED: that structural work is complete, from the service date. NOT CONFIRMED: contractor, value. Recorded for completeness only.",__NO__,__NO__,__NO__,Low,Mass-concrete civils,"A complete rebuild of a passenger and freight station roughly 2km from its previous position, with longer platforms and new freight tracks, built under live rail operation. Works began early 2025 with entry into service planned for mid-August 2026 — which is essentially now, so the structural work including the pedestrian tunnel is complete. Recorded for completeness and because it demonstrates DB working under rolling traffic with staged possessions in this region, but there is nothing left to pour.","Timing: LOW — service planned from mid-August 2026, structure complete. Opportunity: LOW — single station rebuild. Access: LOW — no contractor published. Coverage: HIGH — Continental Europe, Lisa.",Cure / Signal,Direct,reed,,
"TESLA - Gigafactory Berlin-Brandenburg Erweiterung - Grünheide (Mark), Germany",Not published for the expansion phases. Client and developer: Tesla Manufacturing Brandenburg SE. Plant manager: André Thierig.,,Not published,"Tesla, Inc. / Tesla Manufacturing Brandenburg SE","Tesla Gigafactory Berlin-Brandenburg, Freienbrink, Grünheide (Mark), Landkreis Oder-Spree",Germany,eu,52.395,13.79,,Industrial / manufacturing,Phase of larger scheme,PCSA / preconstruction,Medium,"Slabs / pavements,Raft / substructure / basement",Not assessed — the original plant was built at exceptional speed and any monitoring arrangements from that phase are unknown,"None currently. Gated by Tesla filing further permit applications, which it has not done, and by demand recovery. The first Teilgenehmigung of October 2024 permits works within the existing plant such as storage areas, a battery cell test laboratory and logistics areas without further forest clearance.",,"Tesla's Gigafactory at Grünheide, its only European plant, employs around 11,000-12,500 people producing roughly 5,000 vehicles a week, about 250,000 a year, against a permitted 10,000 a week. Tesla has stated a 2026 target of up to 7,500 vehicles a week and intends to expand battery cell production to bundle the value chain, describing that combination as unique in Europe. However expansion has slowed markedly: only the first of three Teilgenehmigungen was granted in October 2024, covering works inside the existing plant without further clearance; no further applications have been filed; battery cell production is not approved; and infrastructure including a EUR244m rail connection is planned but not confirmed. A 2024 local referendum saw 65 percent of voters reject clearing further forest for a rail yard, warehouses and a day care centre.",NEWS,New,__YES__,https://www.notebookcheck.com/Tesla-Krise-trifft-Gruenheide-Ausbau-der-Gigafabrik-ist-ins-Stocken-geraten.1097089.0.html,lisa,"Watch item with a clear trigger, not a pursuit. CONFIRMED: ~11,000-12,500 employees, ~5,000 vehicles/week against a permitted 10,000, 2026 target of up to 7,500/week and ~375,000/year stated in the 2025 annual report, battery cell production planned but not approved, first of three Teilgenehmigungen granted Oct 2024 covering storage, a battery cell test lab and logistics without further clearance, no further permit applications filed, EUR244m rail connection planned, 2024 referendum rejected further clearance by 65 percent, 2025 expansion included a new building for pre-series vehicles, plant manager André Thierig states expansion follows demand. INFERRED: nothing. NOT CONFIRMED: contractors, any construction dates. TRIGGER TO REVISIT: Tesla filing the second or third Teilgenehmigung application, or approval of battery cell production.",__NO__,__NO__,__NO__,Low,Schedule-critical vertical build,"On paper an obvious target — Germany's largest industrial site, an approved expansion path towards a million vehicles a year, a planned battery cell plant and a EUR244m rail connection. In practice it has stalled, and the honest read is Low. Tesla received only the first of three Teilgenehmigungen in October 2024, has filed no further permit applications since, has not obtained approval for battery cell production, and the plant manager has stated expansion will follow demand rather than plan. Production runs at roughly 5,000 vehicles a week against a permitted 10,000. A 2024 local referendum rejected further forest clearance by 65 percent. Recorded because the site is too significant to omit and because a demand recovery would reactivate a very large construction programme quickly — this is a watch item with a clear trigger.","Timing: LOW — expansion stalled, no further permit applications filed, conditional on market demand. Opportunity: MEDIUM — large if it restarts, nothing live now. Access: LOW — no contractor published for expansion phases. Coverage: HIGH — Continental Europe, Lisa.",Cure / Signal,Direct,reed,,
"DEGES - A14 Nordverlängerung mit Elbquerung Wittenberge - Sachsen-Anhalt / Brandenburg, Germany",Not published in the sources found. Client-side delivery body: DEGES Deutsche Einheit Fernstraßenplanungs- und -bau GmbH on behalf of Die Autobahn GmbH des Bundes.,,Not published,"Bundesrepublik Deutschland / Die Autobahn GmbH des Bundes, delivered by DEGES","A14 between the Magdeburg and Schwerin interchanges, including the Elbe crossing at Wittenberge and the Wittenberge to Karstädt section; runs through Sachsen-Anhalt, Brandenburg and Mecklenburg-Vorpommern",Germany,eu,52.99,11.75,2300,Highway / road,New build,Main works / on site,Large,"Mass concrete,Raft / substructure / basement",None identified,"Ongoing and partly ahead. From summer 2026 the eastern of the two carriageways at Wittenberge takes B189 traffic while the existing B189 bridge is demolished and rebuilt on the same site. Works to connect the A14 to the B189 at AS Wittenberge run to summer 2026. In the Wittenberge to Karstädt section, environmental compensation measures are being carried out to achieve construction clearance; DEGES could not name an official construction start date for that section.",,"Northern extension of the A14 closing the gap between the Magdeburg and Schwerin interchanges, decided by the Bundestag in 2004 and currently the largest German motorway new-build project. Total cost including completed sections is put at around EUR2.3bn by the federal transport ministry, against roughly EUR750m estimated at project start in the early 2000s; increases are attributed mainly to general construction price inflation, with repeated delay caused by legal challenges. 2026 is a pivotal year, with two further sections opening and the Elbe crossing at Wittenberge completing to link Sachsen-Anhalt and Brandenburg. Financing is now reported as finally secured.",NEWS,This week,__YES__,https://www.radiobrocken.de/nachrichten/2026-wird-wichtiges-Jahr-f%C3%BCr-die-A14-Nordverl%C3%A4ngerung-id1556310.html,lisa,"CROSS-STATE: this project runs through Sachsen-Anhalt, Brandenburg and Mecklenburg-Vorpommern. Recorded once here to avoid triple-counting — the loader will flag any duplicate. CONFIRMED: Bundestag decision 2004, largest current German motorway new-build project, ~EUR2.3bn total against ~EUR750m at project start, increases attributed to construction price inflation, repeated delay by litigation, financing now reported secured, two sections opening in 2026, Elbe crossing at Wittenberge completing, eastern carriageway taking B189 traffic from summer 2026 while the B189 bridge is demolished and rebuilt in place, AS Wittenberge connection works to summer 2026, environmental compensation under way in the Wittenberge-Karstädt section. INFERRED: nothing. NOT CONFIRMED: contractors, structure counts, and crucially DEGES could not name an official construction start for the remaining section.",__YES__,__YES__,__NO__,High,Mass-concrete civils,"Described as currently the largest German motorway new-build project, closing the gap between the Magdeburg and Schwerin interchanges at around EUR2.3bn, with financing now reported as finally secured after repeated delay by litigation. 2026 is a decisive year: two further sections open to traffic and the Elbe crossing at Wittenberge completes, linking Sachsen-Anhalt and Brandenburg. New-build motorway across the Elbe floodplain means a major river crossing plus a long run of repeated overbridges, underpasses and culverts, and one B189 bridge is being demolished and rebuilt on the same site. Sections remain unbuilt with no official start date named, so a meaningful share of the programme is still ahead under a single delivery body.","Timing: HIGH — two sections opening 2026 and the Elbe crossing completing, with further sections still unstarted and undated. Opportunity: HIGH — major river crossing plus many repeated structures across a long new alignment. Access: LOW — no contractor published; DEGES is the identifiable client. Coverage: HIGH — Continental Europe, Lisa.","Cure / Signal,Data Hub,MixAI",Direct,reed,250M+,
"LAND SACHSEN-ANHALT - Hightech-Park Magdeburg auf der ehemaligen Intel-Fläche - Magdeburg, Germany",None — no development is under construction. Promoting body: Land Sachsen-Anhalt; Landesminister für Finanzen und Wirtschaft Michael Richter.,,None appointed,Land Sachsen-Anhalt (prospective),"Roughly 400ha at the Eulenberg industrial area on the A14 south-west of Magdeburg, the former Intel site",Germany,eu,52.08,11.56,,Industrial / manufacturing,New build,PCSA / preconstruction,Large,"Slabs / pavements,Raft / substructure / basement",None identified,None. Gated by the state repurchasing the land from Intel and attracting an anchor investor. No timetable published.,,"Intel announced a megafab at the Eulenberg industrial area near Magdeburg in March 2022, initially at EUR17bn and later revised to over EUR30bn for two advanced semiconductor plants, with around EUR9.9bn of state aid offered, 7,000 construction jobs and 3,000 permanent positions. Construction start moved repeatedly from 2023 to 2024, was then delayed by around two years in September 2024 as Intel cut costs, and the project was formally cancelled in 2025. Sachsen-Anhalt is now negotiating with Intel to repurchase the roughly 400ha site and plans to develop a large high-tech industrial park there instead, described by Finance and Economy Minister Michael Richter as offering investment space unlike anything else in Germany.",NEWS,Disqualified,__YES__,https://www.volksstimme.de/newsletter/update-sachsen-anhalt/update-sachsen-anhalt-vom-11-maerz-2026-nach-intel-aus-so-will-sachsen-anhalt-neue-investoren-in-den-hightech-park-locken-4213969,lisa,"CORRECTION RECORD — check whether 007 holds any live Intel Magdeburg entry and disqualify it. CONFIRMED: Intel announcement March 2022 at EUR17bn, later revised above EUR30bn for two fabs, ~EUR9.9bn state aid offered, 7,000 construction and 3,000 permanent jobs projected, site ~400ha at Eulenberg on the A14, purchased by Intel in 2022, construction start repeatedly moved and delayed ~two years in Sept 2024, project cancelled by Intel in 2025 citing changed group strategy and weak demand, Sachsen-Anhalt negotiating repurchase and planning a high-tech park. INFERRED: nothing. NOT CONFIRMED: whether the repurchase has completed, any investor, any development programme. Related infrastructure that was planned around Intel — a new S-Bahn line Burg to Magdeburg to Schönebeck and ICE connectivity upgrades — should also be treated as uncertain.",__NO__,__NO__,__NO__,Low,Schedule-critical vertical build,"Recorded primarily as a correction. Intel's Magdeburg megafab — announced at EUR17bn, later revised above EUR30bn with nearly EUR10bn of state aid and around 7,000 construction jobs — was delayed by two years in 2024 and then cancelled outright in 2025. Nothing is being built. The state is negotiating to buy the land back from Intel and plans a high-tech industrial park on roughly 400 hectares, described by the economy minister as a site for investment unlike anything else in Germany. That is a serviced site being marketed, not a construction project: no investor, no buildings, no programme. Banded Low accordingly, but retained because 400ha of serviced industrial land next to the A14 is a genuinely large future pipeline if an anchor investor lands.","Timing: LOW — no development, site repurchase under negotiation. Opportunity: HIGH only in the abstract — ~400ha of serviced industrial land. Access: LOW — nothing to build and nobody building it. Coverage: HIGH — Continental Europe, Lisa.","Cure / Signal,Data Hub",Direct,reed,,
LAND SACHSEN-ANHALT - Sofortprogramm Brücken und Straßen 2026 - Sachsen-Anhalt (statewide),"Multiple, let per measure; none published. Client-side delivery body: Verkehrsministerium Sachsen-Anhalt and the Landesstraßenbaubehörde.",,Various per measure,"Land Sachsen-Anhalt, funded from the state's EUR2bn Sondervermögen",Statewide across Sachsen-Anhalt; coordinates are Magdeburg as the administrative centre,Germany,eu,52.1205,11.6276,71,Bridge / viaduct,Replacement,Awarded - pre-start,Medium,"Mass concrete,Raft / substructure / basement",None identified,Through 2026 per measure. No individual dates established.,,"Sachsen-Anhalt's transport ministry launched a 2026 Sofortprogramm to reduce the maintenance backlog on bridges and roads, funded with EUR71m from the state's EUR2bn Sondervermögen, with Landtag approval sought on 16 December 2025.",NEWS,New,__NO__,https://www.volksstimme.de/sachsen-anhalt/landespolitik/sanierung-bruecke-strasse-bauarbeiten-umleitung-vollsperrung-4166517,lisa,"Thin programme record — the source was partly paywalled and little detail was obtained. CONFIRMED: EUR71m Sofortprogramm for 2026 targeting bridge and road maintenance backlog, funded from the state's EUR2bn Sondervermögen, Landtag approval on 16 Dec 2025. INFERRED: that a Sofortprogramm implies measures accelerated relative to normal sequencing — a reading of the framing, not a stated position. NOT CONFIRMED: project list, individual values, contractors, split between bridges and carriageway. Obtain the measure list from the Landesstraßenbaubehörde before working this.",__NO__,__NO__,__NO__,Medium,Mass-concrete civils,"A EUR71m immediate programme for 2026 targeting the bridge and road maintenance backlog, drawn from the state's EUR2bn Sondervermögen and approved by the Landtag in December 2025. The framing as a Sofortprogramm implies measures brought forward for speed rather than sequenced normally, which is the disposition that makes a cycle-time argument land. It is a Medium because EUR71m spread across a statewide backlog means small individual measures, no project list or contractors were established, and the source was partly paywalled.","Timing: HIGH — programme approved Dec 2025 for 2026 delivery. Opportunity: MEDIUM — EUR71m across many small bridge and road measures. Access: LOW — no project list or contractors established. Coverage: HIGH — Continental Europe, Lisa.","Cure / Signal,Data Hub",Direct,reed,50-250M,
"CHEMIEPARK LEUNA - Ansiedlungen und Erweiterungen - Leuna, Germany",Multiple across individual investments; none published. Site operator: InfraLeuna. Named investor with a completed facility: UPM Biochemicals GmbH.,,Not published,Various investors at the Chemiepark Leuna,"Chemiepark Leuna, Saalekreis, Sachsen-Anhalt",Germany,eu,51.32,12.01,1300,Industrial / manufacturing,New build,Main works / on site,Medium,"Raft / substructure / basement,Slabs / pavements,Mass concrete",None identified,Continuous across individual investments; nothing specific dated in the sources found. The UPM Biochemicals biorefinery is complete and operating.,,"Chemiepark Leuna is described by the state as one of the largest construction sites in Germany, with over 100 companies from ten nations investing around EUR1.3bn in research and green chemistry. UPM Biochemicals has built one of the world's first commercial biorefineries for wood-based chemicals there, processing sustainably sourced beech wood at 220,000 tonnes a year capacity with an investment of around EUR1.3bn and around 220 jobs. Sachsen-Anhalt also cites Daimler Truck, Avnet and UPM among its larger inward investment projects.",MANUAL,New,__NO__,https://www.sachsen-anhalt.de/lj/grossprojekte-sachsen-anhalt/grossprojekte-sachsen-anhalt,lisa,"CONFIRMED: over 100 companies from ten nations investing ~EUR1.3bn at Chemiepark Leuna in research and green chemistry, described by the state as one of Germany's largest construction sites, UPM Biochemicals biorefinery built for ~EUR1.3bn with 220,000 t/yr capacity and ~220 jobs, Daimler Truck and Avnet also cited as major state investments. INFERRED: recurring foundation and plinth work from the nature of a continuously developing chemical park — not from any published pipeline. NOT CONFIRMED: any current construction project, contractor, or programme. AMBIGUITY: the same ~EUR1.3bn figure appears both for the site-wide investment total and for the UPM biorefinery alone in the state's own text — do not quote it without resolving which it refers to. Next step is InfraLeuna's current investment pipeline.",__YES__,__NO__,__NO__,Medium,Mass-concrete civils,"Described by the state as one of Germany's largest construction sites, with over 100 companies from ten nations investing around EUR1.3bn in research and green chemistry. A continuously building chemical park means recurring heavy foundations, plant plinths and process structures under a single site operator, which is a better long-run position than a one-off industrial shed. It is a Medium because the EUR1.3bn is an aggregate across many separate investors rather than one contract, the flagship UPM biorefinery is already built and operating, and no current construction, contractor or programme was established for any individual scheme.","Timing: MEDIUM — continuous investment described but no current project dated. Opportunity: MEDIUM — recurring heavy industrial foundations across many investors. Access: LOW — no contractor identified; entry would be via InfraLeuna as site operator. Coverage: HIGH — Continental Europe, Lisa.","Cure / Signal,Data Hub,MixAI",Direct,reed,250M+,
FREISTAAT THÜRINGEN - Kommunales Investitionsprogramm 2026-2029 - Thüringen (statewide),"None — this is a funding programme, not a construction contract. Measures will be procured individually by municipalities. Promoting bodies: Finanzministerium Thüringen (Ministerin Katja Wolf), Ministerpräsident Mario Voigt, Kommunalminister Georg Maier; credits issued via the Thüringer Aufbaubank.",,Not applicable,"Thüringer Kommunen, financed by the Freistaat Thüringen via Thüringer Aufbaubank credits",Statewide across Thüringen; coordinates are Erfurt as the state capital,Germany,eu,50.9787,11.0328,1000,Other,Replacement,PCSA / preconstruction,Medium,"Slabs / pavements,Raft / substructure / basement",None identified,From 2026 onward as municipalities draw credits and procure measures. No individual projects dated.,,"Thüringen's Kommunales Investitionsprogramm 2026 to 2029, presented as the state's largest investment programme, providing EUR250m per year for four years. Municipalities take corresponding credits from the Thüringer Aufbaubank, with the Freistaat covering interest and repayment and financing the credits through to 2049. The Kommunalordnung is being amended so that municipalities under Haushaltssicherung can also access the credits. The stated targets are dilapidated schools, damaged roads and overloaded administrations. Distribution between districts, urban districts and municipalities was agreed with the state's local government associations.",NEWS,New,__YES__,https://finanzen.thueringen.de/aktuelles/medieninfo/detailseite/thueringens-groesstes-investitionsprogramm,lisa,"Funding envelope, not a project. CONFIRMED: EUR250m per year 2026-2029, credits via Thüringer Aufbaubank with the state covering interest and repayment to 2049, Kommunalordnung being amended so municipalities in Haushaltssicherung can borrow, targets named as schools, roads and administrative buildings, distribution agreed with local government associations, presented Aug 2025 by Katja Wolf, Mario Voigt and Georg Maier. INFERRED: that this will produce substantial school and civic construction volume from 2026 — a reasonable expectation from the funding structure, not a published pipeline. NOT CONFIRMED: any individual project, site, value or contractor. Value recorded is the four-year total.",__NO__,__NO__,__NO__,Medium,Schedule-critical vertical build,"EUR250m a year for four years, 2026 to 2029, is the largest investment programme in the state's history and is explicitly aimed at dilapidated schools, damaged roads and overloaded administrative buildings. The financing structure matters: municipalities take credits from the Thüringer Aufbaubank and the state covers interest and repayment through to 2049, and the Kommunalordnung is being amended so that even municipalities under budget supervision can borrow. That removes the usual constraint on municipal building in a poor state and should produce a large volume of school and civic construction from 2026. It is a Medium rather than a High because it is a funding envelope rather than a project: no buildings, sites, contractors or programmes are named, and municipal work fragments across hundreds of small contracts.","Timing: HIGH — programme runs 2026 to 2029, starting now. Opportunity: MEDIUM — EUR1bn total across many small municipal buildings. Access: LOW — no projects or contractors identified; entry would be municipality by municipality. Coverage: HIGH — Continental Europe, Lisa.","Cure / Signal,MixAI",Direct,reed,250M+,
"STADT ERFURT - Baustellenprogramm 2026 und Ingenieurbauwerke - Erfurt, Germany","Multiple, let per measure; none published. Client-side delivery body: Stadt Erfurt, Tiefbau- und Verkehrsamt (TVA), with ThüWA (water) and the Entwässerungsbetrieb.",,Various per measure,Stadt Erfurt,"Citywide across Erfurt; named schemes at Geratalstraße, Clara-Zetkin-Straße, Mettengasse and various rail overbridges",Germany,eu,50.9787,11.0328,60,Highway / road,Replacement,Main works / on site,Small,"Raft / substructure / basement,Mass concrete",None identified,"Rolling. Live in 2026: railway bridge replacement with a lane closure to January 2027; railway overbridge renewal with the western tunnel bore closed to August 2026. Clara-Zetkin-Straße construction from 2027. Waidspeicher square rebuild from 2027. Geratalstraße earliest 2029 after diversion routes are built, with almost four years of construction.",,"Erfurt's 2026 construction programme lists over 400 projects on and under the city's streets, with the city investing around EUR60m in infrastructure, coordinated by the Tiefbau- und Verkehrsamt. Live 2026 works include a railway bridge replacement and a railway overbridge renewal. Beyond 2026 the pipeline includes the Clara-Zetkin-Straße rebuild, now in Ausführungsplanung with construction from 2027 and a first phase of demolition works; a redesign of the square in front of the Waidspeicher from 2027; and full reconstruction of the Geratalstraße, driven by two century-old large drinking water mains that concern ThüWA, at over EUR30m with almost four years of construction and an earliest start of 2029, preceded by building the diversion routes.",NEWS,New,__YES__,https://www.erfurt.de/ef/de/service/aktuelles/pm/2026/153522.html,lisa,"CONFIRMED: over 400 projects listed for 2026, ~EUR60m city infrastructure investment, TVA coordinating, Geratalstraße reconstruction over EUR30m with ~four years construction and earliest start 2029 driven by two 100-year-old water mains, diversion routes required first, Clara-Zetkin-Straße in Ausführungsplanung with 2027 start and demolition first phase, Waidspeicher square from 2027, railway bridge replacement with closure to Jan 2027, railway overbridge renewal with western tunnel bore closed to Aug 2026. INFERRED: that structural concrete content is small — from the nature of the measures listed. NOT CONFIRMED: contractors, individual values beyond Geratalstraße.",__NO__,__NO__,__NO__,Medium,Mass-concrete civils,"Over 400 projects in 2026 at around EUR60m, coordinated by a single municipal department, with a pipeline extending well beyond the year: the Clara-Zetkin-Straße rebuild is in Ausführungsplanung for a 2027 start, and the Geratalstraße full reconstruction is a EUR30m-plus scheme with almost four years of construction that cannot begin before 2029 because diversion routes must be built first. Live works include a railway bridge replacement running to January 2027 and a railway overbridge renewal affecting a tunnel bore. The concrete content is genuinely small — this is predominantly utilities, carriageway and public realm rather than structures — so the band is Medium on the strength of the client relationship and the visible multi-year pipeline rather than on pour volume.","Timing: HIGH — 2026 programme live with a dated pipeline to 2029. Opportunity: LOW to MEDIUM — many small measures, limited structural concrete. Access: MEDIUM — a single municipal department coordinates everything and publishes its pipeline openly. Coverage: HIGH — Continental Europe, Lisa.",Cure / Signal,Direct,reed,50-250M,
"CATL - Contemporary Amperex Technology Thuringia, Batteriewerk Arnstadt - Arnstadt, Germany","Not established in this sweep. Operator: Contemporary Amperex Technology Thuringia GmbH, subsidiary of CATL (Ningde, China).",,Unknown,Contemporary Amperex Technology Co. Limited (CATL),"Erfurter Kreuz industrial area, Arnstadt / Ichtershausen, Ilm-Kreis, Thüringen",Germany,eu,50.84,10.95,,Industrial / manufacturing,New build,Main works / on site,Medium,"Slabs / pavements,Raft / substructure / basement",Not assessed,Not established. Requires research before this record is usable.,,"Contemporary Amperex Technology Thuringia GmbH, a subsidiary of CATL, operates at Arnstadt in the Erfurter Kreuz industrial area — CATL's first European production site. CATL was founded in Ningde, China in 2011 and was the supplier with the highest installed battery volume in electric vehicles worldwide in 2024. No construction, expansion or contractor information was established in this sweep.",MANUAL,New,__NO__,https://www.stepstone.de/results/german/in-ichtershausen,lisa,"BARE LEAD — do not work or quote without research. CONFIRMED: Contemporary Amperex Technology Thuringia GmbH operates at Arnstadt and is recruiting there; CATL founded 2011 in Ningde and the largest EV battery supplier by installed volume in 2024. INFERRED: large slab and equipment foundation scope from battery plant typology alone. NOT CONFIRMED: any construction activity, expansion plans, contractors, values, programme, or plant footprint. Coordinates are approximate for the Erfurter Kreuz area and should be corrected. Next step is a dedicated search on CATL Arnstadt Ausbau and Erfurter Kreuz industrial development — this is the most likely large industrial opportunity in Thüringen and this record does not do it justice.",__YES__,__NO__,__NO__,Low,Schedule-critical vertical build,"Flagged as a bare lead. All that was established in this sweep is that Contemporary Amperex Technology Thuringia GmbH operates at Arnstadt and is recruiting there — nothing about construction, expansion, contractors, values or programme. CATL is the world's largest battery manufacturer by installed volume and Arnstadt is its first European plant, so on typology a battery gigafactory means very large slab and heavy equipment foundation work. But no evidence of current or planned construction was found, so a higher band would not be defensible. Banded Low on evidence, not on judgement about the opportunity.","Timing: UNKNOWN — plant operating; no construction or expansion established. Opportunity: MEDIUM on typology — battery plants mean large slabs and equipment foundations. Access: UNKNOWN — no contractor or construction contact identified. Coverage: HIGH — Continental Europe, Lisa.",Cure / Signal,Direct,reed,,
"HANSESTADT ROSTOCK - Neubau Warnowbrücke Gehlsdorf - Stadthafen - Rostock, Germany","Award pending — bids opened 31 July 2026, contract award targeted autumn 2026. Client-side delivery bodies: Hansestadt Rostock with the Rostocker Gesellschaft für Stadterneuerung, Stadtentwicklung und Wohnungsbau mbH (RGS).",,Not yet appointed,"Hansestadt Rostock / RGS, with EUR35.7m of federal funding","Warnow crossing from Gehlsdorf am Fährberg to the Stadthafen at berth 83 E, Rostock",Germany,eu,54.095,12.12,62.8,Bridge / viaduct,New build,Awarded - pre-start,Medium,"Mass concrete,Raft / substructure / basement",None identified,"Autumn 2026, subject to award and to the Planfeststellungsbeschluss which is still outstanding and expected autumn 2026. Bridge completion September 2029; connecting road works at Gehlsdorf and the Stadthafen targeted June 2030. A procurement notice gives a formal start date of 2 November 2026 and delivery end 18 June 2029, which the city describes as a procedural formality rather than the actual start.",,"New 613m foot and cycle bridge across the Warnow linking Gehlsdorf am Fährberg with the Stadthafen at berth 83 E in Rostock, designed to wind across the water. Total cost around EUR62.8m of which EUR35.7m is federal funding. Procured EU-wide as a steel bridge with a concrete carriageway; the tender period for the main lot closed with bids opened 31 July 2026, evaluation is under way against published award criteria, and the contract is to be awarded in autumn 2026 with construction starting the same season. Bridge completion is targeted September 2029, with connecting road works at Gehlsdorf and the Stadthafen completing June 2030. The Planfeststellungsverfahren is not yet concluded, with the decision expected autumn 2026; the city states there is no indication the scheme is fundamentally in question. It is one of several interlocking major projects governing the redevelopment of the central Stadthafen, alongside a flood defence structure and the Archäologisches Landesmuseum.",NEWS,This week,__YES__,https://www.nordkurier.de/regional/rostock/ein-spektakulaeres-bauwerk-an-der-ostsee-soll-die-ganze-stadt-veraendern-4777961,lisa,"NEXT ACTION (immediately): check whether the contract has been awarded — bids opened 31 July 2026 and award was targeted for autumn 2026, so the winning contractor should be identifiable now or within weeks. This is the single most time-sensitive record in the German sweep. CONFIRMED: 613m length, ~EUR62.8m total with EUR35.7m federal, steel bridge with concrete carriageway, EU-wide procurement, bids opened 31 Jul 2026, evaluation under way, award targeted autumn 2026, construction start targeted autumn 2026, bridge completion Sept 2029, connecting works June 2030, procurement notice dates of 2 Nov 2026 start and 18 Jun 2029 delivery end described by the city as a procedural formality, Planfeststellungsbeschluss outstanding and expected autumn 2026, RGS involved, part of a wider Stadthafen programme with a flood defence structure and the Archäologisches Landesmuseum. INFERRED: nothing. NOT CONFIRMED: contractor, and the Planfeststellung is not yet in hand — the city is confident but the approval is a real dependency.",__YES__,__YES__,__YES__,High,Mass-concrete civils,"The most precisely timed opportunity in this state and one of the sharpest in the sweep. A 613m foot and cycle bridge across the Warnow at EUR62.8m, procured EU-wide as a steel structure with a concrete deck. Bids opened on 31 July 2026, they are being evaluated against published award criteria now, the contract is to be awarded in autumn 2026 and construction is to start in autumn 2026, with the bridge complete September 2029 and approach works June 2030. The contractor is literally being selected as this record is written, and the whole pour programme — piers, foundations in the Warnow, and the concrete deck across 613m — is ahead. The city also frames it as one of several interlocking Großprojekte reshaping the Stadthafen alongside a flood defence structure and the Archäologisches Landesmuseum, so the client relationship extends further.","Timing: HIGH — bids opened 31 Jul 2026, award and construction start both targeted autumn 2026; everything is ahead. Opportunity: MEDIUM — 613m crossing with marine foundations and a concrete deck; substantial for a foot and cycle bridge but not mass-concrete scale. Access: HIGH — the award is imminent and the winning contractor will be identifiable within weeks. Coverage: HIGH — Continental Europe, Lisa.","Cure / Signal,Data Hub",Direct,reed,50-250M,
"LAND MV - Maritimer Gewerbepark Warnemünde, ehemaliges Werftbecken - Rostock-Warnemünde, Germany",Not published in the sources found. Promoting body: Land Mecklenburg-Vorpommern; Ministerpräsidentin Manuela Schwesig attended the start.,,Not published,Land Mecklenburg-Vorpommern,"Former shipyard basin between the Passagierkai and the Marinearsenal, Rostock-Warnemünde",Germany,eu,54.17,12.09,,Port / marine,New build,Groundbreaking / enabling works,Large,"Mass concrete,Raft / substructure / basement,Slabs / pavements",None identified,From 2026. Symbolic first pile driven 11 June 2026; conversion described as taking place over the coming years.,,"Conversion of a former shipyard basin between the Passagierkai and the Marinearsenal at Warnemünde into a maritime business park for offshore wind energy and other energy technologies. Construction officially began with a symbolic first pile on 11 June 2026, and it is described as the second-largest infrastructure project in Mecklenburg-Vorpommern. The site sits within a wider maritime industrial cluster: a billion-euro order for an offshore converter platform went to Warnemünde in June 2026, the former Warnow shipyard now belongs to the Bundeswehr's Marinearsenal for warship maintenance and repair, the Wismar yard belongs to thyssenkrupp Marine Systems, and the Peene yard was fully integrated into Rheinmetall's new Naval Systems division in March 2026.",NEWS,This week,__YES__,https://ostdeutscheallgemeine.com/article/bau-maritim-gewerbepark-rostock-warnemuende-10085561,lisa,"NEXT ACTION (Sep 2026): identify the contractor — construction began June 2026 so an award exists. CONFIRMED: conversion of a former shipyard basin between Passagierkai and Marinearsenal into a maritime business park for offshore wind and energy technologies, symbolic first pile 11 Jun 2026, described as MV's second-largest infrastructure project, billion-euro offshore converter platform order to Warnemünde announced 17 Jun 2026, Warnow yard now part of the Marinearsenal, Wismar yard under TKMS, Peene yard integrated into Rheinmetall Naval Systems Mar 2026. INFERRED: heavy-load quay and yard concrete scope from the stated purpose — no published design. NOT CONFIRMED: contractor, project value, completion date, area. Note the defence-adjacent context: the Marinearsenal is immediately adjacent and access constraints may apply.",__YES__,__YES__,__NO__,High,Mass-concrete civils,"Described as the second-largest infrastructure project in Mecklenburg-Vorpommern, and it started with a symbolic first pile on 11 June 2026 — so the entire programme is ahead. Converting a former shipyard basin into a maritime business park for offshore wind and other energy technologies means filling or reworking a large water basin and creating heavy-load-capable quays and yard areas, which is thick marine concrete and large-area load-bearing surfacing of exactly the kind that scored well at Cuxhaven in Niedersachsen. The commercial context is strong: a billion-euro offshore converter platform order went to Warnemünde in June 2026, so the park is being built against real committed demand rather than speculatively.","Timing: HIGH — construction started June 2026, described as a multi-year conversion, everything ahead. Opportunity: HIGH — basin conversion, heavy-load quays and yard areas for offshore wind components. Access: LOW — no contractor published. Coverage: HIGH — Continental Europe, Lisa.","Cure / Signal,Data Hub,MixAI",Direct,reed,,
"HANSESTADT ROSTOCK - Baustellenkalender 2026, rund 500 Bauvorhaben - Rostock, Germany","Multiple, let per measure; none published. Client-side delivery bodies: Hansestadt Rostock Tiefbauamt (Leiter Heiko Tiburtius), with Nordwasser, Stadtwerke Rostock, the Straßenbauamt Schwerin and Autobahn GmbH for state and federal roads.",,Various per measure,"Hansestadt Rostock, Land MV and Bund",Citywide across Rostock and the surrounding area,Germany,eu,54.0833,12.1333,83,Highway / road,Replacement,Main works / on site,Small,"Mass concrete,Raft / substructure / basement",None identified,"Rolling through 2026. Named measures: Rostocker Straße full reconstruction completing 30 June 2026 ahead of the seaside season; Bertolt-Brecht-Straße resurfacing from June; A20 pavement rehabilitation Rostock interchange to Dummerstorf over 8.4km to July 2026, then Dummerstorf to Sanitz over 6.6km after the summer holidays; L22 Lübecker Straße district heating connections from 30 March 2026 to early May.",,"Around 500 construction projects are planned or already under way in Rostock in 2026, covering roads, bridges and utilities as well as public transport and municipal infrastructure projects. Rostock received over EUR83m from the federal Sondervermögen in February 2026. The Tiefbauamt states that transport investment measures are financially secured despite provisional budget management. Works include full reconstruction of the Rostocker Straße, resurfacing of the Bertolt-Brecht-Straße, district heating connections on the L22, and A20 pavement rehabilitation in two sections totalling 15km. A planned demolition of the old L12 between Elmenhorst and Diedrichshagen was changed to retain the old road as a cycle path after concerns about the root zones of avenue trees.",NEWS,New,__YES__,https://www.rostock-heute.de/baukalender-2026-strassenbaustellen-rostock/123926,lisa,"Programme record, not a single project. CONFIRMED: ~500 projects planned or under way in 2026, over EUR83m from the federal Sondervermögen received Feb 2026, transport investment secured despite provisional budget management per Tiefbauamtsleiter Heiko Tiburtius, Rostocker Straße completion 30 Jun 2026, Bertolt-Brecht-Straße resurfacing from June, A20 rehabilitation 8.4km to Jul 2026 then 6.6km after summer, L22 district heating works 30 Mar to early May 2026, L12 demolition plan changed to retain the road as a cycle path. INFERRED: limited structural concrete, from the nature of the measures listed. NOT CONFIRMED: contractors, individual values, how many of the 500 involve structures.",__NO__,__NO__,__NO__,Medium,Mass-concrete civils,"Around 500 construction projects planned or under way in 2026 covering roads, bridges, utilities, public transport and municipal infrastructure, with the city receiving over EUR83m from the federal Sondervermögen and the transport investment measures confirmed as financially secured despite provisional budget management. That last point matters — municipal programmes often slip when budgets are provisional, and here the city has explicitly said the money is safe. The concrete content is mostly small: carriageway renewal, utility diversions and surfacing, plus A20 pavement rehabilitation over 8.4km to July 2026 and a further 6.6km after the summer holidays. Medium on the strength of the client relationship and the Sondervermögen inflow rather than on pour volume.","Timing: HIGH — programme live through 2026 with funding confirmed. Opportunity: LOW to MEDIUM — many small measures, limited structural concrete. Access: MEDIUM — the Tiefbauamt coordinates and its leader is publicly named. Coverage: HIGH — Continental Europe, Lisa.",Cure / Signal,Direct,reed,50-250M,
"LS M-V - Ortsumgehung Dargun und Ersatzneubau Meiningenbrücke - Mecklenburg-Vorpommern, Germany","Not appointed. Client-side delivery body: Landesamt für Straßenbau und Verkehr Mecklenburg-Vorpommern (LS M-V), Straßenbauamt Schwerin, Projektgruppe Großprojekte.",,Not appointed,Land Mecklenburg-Vorpommern,"Ortsumgehung Dargun, Landkreis Mecklenburgische Seenplatte; Meiningenbrücke on the L21 between Bresewitz and Prerow, Landkreis Vorpommern-Rügen",Germany,eu,53.89,12.85,,Bridge / viaduct,Replacement,PCSA / preconstruction,Medium,"Mass concrete,Raft / substructure / basement",None identified,Not published for either scheme. Dargun was photographed in March 2026 described as before construction start. Meiningenbrücke is in planning with renewable energy integration under examination.,,"Two Mecklenburg-Vorpommern road schemes in planning. The Dargun bypass in the Mecklenburgische Seenplatte district improves the Demmin to Rostock connection and access to the A20, removes through traffic from Dargun, improves road safety and cuts noise and air pollution in the town. The Meiningenbrücke on the L21 between Bresewitz and Prerow in Vorpommern-Rügen replaces a structure built in 1910; the planning for the new bridge examines generation and use of renewable energy as part of the scheme.",MANUAL,New,__YES__,https://www.strassen-mv.de/de/projekte/planung/,lisa,"CONFIRMED: Dargun bypass in planning, improving the Demmin-Rostock link and A20 access, photographed March 2026 before construction start; Meiningenbrücke on the L21 between Bresewitz and Prerow replacing a 1910 structure, with renewable energy generation and use being examined in the planning; both handled by LS M-V with the Projektgruppe Großprojekte at Straßenbauamt Schwerin (Daniela Kunze named in related coverage). INFERRED: nothing. NOT CONFIRMED: dates, values, contractors, bridge dimensions for either scheme. The renewable energy examination on the Meiningenbrücke is a genuine and unusual MixAI opening — worth pursuing on that basis specifically.",__YES__,__NO__,__NO__,Medium,Mass-concrete civils,"Two LS M-V schemes still in planning, which is the specification window. The Dargun bypass is a new-build road linking Demmin and Rostock and connecting to the A20, photographed in March 2026 as before construction start, so the whole programme is ahead. The Meiningenbrücke on the L21 replaces a 1910 structure, and the record carries an unusual and specific MixAI hook: the planning explicitly examines generation and use of renewable energy as part of the new bridge, which signals a client already thinking about the environmental performance of the structure rather than just its load capacity. Medium because both are modest in scale, neither is dated, and no contractors exist.","Timing: MEDIUM — both in planning, Dargun photographed before construction start Mar 2026, no dates published. Opportunity: MEDIUM — new bypass with structures plus a bridge replacement. Access: LOW — no contractors; entry via LS M-V Straßenbauamt Schwerin. Coverage: HIGH — Continental Europe, Lisa.","Cure / Signal,MixAI",Direct,reed,,
"SHS STAHL-HOLDING-SAAR - POWER4STEEL DRI-Anlage und Elektrolichtbogenöfen - Dillingen / Völklingen, Germany","Package-based. Water treatment plants at Dillingen: WOLFF & MÜLLER, for ROGESA. DRI plant and Dillingen EAF: Primetals Technologies with DSD Steel Group (Saarland), DRI technology from Midrex Technologies. Völklingen EAF: SMS group. Völklingen substation: Primetals Technologies. Client group: SHS - Stahl-Holding-Saar with Dillinger, Saarstahl and ROGESA.",,WOLFF & MÜLLER holds the water treatment plant civils; civil contractors for the DRI plant and EAF buildings are not all identified in the sources found.,"SHS - Stahl-Holding-Saar Gruppe (Dillinger, Saarstahl, ROGESA), with EUR2.6bn of secured public funding from Bund and Land under the Pure Steel+ programme","Dillingen (DRI plant, EAF, water treatment plants) and Völklingen (EAF, substation), Landkreis Saarlouis and Regionalverband Saarbrücken, Saarland",Germany,eu,49.35,6.733,3500,Industrial / manufacturing,Replacement,Main works / on site,Large,"Mass concrete,Raft / substructure / basement,Slabs / pavements",None identified,Under way. Wolff & Müller began the water treatment plants at Dillingen with an April 2026 announcement. EAF commissioning Q2 2028 (one) and Q2 2029 (the other); DRI plant commissioning Q3 2029; blast furnace closure 2030. Völklingen substation commissioning was set for August 2026.,,"POWER4STEEL is the transition of Saarstahl and Dillinger from the blast furnace and basic oxygen route to direct reduction and electric arc furnaces, described as the largest European decarbonisation project. The DRI plant at Dillingen has an annual capacity of around 2 million tonnes using Midrex Flex technology, able to run on varying mixes of natural gas and hydrogen, and supplies both Dillingen and Völklingen. Dillingen's EAF is designed for 195t per heat, Völklingen's for 190t; the Völklingen furnace at 300 MVA installed is the largest SMS group has ever built. The whole construction project requires 300,000 m3 of concrete and more than 100,000 tonnes of steel. Additional works include a hot link from DRI to EAF, cold DRI bins, a scrap yard, a new electrical supply and a slag treatment hall. Wolff & Müller is building the water treatment plants for ROGESA on a 27,000 m2 site: seven buildings, around 25,000 m3 of concrete, with a Rundeindicker as the central structure. EUR2.6bn of funding is secured under the Pure Steel+ programme targeting climate neutrality by 2045; total project cost has been estimated at around EUR3.5bn.",NEWS,This week,__YES__,https://innovation-centre-for-industrial-transformation.ec.europa.eu/innovative-techniques/drieaf-implementation-saarstahl-dillinger-steelworks-power4steel,lisa,"NEXT ACTION (25 Aug 2026): approach WOLFF & MÜLLER directly — they are named, on site, and their package alone is 25,000m3. Secondary route via DSD Steel Group as the Saarland civil partner at Dillingen. CONFIRMED: 300,000 m3 concrete and >100,000 t steel for the entire construction project (European Commission technical description); DRI plant at Dillingen ~2 Mt/yr on Midrex Flex; EAFs at 195t (Dillingen) and 190t (Völklingen); Völklingen EAF 300 MVA, largest SMS group has built; EAF commissioning Q2 2028 and Q2 2029, DRI Q3 2029, blast furnace closure 2030; hot link, cold DRI bins, scrap yard, electrical supply and slag treatment hall in scope; Wolff & Müller water treatment package of seven buildings, ~25,000 m3 concrete, 27,000 m2 site, Rundeindicker; Primetals with DSD Steel Group on DRI and Dillingen EAF; SMS group on Völklingen EAF; Primetals on the Völklingen substation with Aug 2026 commissioning; EUR2.6bn secured funding under Pure Steel+; ROGESA produces up to 4.6 Mt/yr hot metal for both parents. INFERRED: nothing. NOT CONFIRMED: civil contractors for the DRI plant and EAF buildings; the EUR3.5bn total cost is a 2023 estimate. Value recorded is that estimate, not a construction contract.",__YES__,__YES__,__YES__,High,Mass-concrete civils,"The strongest record in the German sweep on published concrete volume, and the numbers come from the European Commission's own technical description rather than a press release: the entire construction project requires 300,000 cubic metres of concrete and over 100,000 tonnes of steel. Timing is excellent — the two electric arc furnaces commission in Q2 2028 and Q2 2029, the DRI plant in Q3 2029, and a blast furnace closes in 2030, so heavy construction runs across the next three years with most of it ahead. Wolff & Müller's water treatment package alone is 25,000m3 of concrete across seven buildings on a 27,000m2 site, centred on a Rundeindicker. Scope beyond that includes the DRI plant, two EAF buildings, a hot link between DRI and EAF, cold DRI bins, a scrap yard, a new electrical supply and a slag treatment hall — several distinct structures on two sites under one client group, which is genuine repeatability. It is also Europe's largest steel decarbonisation project, so the MixAI argument is native to the project rather than bolted on.","Timing: HIGH — EAFs commissioning Q2 2028 and Q2 2029, DRI plant Q3 2029, construction running through to then. Opportunity: HIGH — 300,000m3 of concrete across the project, multiple distinct structures on two sites. Access: HIGH — WOLFF & MÜLLER is named and already on site with a defined concrete package; DSD Steel Group is a Saarland company on the Dillingen works. Coverage: HIGH — Continental Europe, Lisa.","Cure / Signal,Data Hub,MixAI",Direct,reed,250M+,
"SAARSTAHL - Umspannwerk und EAF-Infrastruktur Völklingen - Völklingen, Germany","Primetals Technologies for the substation; SMS group for the electric arc furnace. Client: Saarstahl AG, part of SHS - Stahl-Holding-Saar.",,Not published,Saarstahl AG / SHS - Stahl-Holding-Saar,"Saarstahl works, Völklingen, Regionalverband Saarbrücken, Saarland",Germany,eu,49.25,6.85,,Industrial / manufacturing,Phase of larger scheme,Main works / on site,Medium,"Raft / substructure / basement,Mass concrete",None identified,"Substation: commissioning was planned for August 2026, so its foundations are complete. EAF: commissioning Q2 2028 or Q2 2029, so building and foundation works run through the intervening period.",,"Völklingen element of the SHS POWER4STEEL transformation. Saarstahl awarded Primetals Technologies a new substation linking the grid to a new electric arc furnace, converting 110kV to 35 or 10.5kV, comprising a 110kV gas-insulated switchgear, three 200 MVA transformers and one 40 MVA transformer, plus 35kV gas-insulated and 10.5kV air-insulated switchgear under SCADA control, with commissioning planned for August 2026. The electric arc furnace itself is being built by SMS group at 190t per heat and 300 MVA installed, the largest SMS group has constructed. Saarstahl produces long products and is an SHS company alongside Dillinger.",NEWS,New,__YES__,https://www.home-of-steel.de/news/auftrag-fur-elektrostahlwerk-umspannwerk-erteilt-3425,lisa,"Part of POWER4STEEL — work as one SHS conversation with the Dillingen record, not separately. CONFIRMED: Primetals Technologies awarded the Völklingen substation converting 110kV to 35/10.5kV with a 110kV GIS, three 200 MVA transformers, one 40 MVA transformer, 35kV GIS and 10.5kV AIS under SCADA, commissioning planned Aug 2026; SMS group building the Völklingen EAF at 190t per heat and 300 MVA, the largest it has built; Saarstahl produces long products within SHS. INFERRED: that heavy transformer plinths and EAF foundations represent the concrete scope — from the equipment described, not from published civil drawings. NOT CONFIRMED: civil contractor, concrete volumes for this site specifically, EAF building programme.",__YES__,__NO__,__NO__,Medium,Mass-concrete civils,"The Völklingen half of POWER4STEEL: a new 300 MVA electric arc furnace, the largest SMS group has ever built, plus a complete new substation converting 110kV to 35 or 10.5kV with three 200 MVA transformers and one 40 MVA transformer. Transformer foundations at that scale are heavy, precisely tolerance-controlled plinths, and an EAF building carries very large dynamic loads. Substation commissioning was set for August 2026 so that element is essentially complete, but the EAF itself does not commission until Q2 2028 or 2029, meaning the furnace building and foundations are still ahead. Recorded separately from the Dillingen record because it is a distinct site with distinct contractors, but it should be worked as one SHS conversation rather than two.","Timing: MEDIUM — substation commissioning Aug 2026 so largely complete; EAF commissioning 2028/2029 with building and foundations ahead. Opportunity: MEDIUM — EAF building and heavy transformer foundations. Access: MEDIUM — Primetals and SMS are named but the civil contractor is not. Coverage: HIGH — Continental Europe, Lisa.","Cure / Signal,Data Hub",Direct,reed,,
"WOLFSPEED / ZF - Halbleiterwerk Ensdorf - Ensdorf, Germany",Not established. Announced investor: Wolfspeed (US) with ZF Friedrichshafen as co-investor.,,Unknown,Wolfspeed Inc. with ZF Friedrichshafen AG,"Site of the former Bergwerk Saar coal plant, Ensdorf, Landkreis Saarlouis, Saarland",Germany,eu,49.3,6.767,,Industrial / manufacturing,New build,PCSA / preconstruction,Medium,"Slabs / pavements,Raft / substructure / basement",Not assessed,Not established. Verify whether the project is still proceeding before any further work.,,"In February 2023 the American chip manufacturer Wolfspeed announced it would build its first European factory in Germany on the site of a former coal plant at Ensdorf in Saarland, with ZF Friedrichshafen as co-investor. No subsequent status was established in this sweep.",MANUAL,New,__NO__,"https://en.wikipedia.org/wiki/Ensdorf,_Saarland",lisa,"VERIFY BEFORE USE — this may not be a live project. CONFIRMED: Feb 2023 announcement of Wolfspeed's first European factory at Ensdorf on a former coal plant site with ZF Friedrichshafen as co-investor. INFERRED: nothing. NOT CONFIRMED: current status, whether construction has begun or been abandoned, contractor, value, programme, footprint. Context that argues for caution: Intel cancelled its Magdeburg megafab in 2025 and Wolfspeed has had documented financial difficulties. Treat as a verification task, not an opportunity. If it has been cancelled, check whether 007 holds a stale record.",__NO__,__NO__,__NO__,Low,Schedule-critical vertical build,"Announced in February 2023 as Wolfspeed's first European factory, on the site of a former coal plant at Ensdorf with ZF Friedrichshafen as co-investor. No 2026 status was established in this sweep — no construction, contractor, programme or confirmation that the project is proceeding. Given that Intel cancelled Magdeburg and Wolfspeed has had well-documented financial difficulties, the base assumption should be that this may not be live. Banded Low and flagged for verification rather than recorded as an opportunity. Worth checking specifically because a semiconductor fab would be a large slab and foundation project if it is proceeding.","Timing: UNKNOWN — announced 2023, no 2026 status established. Opportunity: MEDIUM on typology if it proceeds. Access: UNKNOWN — no contractor, no confirmation of activity. Coverage: HIGH — Continental Europe, Lisa.",Cure / Signal,Direct,reed,,
"DEGES - A281 Bauabschnitt 4, Tunnel und Spannbetonbrücke - Bremen, Germany","Not established. Tendered by DEGES in October 2023 as 'A281 BL4.0 Tunnel, Spannbetonbrücke, Strecke' (TED 642103-2023). Client-side delivery body: DEGES on behalf of Die Autobahn GmbH des Bundes, with the Bremen Mobilitätsressort.",,Not established,"Die Autobahn GmbH des Bundes / Freie Hansestadt Bremen, delivered by DEGES","A281 at the eastern side of Bremen Airport, Bremen",Germany,eu,53.05,8.78,,Tunnel,New build,Groundbreaking / enabling works,Large,"Tunnel linings,Mass concrete,Raft / substructure / basement",None identified,"From summer 2026 per DEGES and the Bremen transport department, with significant traffic disruption expected.",,"Construction of the tunnel for the A281 at the eastern side of Bremen Airport, reported as starting in summer 2026 with significant traffic disruption expected. DEGES tendered the works in October 2023 under the title 'A281 BL4.0 Tunnel, Spannbetonbrücke, Strecke', covering a tunnel, a prestressed concrete bridge and the connecting route.",TED,This week,__NO__,https://ted.europa.eu/en/notice/642103-2023/pdf,lisa,"NEXT ACTION (Sep 2026): identify the contractor via DEGES — the tender dates from Oct 2023 and construction was reported to start summer 2026, so an award exists. CONFIRMED: DEGES tender Oct 2023 under 'A281 BL4.0 Tunnel, Spannbetonbrücke, Strecke' covering tunnel, prestressed concrete bridge and route (TED 642103-2023, CPV 45233124); construction of the airport tunnel reported as starting summer 2026 with significant traffic disruption expected. INFERRED: that this is Bremen's largest concrete opportunity — a judgement from the scope described, since no value was found. NOT CONFIRMED: contractor, contract value, tunnel length, completion date. Same DEGES delivery relationship as the A26 Hamburg, A40 Neuenkamp and Rader Hochbrücke records.",__YES__,__YES__,__NO__,High,Mass-concrete civils,"The largest concrete opportunity in Bremen and it starts now. Construction of the A281 tunnel at the eastern side of Bremen Airport was reported as beginning in summer 2026, and the DEGES procurement title names a tunnel, a prestressed concrete bridge and the connecting route in one package — three substantial structures under one contract with the whole pour programme ahead. DEGES warned of significant traffic disruption, which indicates a real construction footprint rather than a minor scheme. The same DEGES delivery relationship appears on the A26 in Hamburg, the A40 Neuenkamp in NRW and the Rader Hochbrücke in Schleswig-Holstein, so this reinforces an account rather than standing alone.","Timing: HIGH — construction reported as starting summer 2026, everything ahead. Opportunity: HIGH — tunnel plus a prestressed concrete bridge plus route works in one package. Access: LOW — contractor not established, though the tender is identified. Coverage: HIGH — Continental Europe, Lisa.","Cure / Signal,Data Hub,MixAI",Direct,reed,,642103-2023
"DEGES - A1 Weserbrücke Arsten - Hemelingen, Sanierung und Ersatzneubau - Bremen, Germany",Not published in the sources found. Client-side delivery body: DEGES on behalf of Die Autobahn GmbH des Bundes.,,Not published,"Die Autobahn GmbH des Bundes, delivered by DEGES","A1 Weser crossing between Arsten and Hemelingen, Bremen",Germany,eu,53.04,8.86,90,Bridge / viaduct,Replacement,Main works / on site,Large,"Mass concrete,Raft / substructure / basement",None identified,"Repair ongoing to end 2027: the Hamburg-direction half was due for completion by September 2026, then the other side, with four lanes per direction restored from December 2027. Full replacement required by 2032 at the latest — not yet procured.",,"The 550m A1 Weser bridge between Arsten and Hemelingen is being repaired by DEGES at an estimated total of just under EUR90m, with works running to the end of 2027. Traffic runs over one half of the bridge at a time with two lanes per direction; the Hamburg-direction half was due for completion by September 2026, after which the other side follows, with four lanes per direction restored from December 2027. It is described as one of the most significant long-term construction sites in the Land Bremen because the bridge is a central link in long-distance traffic. By 2032 at the latest the bridge must be completely rebuilt.",NEWS,This week,__YES__,https://www.butenunbinnen.de/nachrichten/grosse-baustellen-verkehr-strassenbahn-tunnel-bruecken-bremen-100.html,lisa,"TWO OPPORTUNITIES — the replacement matters more than the repair. CONFIRMED: 550m A1 Weser bridge between Arsten and Hemelingen, DEGES repairing to end 2027 at just under EUR90m estimated, traffic on one half at a time with two lanes per direction, Hamburg-direction half due complete by Sept 2026, four lanes per direction from Dec 2027, described as one of the Land's most significant long-term sites, complete rebuild required by 2032 at the latest. INFERRED: that the replacement will be a large concrete project — from the bridge length and type, not from a published design. NOT CONFIRMED: contractor for the repair, any procurement, design or value for the replacement. Watch for the replacement tender; that is the real prize and it is close.",__YES__,__YES__,__NO__,High,Mass-concrete civils,"Two opportunities in one record, and the second is the significant one. The current works are a EUR90m repair of the 550m A1 Weser bridge running to end 2027, with traffic on one half at a time — that alone is substantial. But the published position is that the bridge must be completely rebuilt by 2032 at the latest. A full replacement of a 550m motorway crossing of the Weser, on one of the most important long-distance routes in northern Germany, is a large concrete project that is not yet procured and is only a few years out. The repair phase gives a natural reason to be in conversation with DEGES and the eventual contractor well before the replacement is tendered.","Timing: HIGH — repair running to Dec 2027 with a full replacement required by 2032, so both a live phase and an unprocured large one. Opportunity: HIGH — 550m Weser crossing, full replacement to follow. Access: LOW — no contractor published for the repair. Coverage: HIGH — Continental Europe, Lisa.","Cure / Signal,Data Hub",Direct,reed,50-250M,
"FREIE HANSESTADT BREMEN - Brücken- und Straßenbauprogramm 2026 - Bremen, Germany","Multiple, let per measure; none published. Client-side delivery bodies: Amt für Straßen und Verkehr (ASV) Bremen and the Mobilitätsressort, with DEGES and Autobahn GmbH for federal structures.",,Various per measure,Freie Hansestadt Bremen and Bund,"Citywide across Bremen, from the A1 in the east to the A270 in the north",Germany,eu,53.073,8.805,,Bridge / viaduct,Replacement,Main works / on site,Medium,"Mass concrete,Raft / substructure / basement",None identified,Rolling through 2026. Named: Wilhelm-Kaisen-Brücke works by ASV to mid-March 2026 with one lane closed each direction from 26 January 2026; A281 airport tunnel from summer 2026; A1 Weser bridge repair continuing to end 2027.,,"Bremen's 2026 road and bridge programme, set out by the Mobilitätsressort for the responsible parliamentary committee, covers major projects from the A1 in the east of the city to the A270 in the north. Many works run over several years, others cause temporary closures. Named elements include the A281 airport tunnel starting in summer, the DEGES repair of the A1 Weser bridge running to end 2027, and works by the Amt für Straßen und Verkehr on the deteriorated Wilhelm-Kaisen-Brücke to mid-March 2026 with one lane closed in each direction from 26 January.",NEWS,New,__YES__,https://www.butenunbinnen.de/nachrichten/grosse-baustellen-verkehr-strassenbahn-tunnel-bruecken-bremen-100.html,lisa,"Programme record. CONFIRMED: 2026 programme spanning the A1 in the east to the A270 in the north, presented by the Mobilitätsressort to the responsible Fachdeputation, many works multi-year, A281 airport tunnel from summer 2026, A1 Weser bridge repair to end 2027, Wilhelm-Kaisen-Brücke works by ASV to mid-March 2026 with lane closures from 26 Jan 2026. INFERRED: nothing. NOT CONFIRMED: total programme value, contractors, full project list. GAP FLAG: Bremerhaven is part of the Land Bremen and is a major port construction location — bremenports activity was not covered in this sweep at all and should be searched separately.",__NO__,__NO__,__NO__,Medium,Mass-concrete civils,"Bremen's 2026 programme spans the A1 in the east to the A270 in the north with several multi-year schemes running concurrently, presented to the responsible parliamentary committee by the Mobilitätsressort. Named elements include the A281 airport tunnel, the A1 Weser bridge repair and work on the Wilhelm-Kaisen-Brücke. As an aggregate it is a steady stream of structural work under a small number of identifiable client bodies in a compact city state — which makes an account approach unusually efficient. Medium because the individually significant items are already recorded separately and what remains is smaller work with no published contractors or values.","Timing: HIGH — programme live through 2026 with multi-year schemes running. Opportunity: MEDIUM — several structures, but the largest are recorded separately. Access: MEDIUM — ASV Bremen and the Mobilitätsressort are identifiable and the city state is compact. Coverage: HIGH — Continental Europe, Lisa.","Cure / Signal,Data Hub",Direct,reed,,
