Name,General contractor/JV,JV / parents,Concrete subcontractor,Client,Location,Country,Region,Lat,Lng,Value,Project type,Work nature,Project stage,Concrete opportunity,Use case,Competitor present,Expected concrete start,Expected completion,Summary,Source,Status,Verified,Notice URL,AE,Notes,Enrich,Build contacts,Create deal,Announced,Tender deadline,Fit,Fit profile,Fit reason,Fit dimensions,Product fit,Partner route,SDR,Value band
SKANSKA - 55 Old Broad Street - City of London,"Skanska Construction UK Ltd (main construction plus MEP via Skanska Rashleigh Weatherfoil). Parent: Skanska AB, Stockholm. Keltbray on demolition/enabling.",,Not appointed / not published. Skanska UK does not self-deliver frames on City office work as a rule — expect a named frame subcontractor to be let ahead of the October start.,"AshbyCapital (funder/owner), Landsec retained as development manager. Architect Fletcher Priest; structural engineer Heyne Tillett Steel; M&E consultant Atelier Ten; PM Turner & Townsend.","55 Old Broad Street, EC2M, City of London (with 65 Old Broad Street adjacent and the Grade II-listed Bishopsgate Victorian Bath House)",United Kingdom,uk,51.5163,-0.0842,282,Commercial / office,New build,Awarded - pre-start,Medium,"Raft / substructure / basement,In-situ frame",None identified,"October 2026, gated on Keltbray completing demolition. Substructure works into the retained 1974 basement first, then frame.",2029-12-31,"£282m redevelopment of 55 Old Broad Street into a 23-storey commercial office near Liverpool Street, retaining the existing basement and lower levels of the 1974 building. c.25,000 sq m office plus 1,400 sq m retail/F&B and public realm. Contract also covers refurbishment of the adjacent five-storey 65 Old Broad Street and a sensitive refurbishment of the Grade II-listed Bishopsgate Victorian Bath House. Construction October 2026 to late 2029.",NEWS,New,__YES__,https://www.skanska.com/uk/en-gb/news-insights/press-releases/2026/skanska-secures-contract-to-deliver-major-new-office-development-in-the-city-of-london,aled,"NEXT ACTION (25 Aug 2026): Aled to work via the existing Skanska UK relationship before the October start; the frame subcontract is the thing to be ahead of. CONFIRMED (Skanska Group and Skanska UK press releases, 29 Jun 2026): £282m value, AshbyCapital client, 23 storeys, Oct 2026 start, late 2029 completion, retained basement, Keltbray demolition, project team. INFERRED: nothing material. NOT CONFIRMED: frame subcontractor, concrete volumes, whether a low-carbon concrete target has been set — the scheme's sustainability positioning is not published in the same detail as One Appold Street.",__YES__,__YES__,__YES__,2026-06-29,,High,Schedule-critical vertical build,"The single best-timed record in the London sweep. Contract signed June 2026, demolition finishing, construction starting October 2026 — the frame method and pour sequence are being fixed right now, which is exactly the window before decisions lock. 23 storeys of repeating office floorplate over a retained basement means slab cycle time drives a three-year programme to a late-2029 completion. Skanska is a named Aled account, so there is a route in that does not depend on cold outreach.","Timing: HIGH — October 2026 start, pre-start today, everything ahead. Opportunity: HIGH — 23 repeating floorplates, 270,000 sq ft, cycle-time driven, plus retained-basement interface works. Access: HIGH — Skanska UK is a named account of Aled's with existing Converge relationships. Coverage: HIGH — named account resolves the UK Lisa/Aled ambiguity outright.","Cure / Signal,Data Hub",Direct,reed,250M+
MULTIPLEX - 99 City Road 36-storey tower - London EC1,"Multiplex Construction Europe Ltd. Parent: Multiplex (Brookfield). Appointed under PCSA first, then confirmed as main contractor August 2026.",,"Not published. Multiplex typically lets the frame to a specialist in London (Careys, Expanded, Byrne Bros are the usual names on schemes of this profile) — worth resolving, because the frame subcontractor is the buyer here.",Endurance Land (developer),"99 City Road, EC1, at the Old Street / City junction, London Borough of Islington",United Kingdom,uk,51.5265,-0.0873,300,Commercial / office,New build,Awarded - pre-start,Large,"Raft / substructure / basement,In-situ frame",None identified,Q3 2026 — Multiplex said main construction would begin within weeks of the August 2026 announcement. Substructure first; superstructure frame follows.,2030-12-31,"£300m, 36-storey commercial tower at 99 City Road delivering 475,000 sq ft of office space for developer Endurance Land, at the Old Street/City intersection. Multiplex confirmed as main contractor in August 2026 following earlier PCSA involvement. Practical completion targeted 2030.",NEWS,New,__YES__,https://www.constructionenquirer.com/2026/08/10/multiplex-gets-start-date-for-city-road-36-storey-tower/,aled,"AE ROUTING: UNRESOLVED — UK is shared between Lisa and Aled and Multiplex is not a named account of either. Lead product is Cure/Signal, which points to the geographic owner, but that does not disambiguate in the UK. Needs a call at triage. NEXT ACTION (25 Aug 2026): resolve the frame subcontractor before approaching — on a Multiplex tower that party is the actual buyer. CONFIRMED (Construction Enquirer, 10 Aug 2026): £300m, 36 storeys, 475,000 sq ft, Endurance Land, PCSA-to-build-contract route, main works this quarter, PC 2030. INFERRED: nothing material. NOT CONFIRMED: frame subcontractor, concrete volumes, floor-cycle target, whether any low-carbon concrete commitment applies.",__YES__,__YES__,__NO__,2026-08-10,,High,Schedule-critical vertical build,"36 storeys of repeating commercial floorplate with main works starting within weeks of the August 2026 announcement and a 2030 completion — four years of frame programme almost entirely ahead. Multiplex came through a PCSA, so the delivery method is settled but the pour-cycle detail is still being worked. On a tower of this height the slab cycle is the programme, and a day per floor across 36 floors is the whole argument in one number.","Timing: HIGH — main works commencing Q3 2026, frame entirely ahead. Opportunity: HIGH — 36 repeating floorplates, 475,000 sq ft, cycle-time driven to 2030. Access: MEDIUM — Multiplex is not a named Converge account and the frame subcontractor is unresolved; route in has to be built. Coverage: MEDIUM — UK shared patch, no named account to break the tie.","Cure / Signal,Data Hub",Direct,reed,250M+
"MULTIPLEX - The Dovetail Building, One Cutler Street - City of London","Multiplex Construction Europe Ltd (appointed under PCSA, carried into main contract). Deconstruct UK as substructure contractor.",,Deconstruct UK holds the substructure package. Superstructure frame subcontractor not published.,Brockton Everlast (developer/owner). Architect AHMM; structural engineer AKT II; PM Gardiner & Theobald; cost consultants Turner & Townsend / Alinea; MEPH Sweco.,"One Cutler Street, EC3, City of London",United Kingdom,uk,51.5157,-0.0768,400,Commercial / office,New build,Main works / on site,Medium,"Raft / substructure / basement,Piling / foundations,In-situ frame",None identified,Under way. Piling began November 2025 following completion of demolition; superstructure frame runs through to a Q2 2029 Cat A finish.,2029-06-30,"£400m, 23-storey office tower at One Cutler Street in the City for Brockton Everlast, designed by AHMM, providing 450,000 sq ft of office space with 3.2m net ceiling heights. A planning amendment reduced total emissions and embodied carbon, increased public realm and shortened the programme by simplifying the substructure. Multiplex appointed under PCSA; Deconstruct UK on substructure. Completion to Cat A finish Q2 2029.",NEWS,New,__NO__,https://www.constructionenquirer.com/2025/10/16/multiplex-lands-400m-dovetail-building-deal/,aled,"AE ROUTING: UNRESOLVED — UK shared, Multiplex is not a named account of either Lisa or Aled. NEXT ACTION (25 Aug 2026): check current frame progress before approaching; the record is built partly on an October 2025 announcement and the site has moved since. CONFIRMED (Construction Enquirer, 16 Oct 2025): £400m, 23 storeys, 450,000 sq ft, AHMM, Brockton Everlast, PCSA, Deconstruct UK substructure, piling from Nov 2025, Q2 2029 Cat A completion, full project team. INFERRED: that substructure is now complete or near — derived from the published November 2025 piling start plus a Q2 2029 finish, not from a 2026 source. NOT CONFIRMED: current site status as of Aug 2026, superstructure frame subcontractor, the embodied carbon target in numbers.",__YES__,__YES__,__NO__,,,High,Schedule-critical vertical build,"23 storeys and 450,000 sq ft on a programme running to a Q2 2029 Cat A completion, with piling having begun late 2025 — substructure done or nearly, superstructure frame still largely ahead. The distinguishing feature is that a planning amendment was taken specifically to cut embodied carbon and simplify the substructure, which means someone on this job is already accountable for a carbon number. That is the MixAI hook, and it is a mandated commitment rather than an aspiration.","Timing: MEDIUM-HIGH — piling started Nov 2025, so substructure is gone but the 23-storey frame is ahead to 2029. Opportunity: HIGH — 450,000 sq ft of repeating floorplate with 3.2m net ceiling heights, cycle-time driven. Access: MEDIUM — Multiplex not a named account; Deconstruct UK is a route to the substructure conversation only. Coverage: MEDIUM — UK shared patch, no named account.","Cure / Signal,Data Hub,MixAI",Direct,reed,250M+
SCS JV (SKANSKA COSTAIN STRABAG) - HS2 Euston Tunnel - London,"Skanska Costain STRABAG JV (SCS JV) — HS2's London tunnels contractor. Members: Skanska Construction UK, Costain Group plc, STRABAG AG. Segments manufactured by STRABAG at its Hartlepool facility.",,Self-delivered within the JV. STRABAG operates the precast segment factory at Hartlepool; SCL lining works delivered in-house by the JV.,HS2 Ltd (CEO Mark Wild). Euston Partnership Board on the terminus side.,"Old Oak Common to Euston, 7.2km twin bore beneath west and central London, 35-50m depth",United Kingdom,uk,51.5282,-0.1337,,Tunnel,New build,Main works / on site,Large,"Tunnel linings,Mass concrete,Precast",Not established. HS2 has heavy incumbent instrumentation across the programme — assume something is in place and check before pitching.,Under way and continuing. Segment casting at Hartlepool runs against the TBM drives to a 2027 Euston breakthrough. SCL lining and waterproofing at Old Oak Common continued to June 2026 with a further section following. 18 cross-passages still to construct.,,"7.2km twin-bore HS2 tunnel from Old Oak Common to Euston, at 35-50m depth, built by the Skanska Costain STRABAG JV. TBMs Madeleine and Karen launched January and March 2026, progressing up to 150m a week and expected to reach the Euston cavern in 2027. 48,294 precast concrete segments will be installed across both bores and 1.5 million tonnes of spoil excavated. Each 6-tonne segment is manufactured by STRABAG at a purpose-built Hartlepool facility and railed to London.",NEWS,New,__YES__,https://www.constructionenquirer.com/2026/03/17/final-hs2-tbm-starts-drive-towards-euston/,lisa,"AE ROUTING: CONFLICT — Skanska is a named Aled account, STRABAG is a named Lisa account, and both are members of SCS JV. Costain is neither. This is a genuine territory collision, not a UK shared-patch ambiguity, and it should be decided by Lisa and Aled together rather than by whoever opens the record. Set to lisa provisionally only because STRABAG owns the precast plant, which is where the concrete opportunity actually sits. CONFIRMED (Construction Enquirer 17 Mar 2026; NCE 22 Jan 2026; Railway-News Aug 2026): SCS JV composition, 7.2km twin bore, 35-50m depth, 48,294 segments, 6t per segment, STRABAG Hartlepool manufacture, TBM launch dates, 150m/week, 2027 Euston arrival, 1.5Mt spoil, 18 cross-passages. INFERRED: that segment production is past its midpoint — derived from launch dates and the 2027 completion, not published. NOT CONFIRMED: existing instrumentation on the segment plant or the drives; funding position for the Euston terminus itself.",__YES__,__NO__,__NO__,,,Medium,Mass-concrete civils,"48,294 precast segments across both bores is repeatability at industrial scale, and repeatability is the strongest signal in the mass-concrete profile — a saving on segment curing cycle multiplies 48,000 times. Add SCL lining works at Old Oak Common running through 2026 and cross-passage construction. Access is unusually good: two of the three JV members are named Converge accounts. The reason this is Medium and not High is timing — the TBMs launched in January and March 2026 and reach Euston in 2027, so a large share of the segment production run is already behind, and the Euston terminus itself remains unfunded.","Timing: MEDIUM — TBMs launched early 2026, Euston breakthrough 2027; segment casting ongoing but past its midpoint, and the terminus station is unfunded. Opportunity: HIGH — 48,294 segments at 6t each is the most repeatable pour programme in the sweep, plus SCL lining and cross-passages. Access: HIGH — Skanska is Aled's named account, STRABAG is Lisa's; two independent warm routes into the same JV. Coverage: LOW — that same fact is the problem. Skanska and STRABAG sit in different AE territories inside one contracting entity, and this needs deciding rather than assuming.","Cure / Signal,Data Hub,MixAI",Direct,reed,
BALFOUR BEATTY VINCI SYSTRA - HS2 Old Oak Common Station - London,"Balfour Beatty VINCI SYSTRA JV (BBVS). Members: Balfour Beatty Group, VINCI Construction UK, VINCI Construction Grands Projets, SYSTRA. Expanded (concrete frame, substructure, platforms), SB3 (diaphragm wall and piling), Anthro JV (MEP).",,"Expanded — frame, substructure and platform works. Concrete supplied by London Concrete (Holcim Group) from a dedicated on-site batching plant, over 90% of base slab concrete batched on site.",HS2 Ltd. Structural engineering design by WSP.,"Old Oak Common Lane, Old Oak Common, London Borough of Hammersmith & Fulham / Ealing border, west London",United Kingdom,uk,51.532,-0.2478,,Rail / metro,New build,Main works / on site,Large,"Mass concrete,Raft / substructure / basement,Piling / foundations,In-situ frame,Precast,Culverts / ancillary structures,Slabs / pavements",Not established — assume incumbent instrumentation on a scheme of this profile and check before pitching.,"Continuing. HS2's own spring 2026 look-ahead lists concrete structure works for the underground station, the concrete frame for the Shared Accommodation Building, internal site road and concrete surfaces, and concrete works to the ventilation shaft and crossover box, running Nov 2025 to Nov 2026.",,"The UK's largest new-build station: an 850m long, 20m deep underground box on c.1,600 reinforced concrete piles, with six 420m HS2 platforms below and eight surface platforms above, targeting BREEAM Outstanding. The 45,000 sq m base slab used 76,000m3 of concrete and 17,000t of steel across 91 pours, completing early 2025. All six underground platforms were completed August 2026 using 1,946 precast slabs on 1.59m cast-in-situ invert walls. Superstructure, the Shared Accommodation Building frame and shaft works continue.",NEWS,New,__YES__,https://www.newcivilengineer.com/latest/in-pictures-hs2-completes-six-450m-old-oak-common-platforms-14-08-2026/,aled,"AE ROUTING: UNRESOLVED — UK shared patch and no BBVS member is a named Converge account. NEXT ACTION (25 Aug 2026): target Expanded rather than the JV; they hold frame, substructure and platform works and own pour sequence. CONFIRMED (HS2 media centre; NCE 14 Aug 2026; Ground Engineering Feb 2025; HS2 spring 2026 look-ahead PDF): 850m box, 20m depth, ~1,600 piles, 76,000m3 base slab, 91 pours of 600-1,000m3, 45,000 sq m, 1.85m rebar layer, six platforms complete Aug 2026, 1,946 precast slabs, 1.59m invert walls, Explore Worksop precast supply, London Concrete on-site batching, >90% on-site batched, BREEAM Outstanding, remaining scope to Nov 2026. INFERRED: nothing material. NOT CONFIRMED: residual concrete volumes for superstructure and SAB; existing monitoring arrangements; station opening date is given as a 2029-2033 range, not a date.",__YES__,__NO__,__NO__,,,Medium,Mass-concrete civils,"An honest read: the headline mass concrete on this job is finished. The 45,000 sq m base slab took 91 pours of 600-1,000m3 each and completed in early 2025; all six high-speed platforms completed August 2026. What remains is the station superstructure above the base slab, the Shared Accommodation Building concrete frame, internal concrete surfaces and the retaining wall, ventilation shaft and crossover box works — real volume, but the repeating headline pours are behind us. The on-site London Concrete batching plant is a genuine second angle for MixAI, since batching is captive and over 90% of base slab concrete was produced on site.","Timing: MEDIUM — base slab and platforms complete; superstructure, SAB frame and shaft works run to at least Nov 2026 with station opening 2029-2033. Opportunity: MEDIUM — large residual volume but the highly repeatable phase has passed. Access: MEDIUM — Expanded is the frame party and the real target; BBVS itself is a large and slow entry. Coverage: MEDIUM — UK shared patch, no named account among BBVS members.","Cure / Signal,Data Hub,MixAI",Direct,reed,
JRL GROUP - Clarion affordable housing tower - North London,"JRL Group (appointed as construction partner). JRL self-delivers concrete frames through its in-house structures businesses, which is the point of interest here.",,Self-delivered within JRL Group.,Clarion Housing Group (has taken full ownership of the site). Group development officer Richard Cook.,North London — the specific site is not named in the source. NOT CONFIRMED.,United Kingdom,uk,,,68,Residential,New build,Main works / on site,Medium,In-situ frame,None identified,"Restarted March 2026, running to an early-2030 completion.",,"£68m contract for JRL Group as construction partner to Clarion Housing Group on a redesigned North London housing tower delivering 180 affordable homes — 88 social rent and 92 shared ownership — with more family-sized homes, public realm and connectivity improvements. Clarion has completed purchase of the site and taken full ownership. Works restarted March 2026 for completion early 2030.",NEWS,New,__NO__,https://www.constructionenquirer.com/2026/02/10/jrl-lands-68m-north-london-housing-tower-job/,aled,"AE ROUTING: UNRESOLVED — UK shared patch, JRL is not a named account. NEXT ACTION (25 Aug 2026): identify the actual site before any outreach — 'North London housing tower' is all the source gives, and a record without an address cannot be worked. CONFIRMED (Construction Enquirer, 10 Feb 2026): £68m, JRL Group as construction partner, Clarion Housing Group client, 180 homes split 88 social rent / 92 shared ownership, planning in place, restart March 2026, completion early 2030. INFERRED: that the frame is self-delivered — this follows from JRL Group's standing business model rather than from a statement about this contract, and should be verified. NOT CONFIRMED: site address, coordinates, storey count, frame type.",__YES__,__NO__,__NO__,,,Medium,Schedule-critical vertical build,The reason to keep this despite a thin source is the delivery model: JRL self-delivers concrete frames. A contractor that owns both the frame and the programme is a materially better prospect than one arguing with a subcontractor who carries no schedule risk — the party who benefits from a faster cycle is the same party who decides. 180 homes in a tower restarting March 2026 for a 2030 completion means the frame runs for most of four years. Held at Medium rather than High only because the site is unidentified.,"Timing: HIGH — works restarted March 2026 with completion early 2030, so the frame is almost entirely ahead. Opportunity: MEDIUM — 180 homes in a single tower, repeating residential floorplate, but modest by value. Access: HIGH — self-delivered frame means one organisation owns cycle time, and JRL is a repeat London frame contractor worth an account relationship beyond this job. Coverage: MEDIUM — UK shared patch, no named account.","Cure / Signal,Data Hub",Direct,reed,50-250M
"SKANSKA - One Appold Street, Broadgate - City of London","Skanska Construction UK Ltd (main construction), with Skanska Rashleigh Weatherfoil on M&E. Parent: Skanska AB.",,"Not published. Scope is frame retention and extension rather than a new frame, so the package profile is structural alteration rather than a conventional frame let.",Broadgate — a JV between British Land and GIC. Architect Piercy & Company.,"One Appold Street, Broadgate estate, EC2A, City of London",United Kingdom,uk,51.521,-0.0817,273,Commercial / office,Replacement,Main works / on site,,,None identified,Under way — construction began Q1 2026 for completion in 2029. Structural alteration to enlarge floorplates and six new storeys over the retained frame.,2029-12-31,"£273m redevelopment of One Appold Street on the Broadgate estate, originally built in 1986. The existing concrete and steel frame is retained rather than demolished, with the facade replaced, floorplates enlarged in all directions and six storeys added, producing a 14-storey building with c.33,400 sq m of office and c.4,460 sq m of leisure and hospitality. Targeting NABERS 5-5.5* and BREEAM Outstanding. Q1 2026 start, 2029 completion.",NEWS,New,__YES__,https://www.constructionnews.co.uk/contractors/skanska/skanska-scoops-273m-city-of-london-office-job-10-02-2026/,aled,"CONFIRMED (Skanska Group press release 10 Feb 2026; Construction News 10 Feb 2026): £273m, Broadgate JV (British Land/GIC) client, Piercy & Company architect, retained concrete and steel frame, six added storeys, enlarged floorplates, 14 storeys final, 33,400 sq m office plus 4,460 sq m leisure, NABERS 5-5.5* and BREEAM Outstanding targets, Q1 2026 start, 2029 completion, Skanska Rashleigh Weatherfoil on M&E. INFERRED: that new pour volume is modest relative to value — this follows from frame retention and is the basis for the Medium band, but no volumes are published either way. NOT CONFIRMED: concrete volumes, any specified low-carbon mix requirement, frame/structural alteration subcontractor.",__YES__,__YES__,__NO__,2026-02-10,,Medium,Low-carbon spec-in,"Deliberately not scored as a frame opportunity. The existing concrete and steel frame is being retained, floorplates enlarged and six storeys added — so new pour volume is a fraction of what a £273m headline implies, and grading this High on value would be exactly the size-is-not-fit error. What makes it worth keeping is the carbon position: the scheme targets BREEAM Outstanding and NABERS 5-5.5*, and the whole commercial logic is retention over demolition. That is a mandated, evidenced carbon commitment on a Skanska job, and Skanska is Aled's named account.","Timing: MEDIUM — construction began Q1 2026 to a 2029 completion, so structural alteration and the six-storey extension are ahead but the job is under way. Opportunity: LOW-MEDIUM — retained frame means limited new pour; extension and floorplate enlargement are the real scope. Access: HIGH — named Aled account with an existing Converge relationship. Coverage: HIGH — Skanska resolves UK routing outright.","MixAI,Data Hub",Direct,reed,250M+
"CHILD GRADDON LEWIS (designer, no contractor appointed) - Albert Jacob House, Roman Road - Bethnal Green, London","No main contractor appointed. Tender open, submissions close 11 September 2026. Designer: Child Graddon Lewis.",,Not applicable at this stage.,London Borough of Tower Hamlets,"Albert Jacob House, Roman Road, Bethnal Green, London Borough of Tower Hamlets",United Kingdom,uk,51.5296,-0.048,31,Residential,New build,PCSA / preconstruction,,,None identified,"Construction expected to start November 2026, gated on contract award following the 11 September tender close.",,"£30.9m Tower Hamlets scheme replacing a demolished former council office building on Roman Road with a nine-storey low-carbon development: 53 affordable homes for social rent, over 60% of them three and four-bedroom, above five flexible commercial units of around 350 sq m Class E space, plus landscaped communal areas and public realm. Falls within the Building Safety Act High Risk Building regime. Two-year programme.",NEWS,New,__NO__,https://www.constructionenquirer.com/2026/07/20/tower-hamlets-opens-bidding-on-31m-social-housing-build/,aled,"AE ROUTING: UNRESOLVED — UK shared patch, no contractor yet so no named account test can be applied. NEXT ACTION (14 Sep 2026): check the award after the 11 September tender close and rewrite this record with the winning contractor. CONFIRMED (Construction Enquirer, 20 Jul 2026): £30.9m value, Tower Hamlets client, Child Graddon Lewis designer, nine storeys, 53 affordable homes, >60% 3-4 bed, five commercial units c.350 sq m, existing building already demolished, HRB regime, tender closes 11 Sep, November start, two-year programme, part of a 4,000-home social rent programme. INFERRED: nothing. NOT CONFIRMED: bidder list, whether the 'low carbon' description carries a specified concrete requirement or is a general design claim.",__NO__,__NO__,__NO__,,2026-09-11,Medium,Schedule-critical vertical build,"Small by value but very well timed: tender closes 11 September 2026 with construction starting November, so the method is genuinely unfixed and the winning contractor is knowable within weeks. The Building Safety Act High Risk Building regime applies, which matters more than the value does — under HRB, Gateway evidence quality determines whether the scheme can proceed, and that turns concrete QA records from nice-to-have into a regulatory artefact. That is the Data Hub argument in its cleanest form.","Timing: HIGH — tender live, closes 11 Sep 2026, construction from November, nothing fixed. Opportunity: LOW-MEDIUM — nine storeys, 53 homes, two-year programme; modest volume. Access: LOW — no contractor to talk to yet; the route in is to watch the award. Coverage: MEDIUM — UK shared patch, no named account.","Cure / Signal,Data Hub",Direct,reed,Under 50M
STANHOPE / ERIC PARRY (no contractor appointed) - One London (1 Undershaft) - City of London,No main contractor appointed — appointment stated as due during 2026. Development manager: Stanhope. Architect: Eric Parry Architects. Keltbray is carrying out deconstruction of the existing St Helen's Tower.,,Not applicable at this stage.,"Aroland Holdings (consortium of Southeast Asian investors), with Stanhope as development manager. Landscape architect SLA. London Museum to operate the Level 73 viewing gallery.","Junction of Leadenhall Street and St Mary Axe, EC3A, City of London — site of the former St Helen's Tower",United Kingdom,uk,51.514,-0.081,,Commercial / office,Replacement,PCSA / preconstruction,,,None identified,"2028, gated on main contractor appointment (due 2026) and completion of Keltbray's deconstruction of St Helen's Tower. Completion 2033.",2033-12-31,"Formerly 1 Undershaft, rebranded One London. A 309.6m office-led tower at Leadenhall Street and St Mary Axe with 1.2 million sq ft of office space, 42,700 sq ft of ground-level public realm, a Level 11 elevated podium garden wrapping a 350m perimeter, and Europe's highest publicly accessible viewing gallery at Level 73 operated by London Museum. Full planning consent granted by the City of London Corporation in December 2025. Main contractor appointment due 2026, construction from 2028, completion 2033.",NEWS,New,__NO__,https://www.constructionenquirer.com/2026/06/01/start-date-set-for-city-of-londons-tallest-tower/,aled,"AE ROUTING: UNRESOLVED — no contractor appointed, so the named-account test cannot be applied yet; UK shared patch in the meantime. NEXT ACTION (ongoing): watch for the main contractor appointment, stated as due during 2026. That award is the trigger to rewrite this record and reband it. CONFIRMED (Construction Enquirer 1 Jun 2026; Construction Management 1 Jun 2026): 309.6m height, 1.2m sq ft, rebrand from 1 Undershaft, Aroland Holdings / Stanhope / Eric Parry, planning consent Dec 2025, Keltbray deconstruction under way, 2028 start, 2033 completion, Level 73 gallery, Level 11 podium garden, 42,700 sq ft public realm. INFERRED: c.73 floors — derived from the Level 73 gallery reference, not from a published floor count. NOT CONFIRMED: main contractor, capital value (reported as '$1bn-plus', which is too loose to enter as a Value), frame type, any carbon commitment. Value deliberately left blank.",__NO__,__NO__,__NO__,,,Medium,Schedule-critical vertical build,"At 309.6m this will share the title of the UK's tallest building, with 1.2 million sq ft over roughly 73 floors — the largest single vertical concrete programme identified anywhere in the London sweep. It is Medium rather than High purely on timing: construction does not start until 2028 and completes 2033. But the main contractor appointment is stated as due during 2026, which means the PCSA window — the exact moment the scoring model says is best, just before the method locks — is open right now. This is a record to hold and watch, not to work as a live opportunity.","Timing: MEDIUM — no contractor and a 2028 start, but the appointment is imminent and the PCSA window is open now. Opportunity: HIGH — 309.6m and c.73 floors of repeating plate is the largest vertical programme in the sweep; core slip and slab cycle define a five-year build. Access: LOW — no contractor to approach; Keltbray on deconstruction is the only party on site. Coverage: MEDIUM — UK shared patch and no named account, though the eventual appointment could resolve it.","Cure / Signal,Data Hub,MixAI",Direct,reed,250M+
"GRAHAM - London Metropolitan University estate overhaul - Holloway, London","Graham (Graham Group), set to be confirmed as strategic delivery partner after emerging as sole bidder.",,Not published.,London Metropolitan University,"London Metropolitan University estate, principally Holloway Road, London Borough of Islington",United Kingdom,uk,51.5555,-0.116,284,Education,Phase of larger scheme,PCSA / preconstruction,,,None identified,Unknown. No programme published and the delivery partner appointment is not yet confirmed.,,"Graham is set to be confirmed as strategic delivery partner on London Metropolitan University's £284m estate overhaul, having emerged as the sole bidder.",NEWS,New,__NO__,https://www.londonbuildexpo.com/construction-news,aled,"AE ROUTING: UNRESOLVED — UK shared patch, Graham is not a named account. THIN RECORD — assessed from a news-aggregator snippet only, no article opened. CONFIRMED: £284m figure, Graham as sole bidder and prospective strategic delivery partner, London Metropolitan University as client. INFERRED: that new-build concrete content is limited — this is a judgement about estate-overhaul programmes generally, not a finding about this one. NOT CONFIRMED: everything else — scope split between new build and refurbishment, programme, individual buildings, whether the appointment has actually been confirmed since the snippet was published.",__NO__,__NO__,__NO__,,,Low,Schedule-critical vertical build,"Thin record, snippet-only assessment. £284m over a university estate is a programme rather than a project, and estate overhauls of this kind skew heavily towards refurbishment, services and fit-out rather than new frame. Without a breakdown of which buildings are new-build there is no basis for claiming meaningful pour volume. Kept because Reed would rather disqualify by hand, and because a strategic delivery partner appointment with a sole bidder is an unusually clean early relationship if any new-build phases do exist.","Timing: MEDIUM — appointment not yet confirmed, so early. Opportunity: LOW — estate overhaul, new-build content unknown and probably limited. Access: MEDIUM — sole bidder means an uncontested and therefore approachable delivery partner. Coverage: MEDIUM — UK shared patch, no named account.",Cure / Signal,Direct,reed,250M+
GET LIVING (no contractor appointed) - Elephant & Castle West Site final phase - London SE1,No main contractor appointed. Developer Get Living is carrying the scheme; no designer named in the source beyond the consented scheme.,,Not applicable at this stage.,Get Living,"West Site, Elephant & Castle, London Borough of Southwark, SE1",United Kingdom,uk,51.4948,-0.1005,400,Residential,Phase of larger scheme,PCSA / preconstruction,,,None identified,"2028 at the earliest, gated on procurement and a main contractor appointment that has not started.",,"Southwark approved the final £400m West Site phase of the £1.5bn Elephant & Castle regeneration in March 2026, clearing Get Living for 959 homes and student rooms. Construction start targeted 2028.",NEWS,New,__NO__,https://www.constructionenquirer.com/2026/03/24/final-400m-phase-of-london-elephant-castle-scheme-approved/,aled,"AE ROUTING: UNRESOLVED — UK shared patch, no contractor so the named-account test cannot be applied. THIN RECORD — snippet-based, kept for the 2027 revisit rather than for work now. NEXT ACTION (Q1 2027): check whether procurement has started. CONFIRMED (Construction Enquirer, 24 Mar 2026): Southwark approval 23 Mar 2026, £400m final phase, 959 homes and student rooms, Get Living, £1.5bn total regeneration, 2028 construction start target. INFERRED: nothing. NOT CONFIRMED: contractor, designer, split between BTR and student rooms, storey counts, procurement route or timetable.",__NO__,__NO__,__NO__,,,Low,Schedule-critical vertical build,"959 homes and student rooms in the final phase of a £1.5bn regeneration is a real concrete programme, and the mix of build-to-rent and student accommodation carries exactly the hard external deadlines the scoring model rewards — student rooms must hand over for an academic year, BTR starts its rent clock at handover. But construction is not targeted until 2028 and there is no contractor, no designer named and no procurement under way. Low today, worth revisiting in 2027.","Timing: LOW — approved March 2026, construction targeted 2028, nothing procured. Opportunity: MEDIUM-HIGH — 959 homes and student rooms with hard handover deadlines. Access: LOW — no contractor, no named project team. Coverage: MEDIUM — UK shared patch, no named account.",Cure / Signal,Direct,reed,250M+
BOVIS - 10 Paternoster Square / London Stock Exchange - City of London,Bovis (Bovis Construction). CEO David Cadiot. Beat Structure Tone and Wates to the job.,,Not published; limited new frame scope makes a conventional frame let unlikely.,Oxford Properties and Hines. Architect Carter Gregson Gray; QS Gardiner & Theobald; structures WSP; MEP Watkins Payne.,"10 Paternoster Square, EC4M, City of London (London Stock Exchange building)",United Kingdom,uk,51.5145,-0.0987,200,,Replacement,Main works / on site,Medium,In-situ frame,None identified,"Limited and unpublished. Roof extensions, an events pavilion, terraces and a new glass atrium imply localised structural work rather than a frame programme.",,"£200m refurbishment, extension and full turnkey tenant fit-out of the London Stock Exchange building at 10 Paternoster Square for Oxford Properties and Hines. More than 95% of the existing structural frame and facade retained under circular economy principles. Targeting BREEAM Excellent and NABERS 5*. Includes reworking the Exchange's ceremonial core with a new glass atrium, roof extensions, an events pavilion and terraces. Completion targeted end of 2028.",NEWS,New,__YES__,https://www.constructionenquirer.com/2026/03/02/bovis-seals-200m-london-stock-exchange-revamp/,aled,"AE ROUTING: UNRESOLVED — UK shared patch, Bovis is not a named account. CONFIRMED (Construction Enquirer, 2 Mar 2026): £200m, Bovis appointed over Structure Tone and Wates, Oxford Properties and Hines clients, >95% frame and facade retained, BREEAM Excellent and NABERS 5* targets, end-2028 completion, full project team, atrium and roof extension scope. INFERRED: that new concrete volume is small — follows directly from the >95% retention figure. NOT CONFIRMED: any new-build structural scope in detail, concrete volumes, whether a low-carbon mix is specified.",__NO__,__NO__,__NO__,,,Low,Low-carbon spec-in,"More than 95% of the existing structural frame and facade is being retained under circular economy principles. That is close to the ceiling for retention and leaves very little new pour — a £200m headline with almost no concrete behind it, which is precisely the case where value must not be mistaken for fit. The only genuine hook is the BREEAM Excellent and NABERS 5* target combined with an explicit embodied-carbon reduction claim, which gives MixAI a narrow opening on whatever new concrete does exist.","Timing: MEDIUM — awarded March 2026 to a late-2028 completion. Opportunity: LOW — >95% frame and facade retained. Access: MEDIUM — Bovis is approachable and not conflicted, but there is little to sell. Coverage: MEDIUM — UK shared patch, no named account.",MixAI,Direct,reed,50-250M
"SISK - London Irish Centre redevelopment - Camden, London","John Sisk & Son, appointed July 2026 as main contractor. Architect: Coffey Architects.",,Not published.,London Irish Centre,"50-52 Camden Square, London Borough of Camden, NW1",United Kingdom,uk,51.5424,-0.1345,37,,Replacement,Awarded - pre-start,Medium,In-situ frame,None identified,January 2027.,2029-03-31,"Redevelopment of the London Irish Centre at 50-52 Camden Square, an estimated £36m-£38m scheme designed by Coffey Architects. Sisk appointed main contractor July 2026, construction expected to begin January 2027, reopening targeted for Q1 2029.",NEWS,New,__NO__,https://www.constructionmagazine.uk/2026/08/london-construction-projects-starting-2027.html,aled,"AE ROUTING: UNRESOLVED — UK shared patch, Sisk is not a named account. CONFIRMED (London Construction Magazine, Aug 2026): Sisk appointed Jul 2026, £36-38m estimated value, Coffey Architects, Jan 2027 construction start, Q1 2029 reopening, Camden Square location. INFERRED: that concrete scope is modest — a judgement from building type, since no structural detail is published. Value entered as 37 as a midpoint of the published range, which is itself described as an estimate; treat the band rather than the figure. NOT CONFIRMED: structural form, storey count, frame subcontractor, concrete volumes.",__NO__,__NO__,__NO__,,,Low,Schedule-critical vertical build,"Well timed — appointed July 2026 with construction from January 2027, so nothing is fixed — but small and structurally unremarkable. A £36-38m cultural and community building is not a repeating-floorplate programme and cycle time is unlikely to drive it. Kept for the timing and for Sisk as an account, not for the concrete.","Timing: HIGH — appointed Jul 2026, construction Jan 2027, everything ahead. Opportunity: LOW — c.£37m cultural building, no repeatability, cycle time unlikely to be the schedule driver. Access: MEDIUM — Sisk appointed and identifiable, but not a named Converge account. Coverage: MEDIUM — UK shared patch.",Cure / Signal,Direct,reed,Under 50M
SISK - Battersea Power Station next phase - London SW8,"John Sisk & Son, reported as appointed main contractor for the next phase.",,Not published.,Battersea Power Station Development Company,"Battersea Power Station estate, Nine Elms, London Borough of Wandsworth, SW8",United Kingdom,uk,51.4819,-0.1447,,Power & transmission,Phase of larger scheme,Awarded - pre-start,,,Not established. Battersea and the wider Nine Elms area have had heavy monitoring presence across previous phases — check before pitching.,Unknown — no programme published.,,"Sisk reported as appointed main contractor for the next phase at the Battersea Power Station development. Scope, value and programme not published in the source.",NEWS,New,__NO__,https://www.buildington.co.uk/new-developments,aled,"AE ROUTING: UNRESOLVED — UK shared patch, Sisk is not a named account. THIN RECORD — from a property-listings aggregator snippet, not a trade press announcement. Do not quote this to a customer as it stands. CONFIRMED: only that Sisk has been appointed as main contractor for a next phase at Battersea Power Station. INFERRED: that the phase is residential with repeating floorplates — based on the pattern of previous Battersea phases, not on anything published about this one. NOT CONFIRMED: phase name, scope, value, unit count, storey count, programme, start date. Value deliberately left blank.",__NO__,__NO__,__NO__,,,Low,Schedule-critical vertical build,"Snippet-only. Battersea phases have historically been substantial residential concrete programmes with repeating floorplates, which is the right profile, and Sisk being appointed makes it a real appointment rather than a rumour. But nothing about scope, value, unit count or programme is confirmed, and a record with no numbers cannot honestly be banded above Low. This is a placeholder to be rebuilt once the phase is properly announced.","Timing: UNKNOWN — appointment reported, no programme published. Opportunity: UNKNOWN — historically strong at Battersea, unevidenced here. Access: MEDIUM — Sisk identifiable and appointed. Coverage: MEDIUM — UK shared patch, no named account.",Cure / Signal,Direct,reed,
AMEY RAIL / COSTAIN / DRAGADOS - TfL station upgrades framework - London,"Amey Rail, Costain and Dragados hold places on the framework. Individual station schemes are not yet allocated between them.",,"Not applicable — framework, no schemes let.",Transport for London,"London-wide. Named workbank includes Elephant & Castle and South Kensington Underground stations, tram depot and infrastructure works, and the Step Free Access programme.",United Kingdom,uk,51.5074,-0.1278,700,Rail / metro,Phase of larger scheme,PCSA / preconstruction,Medium,Raft / substructure / basement,None identified,Scheme-dependent and unpublished. The framework runs 1 June 2026 to 31 May 2028 with options to extend by up to two further years.,,"TfL named Amey Rail, Costain and Dragados to a £700m framework for multi-disciplinary infrastructure and construction projects across the capital, taking schemes from early contractor involvement through design, construction and completion. The expected workbank includes the £60m Elephant & Castle and £80m South Kensington Underground station upgrades, Trams Rolling Stock Replacement Power and Depot and Infrastructure Works, and the £200m Step Free Access programme. Runs 1 June 2026 to 31 May 2028 with options to extend.",NEWS,New,__YES__,https://www.constructionenquirer.com/2026/05/13/tfl-names-trio-for-700m-station-upgrade-framework/,aled,"AE ROUTING: UNRESOLVED — UK shared patch, none of the three is a named account. FRAMEWORK NOT PROJECT — this record exists as a watchlist entry; individual schemes should become their own records when allocated. NEXT ACTION (Q4 2026): check which contractor takes Elephant & Castle and South Kensington and create project records for each. CONFIRMED (Construction Enquirer, 13 May 2026): three named contractors, £700m framework value, ECI-through-completion scope, named workbank items and values, 1 Jun 2026 to 31 May 2028 term with extension options. INFERRED: that structural concrete content is modest — a judgement about station upgrade schemes generally. NOT CONFIRMED: scheme allocation, structural scope on any individual station, programmes.",__NO__,__NO__,__NO__,,,Low,Mass-concrete civils,"A framework is not a project. £700m across an unallocated workbank cannot be scored for concrete opportunity, and station upgrades in the £60-80m range are usually dominated by fit-out, access and systems rather than structure. The reason to keep it is that the named workbank — Elephant & Castle at £60m and South Kensington at £80m — will produce individual schemes with real substructure content, delivered by three identifiable contractors, and catching those at ECI stage is worth more than the framework itself.","Timing: MEDIUM — framework runs from 1 June 2026, schemes not yet allocated, so ECI opportunities are ahead. Opportunity: LOW — station upgrades skew to fit-out and systems; structural content unquantified. Access: MEDIUM — three named contractors, all identifiable and approachable. Coverage: MEDIUM — UK shared patch, no named account.","Cure / Signal,Data Hub",Direct,reed,250M+
"GATWICK AIRPORT LTD (no main contractor appointed) - Northern Runway project - Crawley, West Sussex","No main contractor appointed for the Northern Runway project. Gatwick Airport Ltd is the promoter and is now moving into detailed engineering, contractor appointments and enabling works. Gatwick's separate Building and Civils Frameworks (11 firms including Mace, Morgan Sindall and Costain) are the most likely procurement route for elements of the work.",,Not applicable at this stage.,Gatwick Airport Ltd. Capital programmes director: Alasdair Scobie. Chief executive: Stewart Wingate.,"London Gatwick Airport, Crawley, West Sussex — northern runway, taxiway system, both North and South Terminals and associated airport infrastructure",United Kingdom,uk,51.1537,-0.1821,2200,Airport,Phase of larger scheme,PCSA / preconstruction,Large,Slabs / pavements,Not established.,"Enabling works are beginning now following the August 2026 dismissal of the final legal challenge. Runway operations are expected from 2030, which brackets the construction programme.",,"Gatwick's £2.2bn Northern Runway project brings the existing standby northern runway into regular use through alterations to the runway, taxiway system and associated airport infrastructure, rather than constructing a wholly new runway. Development consent was granted on 21 September 2025, with a Correction Notice and Correction Order issued on 20 January 2026. The High Court dismissed legal challenges on 23 June 2026 and the final challenge was dismissed in early August 2026, giving certainty ahead of procurement and construction. Gatwick can now move forward with detailed engineering, contractor appointments and enabling works. Work includes new buildings and extensions at both North and South Terminals, amendments to taxiways, terminals and ancillary facilities, highways and rivers, plus temporary construction works and mitigation. From 2030 the expansion is expected to enable up to 100,000 additional aircraft movements a year, raising annual passenger capacity by around 13 million to about 80 million by the late 2040s. Anticipated occupations include concrete specialists, groundworkers, plant operators, steel erectors and fit-out teams. The scheme is privately financed.",NEWS,New,__YES__,https://www.constructionenquirer.com/2026/08/04/gatwick-second-runway-cleared-after-court-challenge-fails/,aled,"AE ROUTING: UNRESOLVED — no contractor appointed, so the named-account test cannot be applied. Note that if the work routes through the Building and Civils Frameworks, several members recur across this sweep (Mace on HS2 Curzon Street, Morgan Sindall at Sellafield and on YORbuild 2, Costain at Sellafield and TfL and Net Zero Teesside). NEXT ACTION (Q4 2026): this is the single most valuable event to watch in the South East. Contractor appointments are being made now. Being known before they are is worth more than anything achievable afterwards. CRITICAL DISTINCTION worth understanding before any conversation: this is NOT a new runway. It brings the existing northern standby runway into regular use through alterations to the runway and taxiway system. Describing it as a new runway build would immediately mark an approach as uninformed. CONFIRMED (Construction Enquirer 4 Aug 2026 and 22 Sep 2025; London Construction Magazine Aug 2026; Planning Inspectorate TR020005; GOV.UK; Aviation Week): £2.2bn privately financed, DCO granted 21 Sep 2025, Correction Order 20 Jan 2026, High Court dismissal 23 Jun 2026, final challenge dismissed early Aug 2026, move to detailed engineering and contractor appointments and enabling works, scope covering runway/taxiway/terminals/ancillary facilities/highways/rivers, new buildings and extensions at both terminals, 100,000 additional movements and ~13m additional passengers to ~80m by late 2040s, operations from 2030, concrete specialists named among anticipated occupations, skills shortage context. INFERRED: that airfield pavement is thick, high-specification and laid in repeating bays inside possession windows — true of airfield construction generally, not published for Gatwick. NOT CONFIRMED: main contractor, package structure, pavement specification, concrete volumes, programme dates beyond the 2030 operational target.",__YES__,__YES__,__NO__,,,High,Mass-concrete civils,"The timing here is close to perfect and it has only just become so. The Development Consent Order was granted in September 2025 but legal challenges preserved uncertainty over investment decisions and delivery structure until the High Court dismissed them on 23 June 2026, with the final challenge dismissed in early August. Gatwick is now moving into detailed engineering, contractor appointments and enabling works — meaning the entire £2.2bn delivery structure is being assembled this quarter and no main contractor exists yet. The work is genuinely concrete-heavy: alterations to a runway and taxiway system means airfield pavement, which is thick, high-specification, laid in repeating bays to tight tolerance, and constructed inside brutal possession windows because an operating airport cannot stop. Gatwick's own workforce forecast explicitly names concrete specialists among the anticipated occupations.","Timing: HIGH — final legal challenge dismissed August 2026; contractor appointments and enabling works are happening now; operations from 2030. There is no better moment. Opportunity: HIGH — runway and taxiway pavement plus new buildings and extensions at both terminals; repeating bays, thick sections, night possessions. Access: LOW today — no main contractor appointed, though the 11-firm Building and Civils Framework is a plausible route and is already named. Coverage: MEDIUM — UK shared patch; several framework members (Mace, Morgan Sindall, Costain) recur across this sweep.","Cure / Signal,Data Hub,MixAI",Direct,reed,250M+
"SKANSKA - Lower Thames Crossing Kent Roads - Gravesend, Kent","Skanska Construction UK Limited, named preferred bidder and awarded the Kent Roads contract in summer 2023. Programme partners: Jacobs (Integration Partner), Turner & Townsend (Commercial Partner), AtkinsRealis.",,"Not published. Skanska has issued enabling tenders including asbestos removal and ecological habitat creation east of Thong, near Gravesend.","National Highways. Executive director, Lower Thames Crossing: Matt Palmer.","3.7 miles (6km) of roads connecting the A2/M2 to the southern tunnel entrance, near Gravesend, Kent",United Kingdom,uk,51.42,0.37,450,Tunnel,New build,Awarded - pre-start,,,Not established.,"Main construction during 2026. Early work to prepare parts of Essex and Kent for construction was under way from March 2026. Main works are expected to take six to eight years, with opening in the early 2030s.",,"Skanska Construction UK holds the £450m Kent Roads contract on National Highways' Lower Thames Crossing, awarded in summer 2023, building 3.7 miles (6km) of roads connecting the A2/M2 to the southern tunnel entrance near Gravesend. Skanska has launched early-stage tenders including asbestos removal and ecological habitat creation east of Thong, involving species translocation, fencing, pond construction, topsoil treatment and planting. The wider £9-11bn scheme includes twin-bore tunnels under the Thames delivered by the Bouygues Travaux Publics-Murphy JV and roads north of the Thames delivered by Balfour Beatty. Development consent was granted in March 2025, with an additional £891m of public funding confirmed at the Autumn Budget 2025 and early preparatory works under way from March 2026. National Highways has designated the project a pathfinder for carbon neutral construction, committing to low-carbon concrete and steel, hydrogen-powered construction fleets and a 70% reduction in construction carbon footprint. Construction supports up to 22,000 jobs.",NEWS,New,__YES__,https://nationalhighways.co.uk/our-roads/lower-thames-crossing/what-is-the-lower-thames-crossing/about-the-lower-thames-crossing/,aled,"AE ROUTING: RESOLVED to aled — Skanska is a named Aled account under the named-account-wins-outright rule. CROSS-REGION: this is the Kent package of the Lower Thames Crossing. The BMJV tunnel record and the Balfour Beatty Roads North record are filed under East of England and were deliberately flagged there for creation here. Do not duplicate. SKANSKA IS NOW A FOUR-RECORD ACCOUNT ACROSS THE SWEEP: 55 Old Broad Street (£282m, City of London, October 2026 start — the best-timed record in the London file), One Appold Street (£273m, Broadgate), HS2 Euston Tunnel via Skanska Costain STRABAG, and LTC Kent Roads. Aled owns all four. That is the cleanest account picture in the entire sweep and should be worked as one relationship. NEXT ACTION (25 Aug 2026): raise LTC inside the existing Skanska relationship rather than as a separate pursuit. The carbon angle is the specific hook — National Highways has to evidence low-carbon concrete on a pathfinder project and Skanska has to deliver it. CONFIRMED (National Highways LTC pages; Construction News 3 Apr 2025; Highways Magazine; Born To Engineer; Construction Enquirer 25 Mar 2025): Skanska as Kent Roads contractor, £450m value, 3.7 miles / 6km scope connecting A2/M2 to the southern portal, summer 2023 award and preferred bidder status, asbestos removal and Thong ecological habitat tenders and their scope, DCO March 2025, £891m Autumn Budget addition, early preparatory works from March 2026, carbon neutral pathfinder designation and commitments, 22,000 jobs, six to eight year main works. INFERRED: that structures and portal approaches carry the concrete content — from highway construction generally. NOT CONFIRMED: structure count, concrete volumes, whether main construction has started, any concrete subcontractor.",__YES__,__YES__,__YES__,,,High,Mass-concrete civils,"The named account is what lifts this above the equivalent Balfour Beatty package on the Essex side. Skanska is one of Aled's named accounts, which resolves coverage outright, and Skanska UK now appears four times across this sweep — 55 Old Broad Street and One Appold Street in London, the HS2 Euston Tunnel via SCS JV, and here. The work itself is £450m of new highway feeding the southern tunnel portal, with main construction still starting during 2026 and early preparatory works only beginning in March 2026, so the programme is almost entirely ahead. And the carbon commitment is the strongest in the sweep: National Highways has designated the Lower Thames Crossing a pathfinder project for carbon neutral construction with explicit commitments to low-carbon concrete and a 70% reduction in construction carbon footprint.","Timing: HIGH — awarded 2023 but early preparatory works only from March 2026 and main construction during 2026, with six to eight years of main works. Opportunity: MEDIUM-HIGH — 6km of highway with structures and portal approaches; distributed concrete rather than concentrated. Access: HIGH — Skanska is a named Aled account with existing Converge relationships. Coverage: HIGH — named account resolves UK routing outright.","Cure / Signal,MixAI,Data Hub",Direct,reed,250M+
"GATWICK BUILDING AND CIVILS FRAMEWORKS (11 firms) - capital investment programme - Crawley, West Sussex","Eleven contractors and specialists appointed June 2026, including Mace, Morgan Sindall and Costain among major Tier 1s, plus regional specialists including BP Installations and Camgo Electrical. Around half of the Lower Complexity contractors operate from local or regional offices.",,Not applicable — framework.,London Gatwick. Capital programmes director: Alasdair Scobie.,"London Gatwick Airport, Crawley, West Sussex",United Kingdom,uk,51.1537,-0.1821,2000,Airport,Replacement,PCSA / preconstruction,Large,Slabs / pavements,None identified,Call-off dependent. Frameworks run up to six years from June 2026.,,"London Gatwick refreshed its Building and Civils Frameworks in June 2026, appointing 11 contractors and specialists for up to six years to support delivery of the airport's capital investment programme, reported as a £2bn decade-long upgrade. The selected suppliers include major Tier 1s and several regional specialists, and will support management and delivery of projects such as pier refurbishments, installation of electric vehicle charging stations, self-check-in system enhancements and upgrading of terminal facilities. Projects cover asset replacement, capacity expansion, operational efficiency improvements, regulatory compliance and customer service enhancements. The framework structure was designed to improve access for SMEs, with around half of the Lower Complexity contractors operating from local or regional offices. The appointments follow the launch of Gatwick's Design Services Framework and align with its Decade of Change sustainability strategy, which includes commitments to carbon management, local employment and social impact.",NEWS,New,__YES__,https://www.constructionenquirer.com/2026/06/11/gatwick-names-11-firms-to-drive-32bn-airport-upgrade/,aled,"AE ROUTING: UNRESOLVED — UK shared patch, multiple counterparties. FRAMEWORK NOT PROJECT — but read it alongside the Northern Runway record, which is the actual opportunity. This framework is the only appointed contractor list at Gatwick and is the available door while the runway project has none. CROSS-REFERENCE: Mace appears on HS2 Curzon Street (West Midlands file); Morgan Sindall on the Sellafield IDP and YORbuild 2; Costain on the Sellafield IDP, the TfL £700m framework and Net Zero Teesside. Costain now appears four times across the sweep and Morgan Sindall three. NEXT ACTION: establish whether Northern Runway work will be let through these frameworks or procured separately. That answer determines whether this record is a route to £2.2bn or a list of fit-out contractors. CONFIRMED (Construction Enquirer 11 Jun 2026; UK Property Forums 15 Jun 2026; London Construction Magazine Aug 2026): 11 firms appointed June 2026, up to six years, Mace/Morgan Sindall/Costain named, BP Installations and Camgo Electrical named among specialists, ~£2bn decade-long upgrade, workbank of pier refurbishments and EV charging and self-check-in and terminal upgrades, SME access design with ~half of Lower Complexity contractors local or regional, Design Services Framework predecessor, Decade of Change strategy with carbon management commitments, Alasdair Scobie quoted. INFERRED: that Northern Runway work may route through these frameworks — plausible but not stated anywhere. NOT CONFIRMED: the full 11-firm list, lot structure, individual call-offs, whether any airfield pavement work is in scope.",__YES__,__NO__,__NO__,,,Medium,Mass-concrete civils,"A framework rather than a project, and the named workbank is unpromising for concrete — pier refurbishments, EV charging installation, self-check-in enhancements and terminal upgrades are fit-out and services work. What earns it a Medium is position rather than content: it is the only named, appointed contractor list at Gatwick, refreshed in June 2026 for up to six years, and it sits alongside a £2.2bn Northern Runway project that has just cleared its final legal challenge and has no main contractor. If any element of the runway programme routes through these frameworks, these eleven firms are the buyers. The Decade of Change sustainability strategy with explicit carbon management commitments gives a secondary MixAI opening.","Timing: HIGH — appointed June 2026 for up to six years, all call-offs ahead. Opportunity: LOW-MEDIUM — the published workbank is refurbishment, EV charging and terminal upgrades; airfield or structural concrete is not named. Access: HIGH — eleven identifiable firms, several already recurring across this sweep. Coverage: MEDIUM — UK shared patch.","Cure / Signal,MixAI",Direct,reed,250M+
"MCLAREN CONSTRUCTION / PHOENIX ME - Corscale data centre, Iver - Buckinghamshire","McLaren Construction and Phoenix ME, appointed under a pre-construction services agreement to begin early works.",,Not published.,Corscale,"Iver, Buckinghamshire — within the Slough and Heathrow data centre cluster",United Kingdom,uk,51.523,-0.51,254,Data centre,New build,PCSA / preconstruction,Large,Raft / substructure / basement,Not established.,Early works beginning under the PCSA; no published date for structural concrete.,,"Corscale has appointed McLaren Construction and Phoenix ME under a pre-construction services agreement to begin early works on a £253.9m data centre in Iver, Buckinghamshire. The site sits within the Slough and Heathrow corridor, historically the UK's busiest data centre market, where CyrusOne, Vantage, Digital Realty, Yondr, Iron Mountain, DataBank, Colt, AWS and Equinix all have a presence.",NEWS,New,__NO__,https://www.londonbuildexpo.com/construction-news,aled,"AE ROUTING: UNRESOLVED — UK shared patch, McLaren is not a named account. MCLAREN RECURS ACROSS THE SWEEP: McLaren Property/Living/Regeneration on Wellington Square Leeds (45 storeys, 464 BTR homes) and Beck Yard (£85m, 375 homes) in the Yorkshire file, McLaren Living on the Oasis BTR in Birmingham with Winvic, McLaren Construction Midlands and North on the Birmingham England Temple, and McLaren Construction here. Five touchpoints across three regions — worth treating as a group account. NEXT ACTION (25 Aug 2026): PCSA stage is the moment. Approach before the frame and slab method is fixed. THIN SOURCE WARNING: this record rests on a single news-aggregator snippet. Floor areas, MW capacity, programme and building count are all unknown, and the record should be strengthened before it is worked hard. CONFIRMED (London Build news feed): Corscale as client, McLaren Construction and Phoenix ME appointed under PCSA, early works, £253.9m value, Iver Buckinghamshire location. CONFIRMED separately (Data Center Dynamics): the Slough/Heathrow cluster composition and its status as the UK's busiest data centre market. INFERRED: that slab and raft work dominates and handover pressure is severe — from data centre construction generally, not published for Iver. NOT CONFIRMED: floor areas, MW capacity, building count, programme, planning status, whether structural works have started.",__YES__,__YES__,__NO__,,,High,Mass-concrete civils,"A £253.9m data centre with McLaren Construction and Phoenix ME appointed under a PCSA to begin early works — which is the exact stage the scoring model identifies as best, because a PCSA means the contractor is embedded while the method is still being fixed rather than after. Data centre construction is heavy slab and raft work with tight flatness and moisture tolerances, and handover pressure is commercially severe because capacity that isn't live isn't earning. McLaren is also a recurring name in this sweep, appearing as developer on Wellington Square in Leeds and Beck Yard, and as McLaren Living on the Oasis BTR in Birmingham with Winvic — so a group conversation reaches several regions.","Timing: HIGH — PCSA stage with early works beginning; the frame and slab method is being set now. Opportunity: MEDIUM-HIGH — £253.9m data centre with substantial slab and raft content; floor areas not published. Access: HIGH — McLaren Construction is identifiable and the group recurs across this sweep. Coverage: MEDIUM — UK shared patch, McLaren is not a named account.","Cure / Signal,Data Hub",Direct,reed,250M+
MANOR FARM PROPCO (TRITAX BIG BOX) - Slough data centre and BESS - Berkshire,"No contractor appointed. Manor Farm Propco, a company set up by property investor Tritax Big Box to pursue the project, is the developer.",,Not applicable at this stage.,"Manor Farm Propco / Tritax Big Box. Determination called in by the Department for Housing, Communities and Local Government following an appeal.","Slough, Berkshire — adjacent to Wraysbury Reservoir and Poyle Industrial Estate, on green belt land the developer describes as underutilised brownfield",United Kingdom,uk,51.465,-0.51,,Dam / hydro / reservoir,New build,PCSA / preconstruction,Large,"Raft / substructure / basement,Marine / water-retaining",Unknown,Gated entirely on the outcome of the called-in public inquiry. Construction was expected to start in the first half of 2026 if approved.,,"A public inquiry opened into a 147MW data centre scheme at Slough. The data centre would provide 107MW of capacity from a building spanning 448,000 sq ft (41,600 sq m), with the site potentially expanded to offer 147MW, and a battery energy storage system built alongside with at least some power coming from an unnamed renewable and low-carbon energy firm. If approved, construction was expected to start in the first half of 2026. Developer Manor Farm Propco, a company set up by Tritax Big Box, says that although the plot is in the green belt it is underutilised brownfield land, part of it currently occupied by commercial buildings and adjacent to Wraysbury Reservoir and the Poyle Industrial Estate. The scheme was called in for inquiry by the Department for Housing, Communities and Local Government following an appeal, after the council had not made a decision but was set to reject it. The Slough and Heathrow area has historically been the UK's busiest data centre market.",NEWS,New,__YES__,https://www.datacenterdynamics.com/en/news/public-inquiry-opens-into-147mw-slough-data-center-scheme/,aled,"AE ROUTING: UNRESOLVED — no contractor, no consent. NEXT ACTION (Q4 2026): check the inquiry outcome. If consented, a contractor appointment follows quickly given the H1 2026 construction ambition, and this becomes a live record. If refused, disqualify. CROSS-REFERENCE: the BESS element makes this the second battery storage record in the sweep after Thorpe Marsh Green Energy Hub in the Yorkshire file — where the argument was that hundreds of near-identical container plinths carry real repeatability even though individual pours are small. Same logic applies here at smaller scale, with the advantage of a large data hall slab alongside. CONFIRMED (Data Center Dynamics, Feb 2026): public inquiry opened, 107MW from a 448,000 sq ft / 41,600 sq m building, expansion potential to 147MW, BESS alongside with unnamed renewable energy partner, H1 2026 construction expectation if approved, Manor Farm Propco as a Tritax Big Box vehicle, green belt location described by the developer as underutilised brownfield, adjacency to Wraysbury Reservoir and Poyle Industrial Estate, call-in by DHCLG after appeal, council minded to refuse, prior approvals of Hertfordshire and Buckinghamshire data centres against local planner refusals, Slough/Heathrow cluster operators. INFERRED: that BESS plinths provide repeatability — from the Thorpe Marsh reasoning, not published here. NOT CONFIRMED: inquiry outcome, contractor, programme, slab specification, concrete volumes.",__NO__,__NO__,__NO__,,,Medium,Mass-concrete civils,"A 107MW data centre in a single 448,000 sq ft building, expandable to 147MW, with a battery energy storage system alongside — that combination is genuinely interesting because it pairs a large slab and raft programme with the repeatable container plinths that made the Thorpe Marsh record in Yorkshire worth keeping. Construction was expected to start in the first half of 2026 if approved. But approval is the problem: the council was set to reject it, the applicant appealed, and the government called it in for public inquiry. A scheme at inquiry with no contractor and no consent cannot be banded above Medium regardless of how good the concrete looks.","Timing: UNKNOWN — construction was expected in H1 2026 if approved, but the scheme was still at public inquiry. Opportunity: MEDIUM-HIGH — 448,000 sq ft single building plus BESS plinths; large slab and repeatable pads. Access: LOW — no contractor, no consent. Coverage: MEDIUM — UK shared patch.",Cure / Signal,Direct,reed,
"HAMPSHIRE AND DEVON COUNTY COUNCILS - Southern Construction Framework SCF6 - South East, South West and London","Tender race started; no SCF6 appointments yet. The current framework's London list comprises Bowmer & Kirkland, Galliford Try, ISG, Graham, Kier, Mace, Morgan Sindall, Tilbury Douglas and Willmott Dixon; a separate regional list includes AJC Group, EW Beard, Halsall Construction, Kier, Knights Brown, Mildren Construction, Morgan Sindall, Nevada Construction, Stepnell and Tilbury Douglas.",,Not applicable — framework.,Delivered jointly by Hampshire and Devon County Councils. Head of Southern Construction Framework (South West): Kingsley Clarke.,"South West, South East and London, with England-wide provision for major and complex programmes",United Kingdom,uk,51.0632,-1.308,2000,,New build,PCSA / preconstruction,Medium,In-situ frame,None identified,Call-off dependent. SCF6 runs for an initial four years from May 2027.,,"The tender race has started for contractors to join the Southern Construction Framework's sixth generation, SCF6. The current framework delivers around £500m of projects a year across London, the South East and the South West, and the new deal will run for an initial four years from May 2027. Delivered jointly by Hampshire and Devon County Councils, SCF has supported the delivery of £10bn of public sector construction projects since its inception in 2006. SCF6 will be structured across 10 lots covering the South West, South East and London, alongside England-wide provision for major and complex programmes, with value bands ranging from local projects up to £30m through to major and mega developments valued at £10m to £100m-plus.",NEWS,New,__YES__,https://www.constructionenquirer.com/2026/06/26/scf-starts-hunt-for-2bn-framework-contractors/,aled,"AE ROUTING: UNRESOLVED — UK shared patch, no appointments made. CROSS-REGION: covers the South East, South West and London. Filed here; note for the South West sweep and do not duplicate. FRAMEWORK NOT PROJECT — the value is the appointee list, which does not exist yet for SCF6. The current lists are the best available proxy and several names recur: Kier (now five appearances across this sweep including STEP Fusion and the £1bn Legacy Concrete Roads framework), Morgan Sindall (four), Mace, Graham, Tilbury Douglas, Willmott Dixon. NEXT ACTION (2027): watch for SCF6 appointments. Nothing to do before then beyond noting which of the incumbents Converge already knows. CONFIRMED (Construction Enquirer, 26 Jun 2026): tender race started, ~£500m a year current delivery across London/SE/SW, initial four years from May 2027, joint Hampshire and Devon County Council delivery, £10bn supported since 2006, 10 lots plus England-wide major and complex provision, value bands from local projects to £30m through to £10m-£100m+, current London and regional appointee lists, Kingsley Clarke quoted. INFERRED: that public sector building often uses steel or masonry rather than concrete frame — a general judgement, which is why this is Medium not High. NOT CONFIRMED: SCF6 appointees, lot structure detail, individual call-off pipeline.",__NO__,__NO__,__NO__,,,Medium,Schedule-critical vertical build,"A framework, but a substantial and well-structured one: the current generation delivers around £500m of projects a year across London, the South East and the South West, and SCF6 will run an initial four years from May 2027 across ten lots with value bands reaching £10m to £100m-plus. Since inception in 2006 SCF has supported £10bn of public sector construction. The reason it earns a Medium rather than a Low is the upper band — major and complex programmes at £100m-plus is where genuine concrete-framed public buildings sit, and the tender race is running now, which means the eventual appointee list is being determined. Kier, Morgan Sindall and Tilbury Douglas appear on both the current London and regional lists and recur across this sweep.","Timing: MEDIUM — SCF6 runs from May 2027, so call-offs are two years out, but the tender race is live now. Opportunity: MEDIUM — £500m a year of public sector work with bands to £100m+, though public building skews to steel and masonry as often as concrete frame. Access: MEDIUM — the current appointee lists are published and several names recur across the sweep. Coverage: MEDIUM — UK shared patch; framework spans three regions.","Cure / Signal,Data Hub",Direct,reed,250M+
"SCAPE - regional construction works and services framework, Lot 4 Home Counties West - South East","No appointments. Framework awards expected 5 July 2027. Bidders must demonstrate an annual turnover of at least £20m; SMEs may bid as sole bidders, in consortia or in joint ventures.",,Not applicable — framework.,Scape,"Lot 4 Home Counties West covers Northamptonshire, Bedfordshire, Hertfordshire, Buckinghamshire, Oxfordshire, Berkshire and London",United Kingdom,uk,51.75,-0.8,1200,,New build,PCSA / preconstruction,,,None identified,"Not before framework award on 5 July 2027, then call-off dependent.",,"Scape has launched a £1.2bn regional construction works and services framework. Lot 4, Home Counties West, covers Northamptonshire, Bedfordshire, Hertfordshire, Buckinghamshire, Oxfordshire, Berkshire and London. The framework covers construction works and services across construction, engineering, architectural, project management, facilities management, maintenance and energy-related services. Individual commissions have an upper value limit of £15m. The deadline for requests to participate is 28 August 2026 and framework awards are expected on 5 July 2027, using a two-stage competitive flexible procedure. Bidders must demonstrate annual turnover of at least £20m, and the framework has been designed to facilitate SME engagement through successful bidders' supply chains, with direct bids also welcomed from SMEs as sole bidders or in consortia or joint ventures.",NEWS,New,__YES__,https://www.newcivilengineer.com/latest/scape-launches-1-2bn-regional-construction-works-and-services-framework-27-07-2026/,aled,"AE ROUTING: UNRESOLVED — no appointments. LOW BY DESIGN — the £15m commission cap is the whole story. Recorded so the skip decision is evidenced. CROSS-REGION: Lot 4 spans the South East, East Midlands, East of England and London, so it will surface again; do not duplicate. CONFIRMED (New Civil Engineer, 27 Jul 2026): £1.2bn framework value, Lot 4 Home Counties West composition, scope across construction/engineering/architectural/PM/FM/maintenance/energy, £15m upper commission limit, 28 Aug 2026 RTP deadline, 5 Jul 2027 award expectation, two-stage competitive flexible procedure, £20m minimum turnover, SME engagement design. INFERRED: that £15m commissions skew to refurbishment and small new build — a judgement from the cap. NOT CONFIRMED: appointees, lot-by-lot values, pipeline.",__NO__,__NO__,__NO__,,,Low,Schedule-critical vertical build,"Individual commissions through this framework have an upper value limit of £15m, which caps the concrete opportunity firmly. Public sector work at that scale — the framework covers construction, engineering, architectural, project management, facilities management, maintenance and energy services — is dominated by refurbishment and small new build, and the explicit SME orientation reinforces that. Recorded so the decision to skip is evidenced rather than made by omission, and because the lot boundary is a useful geographic reference.","Timing: LOW — awards not until 5 July 2027. Opportunity: LOW — £15m commission cap. Access: LOW — no appointments. Coverage: MEDIUM — UK shared patch; the lot spans the South East, East Midlands, East of England and London.",Cure / Signal,Direct,reed,250M+
"NO CONTRACTOR NAMED - A2 Bean to Ebbsfleet tunnel, Bluewater to Whitecliffe - Kent","An intention to award letter was published to a successful contractor following review of tenders for the main construction works, but the contractor was not named in the available source. Kent County Council is the highways authority. Arcadis is credited on project imagery.",,Unknown.,Kent County Council,"Linking Bluewater to Whitecliffe, part of Ebbsfleet Garden City, near Bean, Kent",United Kingdom,uk,51.43,0.28,,Tunnel,New build,Awarded - pre-start,Large,Mass concrete,Unknown,"Main works expected to begin in early 2026, with work set to last until 2027.",,"Kent County Council's highways authority reported that tenders for the main construction works had been reviewed and an intention to award letter published to the successful contractor, with an updated construction programme being produced and main works expected to begin in early 2026. Work is set to last until 2027, with traffic disruption likely during key phases. The tunnel will link Bluewater to Whitecliffe, part of Ebbsfleet Garden City.",NEWS,New,__NO__,https://www.kentonline.co.uk/kent/news/the-four-major-building-projects-set-to-reshape-kent-forever-334483/,aled,"AE ROUTING: UNRESOLVED — contractor not named. INCOMPLETE RECORD — an intention to award was published but the recipient was not identified in the source. NEXT ACTION: one search to name the contractor and confirm whether main works started in early 2026 as planned. A tunnel with a named contractor and a live 2026-2027 programme would be a solid Medium-High; without the name it cannot be worked. CONFIRMED (KentOnline, Dec 2025): tenders reviewed and intention to award letter published, updated programme being produced, main works expected early 2026, work lasting until 2027, tunnel linking Bluewater to Whitecliffe within Ebbsfleet Garden City, Arcadis credited on imagery, traffic disruption expected during key phases. INFERRED: nothing material. NOT CONFIRMED: contractor identity, tunnel length or dimensions, construction method (bored, cut-and-cover or otherwise), value, concrete volumes, whether works actually started.",__NO__,__NO__,__NO__,,,Medium,Mass-concrete civils,"A tunnel linking Bluewater to Whitecliffe within Ebbsfleet Garden City, with tenders reviewed, an intention to award letter published and main works expected to begin in early 2026 running until 2027. Tunnel construction is squarely the mass-concrete profile and the timing was excellent at the point of the source. The problem is that the contractor was not named and the source is a December 2025 regional round-up, so both the award and the current status are unverified — which caps this at Medium despite good fundamentals.","Timing: MEDIUM-HIGH — main works expected early 2026 running to 2027, so likely under way now. Opportunity: MEDIUM — a road tunnel of modest length; no dimensions or volumes published. Access: LOW — contractor not named. Coverage: MEDIUM — UK shared patch.",Cure / Signal,Direct,reed,
"GRAVESHAM BOROUGH COUNCIL (no contractor appointed) - Cascades leisure centre replacement - Gravesend, Kent",No main contractor appointed — one was set to be appointed at the time of the source. Gravesham Borough Council gave the works the green light in March 2023.,,Not applicable at this stage.,Gravesham Borough Council,"Cascades leisure centre, Gravesend, Kent",United Kingdom,uk,51.442,0.367,43,Retail / hotel / leisure,Replacement,PCSA / preconstruction,,,None identified,Unknown. Gated on main contractor appointment.,,"Plans to replace an ageing leisure centre in Gravesend long earmarked for demolition are moving forward, with a main contractor set to be appointed. The works on the new Cascades, given the green light by the council in March 2023, cost £42.9m. It aims to become a new low-carbon facility capable of hosting regional events alongside an improved family-fun offer.",NEWS,New,__NO__,https://www.kentonline.co.uk/kent/news/the-four-major-building-projects-set-to-reshape-kent-forever-334483/,aled,"AE ROUTING: UNRESOLVED — no contractor appointed. THIN RECORD. CONFIRMED (KentOnline, Dec 2025): £42.9m value, council green light March 2023, main contractor set to be appointed, low-carbon facility aim, regional events capability, replacement of an ageing centre earmarked for demolition. INFERRED: that the building is likely steel-framed with pool tanks as the main concrete element — from leisure centre construction generally, not published. That the low-carbon aim is operational rather than embodied — a pattern observed repeatedly across this sweep, not established here. NOT CONFIRMED: contractor, structural system, programme, whether any embodied carbon requirement exists.",__NO__,__NO__,__NO__,,,Low,Low-carbon spec-in,"A £42.9m replacement leisure centre is a modest job with no repeatability, and leisure buildings are frequently steel-framed with pool tanks as the only substantial concrete element. The stated aim of becoming a low-carbon facility is the only real hook, and as with several other records in this sweep that phrase usually turns out to mean operational energy rather than embodied carbon. Kept because it is at pre-appointment stage, so the method is unfixed, and because a public client with a stated low-carbon aim is at least a legitimate MixAI conversation.","Timing: MEDIUM — approved March 2023, contractor appointment pending at the time of the source, so the method is unfixed. Opportunity: LOW — £42.9m leisure centre, likely steel-framed with pool tanks as the main concrete element. Access: LOW — no contractor appointed. Coverage: MEDIUM — UK shared patch.","MixAI,Cure / Signal",Direct,reed,Under 50M
CIVIL WORKS ALLIANCE (BOUYGUES / LAING O'ROURKE / BALFOUR BEATTY) - Sizewell C main civils - Suffolk,"Civil Works Alliance (CWA) — Bouygues Travaux Publics, Laing O'Rourke and Balfour Beatty. AtkinsRealis provides multi-discipline engineering support into the Nuclear Island and Conventional Island/Balance of Plant programmes and the Technical Directorate. Subcontractors include VolkerGround Engineering and VolkerTrenchless Solutions (both VolkerWessels), Jackson Civil Engineering (Ipswich, £19m roads), and Kier (North Plaza).",,"Concrete supply split between Heidelberg Materials (main works, including the cut-off wall, from an Ipswich plant and a new on-site mobile batching plant) and Eastern Concrete Ltd (enabling and early works, over 120,000m3 from its Leiston plant and eventually an on-site plant).","Sizewell C Ltd. Joint managing directors: Julia Pyke and Nigel Cann. Chief commercial officer: Jon Loveday. Shareholders include the UK Government as largest shareholder, EDF, Centrica, La Caisse and Amber Infrastructure.","Sizewell, East Suffolk coast, adjacent to Sizewell B — Main Construction Area, Ancillary Construction Area and Temporary Construction Area",United Kingdom,uk,52.214,1.62,,Nuclear,New build,Groundbreaking / enabling works,Large,"Piling / foundations,Precast,Marine / water-retaining","Not established, but assume incumbency. Sizewell C is explicitly a near-replica of Hinkley Point C and is drawing on the supply chain and expertise already established there under what Heidelberg calls 'intelligent replication' — so whatever was specified at Hinkley is the default here, and displacing it is the real commercial problem.","The first safety-critical concrete pour has not yet taken place and no date is published. Enabling works are explicitly preparing for it and for the deep dig. Cut-off wall construction is under way, with around 35,000m3 supplied over seven months for its initial phase.",,"Sizewell C is a 3.2GW twin-reactor nuclear power station on the East Suffolk coast, a near-replica of Hinkley Point C, which will supply around six million homes for at least sixty years. Formal construction began January 2024; a Final Investment Decision in July 2025 confirmed £38bn of funding with the UK Government as largest shareholder. Almost 2,000 workers are on site with over 100 apprentices, rising to 17,000 at peak including 7,900 in Suffolk, with at least 1,500 apprentices. Around £3bn has been delivered in contracts to over 400 British suppliers, including £1.35bn across the East of England against a £4.4bn regional investment pledge. Work to date includes archaeology and earthworks, a concrete batching plant, a temporary desalination plant, sheet piling for a temporary sea defence, a new bridge linking the Main and Temporary Construction Areas, a six-lane crossing over an SSSI, park and ride sites, the Yoxford and Friday Street roundabouts, a railhead taking bulk materials trains, and marine works including the Combined Drainage Outfall. A cut-off wall of concrete panels and a plastic wall extending more than 50m into the ground is being built around the site perimeter to create a watertight barrier enabling around four million cubic metres of excavation for the two reactor units.",NEWS,New,__YES__,https://www.sizewellc.com/news-views/sizewell-c-injects-nearly-1bn-into-east-of-england-as-construction-hits-two-year-milestone/,lisa,"AE ROUTING: UNRESOLVED at project level — UK shared patch, and no CWA member is a named Converge account. BUT SEE THE VOLKERWESSELS RECORD: VolkerWessels is one of Lisa's named accounts and holds two active packages here, which is the strongest available route in and arguably resolves routing in her favour. Raise at triage. NEXT ACTION (25 Aug 2026): register on the Sizewell C supply chain portal (Jaggaer, via sizewellcsupplychain.co.uk) which publishes both current work packages and a forward view of upcoming procurement — that forward view is the single most valuable public artefact in this file. THE CENTRAL OBSTACLE IS INCUMBENCY, NOT ACCESS: Sizewell C is explicitly a near-replica of Hinkley Point C and is deliberately reusing its supply chain and methods under 'intelligent replication'. Whatever was specified at Hinkley is the default. Any approach has to answer that directly rather than pitching as though the field were open. CONFIRMED (Sizewell C newsroom 15 Jan 2026 and Sep 2025; NCE 16 Jan 2026 and 2 Mar 2026; AtkinsRealis project page; Heidelberg Materials; Construction Enquirer): CWA composition, 3.2GW twin reactors, Jan 2024 construction start, Jul 2025 FID and £38bn, government as largest shareholder plus EDF/Centrica/La Caisse/Amber, ~2,000 workers and 100+ apprentices now with 17,000 peak and 7,900 in Suffolk and 1,500 apprentices, ~£3bn to 400+ UK suppliers, £1.35bn in the East of England, £4.4bn regional pledge, enabling works objective of preparing for the deep dig and first safety-critical concrete pour, package structure (marine and tunnelling with precast concrete heads; main civils covering nuclear island, conventional island, heat sink, balance of plant, galleries, roads and CRF pipes; sitewide support; multi-discipline engineering), cut-off wall depth and function, ~4m m3 excavation, 2,400-bed accommodation campus design, named leadership, Jaggaer supply chain portal. INFERRED: nothing material. NOT CONFIRMED: date of the first safety-critical concrete pour, total concrete volume for the permanent works, whether monitoring is already specified through Hinkley replication. Value deliberately left blank — £38bn is a project funding figure, not a construction contract value.",__YES__,__YES__,__YES__,,,High,Mass-concrete civils,"The largest single concrete opportunity identified anywhere in this UK sweep, and the timing is exceptional. AtkinsRealis states plainly that the objective of the enabling works is to prepare the main construction site for the deep dig and the first safety-critical concrete pour — meaning that pour has not yet happened. A 3.2GW twin-reactor station requires around four million cubic metres of excavation behind a cut-off wall extending more than 50 metres into the ground, before nuclear island, conventional island, heat sink, galleries and marine works even begin. Every dimension is strong except one: this is a near-replica of Hinkley Point C, deliberately replicating its supply chain and methods, which makes incumbency the central obstacle rather than access or timing.","Timing: HIGH — enabling works are preparing for the deep dig and the first safety-critical concrete pour, which is still ahead. There is no better moment on a sixty-year asset. Opportunity: HIGH — 4m m3 excavation, a 50m+ cut-off wall, two reactor units, heat sink, galleries and precast tunnel heads; the largest volume in the sweep by a wide margin. Access: MEDIUM-HIGH — the CWA is three named Tier 1s, the supply chain portal is public via Jaggaer, and several subcontractors are already identified. Coverage: MEDIUM — UK shared patch; but VolkerWessels' presence gives Lisa a named-account route in (see the separate record).","Cure / Signal,Data Hub,MixAI",Direct,reed,
VOLKERWESSELS (VOLKERGROUND / VOLKERTRENCHLESS) - Sizewell C ground engineering and trenchless packages - Suffolk,"VolkerGround Engineering and VolkerTrenchless Solutions, both VolkerWessels UK, appointed by the Civil Works Alliance (Bouygues, Laing O'Rourke, Balfour Beatty).",,Self-delivered within VolkerWessels for the trenchless works — VolkerTrenchless Solutions placed the 168m3 base plug pour in the Combined Discharge Outlet shaft itself.,"Civil Works Alliance, on behalf of Sizewell C Ltd.","Sizewell C site, East Suffolk coast — temporary sea defence along the eastern and western site boundaries, haul road between the Temporary and Main Construction Areas, and marine landfall works",United Kingdom,uk,52.214,1.62,,Nuclear,New build,Main works / on site,Large,"Piling / foundations,Marine / water-retaining,Culverts / ancillary structures",Not established.,Under way. The CDO base plug pour of 168m3 has been placed; CDO pipe lining works commenced around 16 April 2026 involving several vessels and the jack-up barge NP497; HDD landfall and sea defence works continue.,,"VolkerGround Engineering was appointed by the Civil Works Alliance to deliver a temporary sea defence wall for Sizewell C, extending 784 linear metres and weighing roughly 12,000 tonnes, defining and protecting the eastern and western site boundaries. It subsequently completed a 343m steel sheet pile retaining wall using AZ52 and AZ28-700 sections in lengths up to 20.2m, providing enabling works for a haul road linking the temporary and main construction zones, including weep holes to relieve pore water pressure. Separately, VolkerTrenchless Solutions has progressed Horizontal Directional Drilling landfall works, completing a first HDD landfall of approximately 475m, and completed the Combined Discharge Outlet auger drill installing a 54m length of 800mm steel casing at a 17-degree entry angle in challenging ground conditions, with a base plug pour of 168m3 of concrete placed within the shaft.",NEWS,New,__YES__,https://www.newcivilengineer.com/latest/significant-ground-engineering-package-for-sizewell-c-haul-road-completed-02-03-2026/,lisa,"AE ROUTING: RESOLVED to lisa — VolkerWessels is a named Lisa account under the schema's named-account-wins-outright rule, and it applies cleanly here even though the site is in the UK. This is the record that gives Converge a warm route into the Sizewell C programme as a whole. NEXT ACTION (25 Aug 2026): Lisa to work VolkerWessels UK on the Sizewell packages, with the wider CWA programme as the prize rather than these packages alone. The individual pours here are small; the value is the position. CROSS-REFERENCE: the Civil Works Alliance record in this file is the programme-level opportunity; this is the door into it. Note also that Balfour Beatty and Bouygues both appear in the CWA and separately on the Lower Thames Crossing in this same file. CONFIRMED (NCE 2 Mar 2026; VolkerWessels UK 7 May 2026; SZC Works Tracker): CWA appointment of VolkerGround Engineering, 784m and ~12,000t temporary sea defence, 343m sheet pile retaining wall with AZ52 and AZ28-700 sections to 20.2m, RTG21 leader rig and two 90t lattice crawler cranes, weep holes for pore water relief, TM22 leader rig and LTR1100 for the sea defence, VolkerTrenchless first HDD landfall of ~475m, CDO auger drill of 54m x 800mm casing at 17 degrees, 168m3 base plug pour, CDO pipe lining from ~16 April 2026 with jack-up barge NP497. INFERRED: nothing material. NOT CONFIRMED: total VolkerWessels contract values, remaining scope, whether either business has further Sizewell packages in procurement.",__YES__,__YES__,__YES__,,,High,Mass-concrete civils,"This is the best access position in the East of England file and possibly in the whole sweep, because VolkerWessels is one of Lisa's named accounts and is already delivering two separate packages on the largest concrete project in the country. The work itself is genuine: a 784m temporary sea defence weighing roughly 12,000t, a 343m sheet pile retaining wall using AZ52 and AZ28-700 sections up to 20.2m long, 475m of horizontal directional drilling for the first landfall, a 54m auger drill installing 800mm steel casing at a 17-degree entry angle in challenging ground, and a 168m3 base plug pour placed in the CDO shaft. Coastal and marine ground engineering in tidal conditions is exactly where early-age behaviour is hardest to predict and most consequential. And a named account already on site converts a Tier 1 nuclear programme from a cold approach into a warm one.","Timing: HIGH — packages actively progressing through 2026, with marine and landfall works continuing and the main civils programme still ahead of them. Opportunity: MEDIUM-HIGH — individual pours are modest (168m3 base plug), but the packages sit inside a programme with millions of cubic metres to come. Access: HIGH — VolkerWessels is a named Lisa account, already appointed, already on site. Coverage: HIGH — the named account resolves UK routing in Lisa's favour, unusually for a UK record.","Cure / Signal,Data Hub",Direct,reed,
"BOUYGUES TRAVAUX PUBLICS / MURPHY JV - Lower Thames Crossing tunnels and approaches - Thurrock, Essex and Kent","Bouygues Travaux Publics — J Murphy & Sons Joint Venture (BMJV). Barbour ABI ranks BMJV the top contractor in the UK in 2026 on the strength of this award. Programme-level partners: Jacobs (Integration Partner), Turner & Townsend (Commercial Partner), AtkinsRealis (project management).",,Not published. Tunnel lining will be segmental precast; no segment supplier identified.,"National Highways. Executive director, Lower Thames Crossing: Matt Palmer.","Twin bored tunnels under the River Thames between Tilbury in Thurrock, Essex and Gravesend in Kent, plus tunnel systems, portal buildings and approach roads",United Kingdom,uk,51.463,0.38,1300,Tunnel,New build,Awarded - pre-start,Large,"Tunnel linings,Mass concrete,Precast",Not established.,"Main construction expected to begin during 2026, following DCO consent in March 2025 and an additional £891m of public funding confirmed at the Autumn Budget 2025. Main works are expected to take six to eight years, with opening in the early 2030s.",,"The Bouygues Travaux Publics-Murphy Joint Venture holds the Tunnels and Approaches contract on National Highways' Lower Thames Crossing, covering the design and construction of twin road tunnels under the River Thames. At 2.6 miles they will be the longest road tunnels in the UK, and at over 16 metres wide among the widest in the world, carrying three lanes in each direction at national speed limit including double decker HGVs and hydrogen-fuelled vehicles currently restricted at Dartford. A single 16.4m tunnel boring machine will be turned around and reused for the second bore to save cost. The contract also includes tunnel systems, portal buildings and approach roads, plus two ecological habitats, a wetland and two public parks — Tilbury Fields in Thurrock and Chalk Park in Gravesham. The wider £9-11bn scheme connects the A2/M2 in Kent to the A13 and M25 in Thurrock over 23km, 4.2km of it underground. Development consent was granted in March 2025 and an additional £891m of public funding was confirmed at the Autumn Budget 2025. Construction supports up to 22,000 jobs. National Highways has designated it a pathfinder project for carbon neutral construction, committing to low-carbon concrete and steel, hydrogen-powered construction fleets and a 70% reduction in estimated construction carbon footprint.",NEWS,New,__YES__,https://www.murphygroup.com/project/lower-thames-crossing/,aled,"AE ROUTING: UNRESOLVED — UK shared patch, neither BMJV member is a named account. CROSS-REGION: the scheme spans Thurrock/Essex and Kent. This record and the Balfour Beatty Roads North record are filed under East of England. SKANSKA'S £450m KENT ROADS PACKAGE IS DELIBERATELY NOT RECORDED HERE — create it when the South East is swept, and note Skanska is an Aled named account, so that record will route cleanly. NEXT ACTION (25 Aug 2026): the MixAI angle is unusually strong and should lead. National Highways is publicly committed to carbon neutral construction with low-carbon concrete and a 70% footprint reduction, and has run supply chain roadshows (sixty local firms attended the first at South Essex College in Grays, January 2026). VALUE CONFLICT: the tunnels contract is variously reported at £1.3bn, £1.34bn and £2.3bn (the last described as estimated value at award of preferred contractor status). £1300 entered as the most commonly cited figure; treat the band rather than the number. CONFIRMED (Murphy Group project page; National Highways; Construction Enquirer 25 Mar 2025; Traffic Technology Today; Born To Engineer; NCE 2 Jul 2026): BMJV composition and scope, 2.6-mile twin bores as longest UK road tunnels, 16m+ width, 16.4m TBM turned and reused, tunnel systems and portal buildings and approach roads, ecological habitats and Tilbury Fields and Chalk Park, 23km route with 4.2km underground, DCO March 2025, £891m Autumn Budget 2025 addition, 2026 construction start, six to eight year main works, early 2030s opening, 22,000 jobs, carbon neutral pathfinder designation with low-carbon concrete and steel and hydrogen plant and 70% footprint reduction target, £60m insurance procurement running 30 Nov 2026 to 19 Nov 2033, Barbour ABI top UK contractor ranking. INFERRED: that segmental precast lining is the dominant concrete element — true of bored road tunnels, not itemised for LTC. NOT CONFIRMED: segment supplier or casting location, segment count, concrete volumes, whether main construction has actually started.",__YES__,__YES__,__NO__,,,High,Mass-concrete civils,"Twin bored road tunnels at 2.6 miles will be the longest in the UK, and at over 16 metres wide among the widest in the world — with a single 16.4m TBM turned around and reused for the second bore. Segmental tunnel lining at that diameter is repeatability at industrial scale, which is the strongest signal in the mass-concrete profile, and the work is genuinely ahead: construction was still only expected to begin during 2026 after the Autumn Budget added £891m. The MixAI case here is stronger than on almost any other record in the sweep, because National Highways has designated LTC a pathfinder project for carbon neutral construction and is explicitly committed to low-carbon concrete and a 70% reduction in construction carbon footprint. That is a mandated, evidenced commitment on a client that has to report against it.","Timing: HIGH — contract awarded but main construction still starting during 2026; the tunnel programme is entirely ahead, running six to eight years. Opportunity: HIGH — 2.6 miles of twin bore at 16m+ diameter means a very large segmental lining programme, plus portal buildings and approach structures. Access: MEDIUM — BMJV is identifiable and Murphy is a UK contractor with a public project page, but neither JV member is a Converge account. Coverage: MEDIUM — UK shared patch; note Bouygues is French-parented and also sits in the Sizewell C Civil Works Alliance.","Cure / Signal,Data Hub,MixAI",Direct,reed,250M+
HEIDELBERG MATERIALS UK - Sizewell C main works concrete supply - Suffolk,"Heidelberg Materials UK, supplying the Civil Works Alliance (Bouygues, Laing O'Rourke, Balfour Beatty). Admixtures supplied by Sika.",,Not applicable — Heidelberg is the concrete producer.,Sizewell C Ltd via the Civil Works Alliance.,"Sizewell C site, East Suffolk — supplied initially from the Ipswich concrete plant and subsequently from a new mobile batching plant on the Sizewell C site",United Kingdom,uk,52.214,1.62,,Nuclear,New build,Main works / on site,,,"Not established. Sika is already supplying admixtures, which indicates an established technical relationship on mix design that would need to be worked with rather than around.","Under way. Around 35,000m3 supplied over seven months for the initial cut-off wall phase, initially from the Ipswich plant, with a mobile batching plant installed at the Sizewell C site expected operational by the end of 2025.",,"Heidelberg Materials UK secured the contract to supply concrete for the main works at Sizewell C. The material is being used to construct the initial phase of the cut-off wall running around the perimeter of the site — a structure of concrete panels and a plastic wall extending more than 50 metres into the ground, creating a watertight barrier to enable around four million cubic metres of earth to be excavated for the two reactor units. Around 35,000 cubic metres of concrete is being supplied over seven months, initially from the Ipswich concrete plant, with a mobile batching plant installed on the Sizewell C site expected to be operational by the end of the year. The concrete contains admixtures from Sika to ensure workability, allow a longer window for placing and compaction, and inhibit the ingress of groundwater. Heidelberg states it is leveraging expertise from Hinkley Point C to deliver Sizewell C under intelligent replication.",NEWS,New,__YES__,https://www.heidelbergmaterials.co.uk/en/news-and-events/concrete-supply-for-main-works-at-sizewell,aled,"AE ROUTING: UNRESOLVED — UK shared patch. Note Heidelberg Materials is German-parented; a group-level relationship would touch Lisa's Continental Europe patch, and given the Hinkley-to-Sizewell replication model a group conversation may be more productive than a site one. Flagging, not deciding. NEXT ACTION (25 Aug 2026): this is a producer-side approach, not a contractor one. Target Heidelberg's nuclear team directly. The on-site mobile batching plant is the specific asset worth talking about — a dedicated plant serving one project for a decade is the closest thing to a controlled environment available on a live site. CROSS-REFERENCE: two concrete suppliers are recorded at Sizewell C — Heidelberg on main works and Eastern Concrete on enabling and early works. They are different conversations at very different scales and both are worth having. CONFIRMED (Heidelberg Materials UK, Oct 2025): main works concrete supply contract, cut-off wall construction and its 50m+ depth and watertight function, ~4m m3 excavation enabled, ~35,000m3 over seven months, initial supply from Ipswich plant, mobile on-site batching plant expected operational by year end, Sika admixtures and their three stated functions, Hinkley Point C intelligent replication. INFERRED: that nuclear QA makes the evidence trail contractual — true of nuclear generally, not stated for this contract. NOT CONFIRMED: contract value, total volume across the programme, duration of the supply agreement, whether the on-site plant is now operational, any low-carbon cement requirement.",__YES__,__YES__,__NO__,,,High,Precast and batching supply,"A producer-side record and one of the strongest in the sweep. Heidelberg holds the main works concrete supply for Sizewell C, initially 35,000m3 over seven months for the cut-off wall, from an Ipswich plant plus a dedicated on-site mobile batching plant. Captive on-site batching on a nuclear project is close to the ideal MixAI environment: the producer controls the mix, the plant is dedicated to one client, the volumes are enormous and continuing, and nuclear QA means the evidence trail is contractual rather than optional. The mix is already engineered for specific behaviours — Sika admixtures to ensure workability, extend the placing and compaction window, and inhibit groundwater ingress — which means someone here is already optimising, and the conversation is about better data rather than a new idea.","Timing: HIGH — supply is live and the on-site plant was due operational by the end of 2025, with the vast majority of Sizewell C's concrete still to be placed. Opportunity: HIGH — main works supply on a project requiring millions of cubic metres over a decade-plus programme. Access: MEDIUM-HIGH — Heidelberg Materials UK is identifiable and has a named nuclear team; no existing Converge relationship. Coverage: MEDIUM — UK shared patch; Heidelberg is German-parented, so a group relationship would touch Lisa's Continental Europe patch.","MixAI,Data Hub,Cure / Signal",Direct,reed,
"EASTERN CONCRETE - Sizewell C enabling and early works concrete supply - Leiston, Suffolk","Eastern Concrete Ltd, based in Stowmarket with a dedicated batching plant at Eastlands Industrial Estate, Leiston, established 2023. Managing director: Tom Baker.",,Not applicable — Eastern Concrete is the producer.,Sizewell C Ltd.,"Leiston, Suffolk — dedicated batching plant on Eastlands Industrial Estate, with an additional plant planned on the Sizewell C construction site",United Kingdom,uk,52.206,1.576,,Nuclear,New build,Main works / on site,,,None identified.,"Under way. Deliveries are being made from the dedicated Leiston batching plant established in 2023, and eventually from an additional plant located on the construction site, across a two-year supply period.",,"Sizewell C awarded a major supply contract to Suffolk-based Eastern Concrete Ltd, which will provide over 120,000 cubic metres of quality approved concrete as part of early-stage construction work over two years, creating eight new local jobs so far. Deliveries are made from Eastern Concrete's dedicated batching plant at Eastlands Industrial Estate in Leiston, established in 2023, and eventually from an additional plant located on the construction site. The materials support non-nuclear construction activities such as site roads, park and ride facilities and all the temporary buildings required for the project. Eastern Concrete, based in Stowmarket, previously supplied materials for the dry fuel store work. The contract forms part of Sizewell C's regional investment, which had at the time seen £330m awarded to 77 suppliers across the East of England as part of a £4.4bn pledge.",NEWS,New,__YES__,https://www.sizewellc.com/news-views/sizewell-c-awards-significant-contract-to-local-concrete-company/,aled,"AE ROUTING: UNRESOLVED — UK shared patch. NEXT ACTION (25 Aug 2026): this is the most reachable counterpart on the entire Sizewell C programme and should probably be the first call, ahead of the Tier 1s. Tom Baker is named, quoted, publicly enthusiastic, and running a business that has just taken on the largest contract in its history and is building capacity for it. That is a person with a reason to talk about getting batching right. CROSS-REFERENCE: the second of two Sizewell C concrete producers recorded here; Heidelberg Materials holds main works supply. Also note the scope distinction — Eastern Concrete's material supports non-nuclear activities (site roads, park and ride, temporary buildings), which means lighter QA requirements but also fewer regulatory barriers to trying something. CONFIRMED (Sizewell C newsroom Sep 2025; Construction Enquirer 8 Jul 2025): over 120,000m3 over two years, eight new local jobs, Leiston plant on Eastlands Industrial Estate established 2023, additional on-site plant planned, Stowmarket base, non-nuclear scope covering site roads and park and ride and temporary buildings, prior dry fuel store supply, Tom Baker as MD and his quoted comments, £330m to 77 East of England suppliers at that point, £4.4bn regional pledge. INFERRED: that two dedicated plants serving one client constitutes a controlled repeatable batching environment — a judgement, not a published claim. NOT CONFIRMED: contract value, whether the on-site plant is built, mix designs, any low-carbon requirement in the specification.",__YES__,__YES__,__YES__,,,High,Precast and batching supply,"Over 120,000m3 of quality approved concrete over two years is a substantial and sustained supply commitment, and the access position is unusually good for a project of this scale. Eastern Concrete is a regional independent with a named managing director who described this publicly as the biggest contract of his career — that is a very different counterpart from a Tier 1 procurement function or a multinational producer's nuclear team. Small enough to make decisions quickly, invested enough to care about delivering well, and expanding capacity specifically for this work with a dedicated Leiston plant plus a second plant planned on the construction site. Two dedicated plants serving one client for two years is a controlled, repeatable batching environment.","Timing: HIGH — a two-year supply run with a second on-site plant still to come. Opportunity: MEDIUM-HIGH — 120,000m3+ across enabling and early works; non-nuclear scope but large volume. Access: HIGH — a regional independent with a named MD who is publicly enthusiastic, actively expanding, and far more reachable than any Tier 1 on this project. Coverage: MEDIUM — UK shared patch.","MixAI,Data Hub",Direct,reed,
BALFOUR BEATTY - Lower Thames Crossing roads north of the Thames - Thurrock and Essex,"Balfour Beatty Civil Engineering Ltd, appointed January 2023 for the Roads North of the Thames package. Programme partners: Jacobs (Integration Partner), Turner & Townsend (Commercial Partner), AtkinsRealis.",,Not published. Balfour Beatty issued a contract notice for a ground investigations package covering the northern roads section.,National Highways,"16km of highways connecting the M25 at Junction 29 and the A13 with the northern tunnel entrance, through Thurrock and Essex",United Kingdom,uk,51.52,0.25,1200,Tunnel,New build,Awarded - pre-start,Large,Culverts / ancillary structures,Not established.,"Early work to prepare parts of Essex and Kent for construction was under way from March 2026. Main construction during 2026, with main works taking six to eight years.",,"Balfour Beatty Civil Engineering secured the £1.2bn Roads North of the Thames package on the Lower Thames Crossing in January 2023, constructing 16km of highways connecting the M25 at Junction 29 and the A13 with the northern tunnel entrance through Thurrock and Essex. Balfour Beatty has issued contract notices for enabling packages including ground investigations covering geotechnical and environmental surveys, soil sampling, groundwater and ground gas testing and data analysis. National Highways has designated the Lower Thames Crossing a pathfinder project for carbon neutral construction, committing to low-carbon concrete and steel, hydrogen-powered construction fleets and a 70% reduction in construction carbon footprint, and has run supply chain roadshows including one attended by sixty local firms at South Essex College in Grays in January 2026.",NEWS,New,__YES__,https://nationalhighways.co.uk/our-roads/lower-thames-crossing/what-is-the-lower-thames-crossing/about-the-lower-thames-crossing/,aled,"AE ROUTING: UNRESOLVED — UK shared patch, Balfour Beatty is not a named account. BALFOUR BEATTY IS NOW THE MOST RECURRING TIER 1 IN THIS SWEEP: HS2 Old Oak Common (via Balfour Beatty VINCI SYSTRA), HS2 Bromford and Washwood Heath (via Balfour Beatty VINCI), Net Zero Teesside construction partner, Sizewell C Civil Works Alliance member, and Lower Thames Crossing Roads North. Five programmes across five regions. This should be raised as a group account at triage — it is a stronger case than any individual record. NEXT ACTION: use the LTC supply chain roadshows as the entry route; National Highways is actively running them and the carbon commitment gives a specific reason to be there. CONFIRMED (National Highways LTC pages; Construction News 3 Apr 2025; Born To Engineer; Highways Magazine; NCE): Balfour Beatty Civil Engineering appointment January 2023, £1.2bn value, 16km connecting M25 J29 and A13 to the northern portal, ground investigations contract notice and its scope, DCO grant March 2025, early preparatory works from March 2026, carbon neutral pathfinder designation and commitments, supply chain roadshow at South Essex College January 2026 with sixty local firms, six to eight year main works. INFERRED: that bridges, structures and retaining walls carry the concrete content — from highway construction generally, not itemised. NOT CONFIRMED: structure count, concrete volumes, whether main construction has started, any concrete subcontractor.",__YES__,__NO__,__NO__,,,Medium,Mass-concrete civils,"£1.2bn for 16km of new highway connecting the M25 at Junction 29 and the A13 to the northern tunnel portal. Highway construction of this scale means bridges, structures, retaining walls and junction works rather than a single concentrated pour, so the concrete is real but distributed. What lifts it above a routine roads package is the same carbon commitment that makes the tunnel record strong: National Highways has designated LTC a carbon neutral construction pathfinder committed to low-carbon concrete and a 70% footprint reduction, and that applies across all three packages. Balfour Beatty is also now the most recurring Tier 1 in this entire sweep, appearing on HS2 Old Oak Common, Sellafield-adjacent work, Net Zero Teesside, the Sizewell C Civil Works Alliance and here.","Timing: MEDIUM-HIGH — appointed 2023, early preparatory works under way from March 2026, main construction starting during 2026. Opportunity: MEDIUM — 16km of highway with bridges and structures; distributed rather than concentrated concrete. Access: MEDIUM — Balfour Beatty is identifiable and recurring but not a Converge account. Coverage: MEDIUM — UK shared patch.","Cure / Signal,MixAI",Direct,reed,250M+
"KIER - Sizewell C North Plaza gateway civils - Leiston, Suffolk",Kier. Previously worked at Hinkley Point C through the Kier BAM joint venture.,,Not published.,Sizewell C Ltd.,"North Plaza, a 15-hectare gateway east of Abbey Road, Leiston, Suffolk — the main entry point into the Temporary Construction Area",United Kingdom,uk,52.2075,1.5795,70,Nuclear,New build,Main works / on site,Large,Slabs / pavements,Not established.,Under way — Kier started work in June 2026.,,"Kier landed a significant enabling works package at Sizewell C to build the main entrance zone into the project ahead of full-scale construction. The contractor started work in June 2026 on the North Plaza, a 15-hectare gateway east of Abbey Road in Leiston that will handle worker access, deliveries and security screening for the £38bn power station. The plaza acts as the main entry point into the Temporary Construction Area, with new roads linking in buses, deliveries and site traffic before vehicles and workers move on towards the main build zone. The £50m-£70m deal creates around 70 jobs and follows Kier's previous work at Hinkley Point C through the Kier BAM joint venture. At peak, almost 8,000 people are expected to work on the Sizewell C project.",NEWS,New,__YES__,https://www.constructionenquirer.com/2026/04/16/kier-lands-70m-sizewell-c-gateway-civils-job/,lisa,"AE ROUTING: UNRESOLVED — UK shared patch, Kier is not a named account. KIER IS NOW A THREE-PROGRAMME ACCOUNT ACROSS THIS SWEEP: STEP Fusion construction partner via ILIOS (East Midlands, £200m first tranche of a programme with up to £10bn of future opportunity), the National Highways £1bn Legacy Concrete Roads Reconstruction framework 2026-2032 with Graham and Sisk, YORbuild Major Works 2, and now Sizewell C North Plaza. Four touchpoints. Worth raising at triage alongside Winvic and Balfour Beatty as the three strongest account cases in the sweep. NEXT ACTION: fold into a single Kier approach rather than pursuing North Plaza alone — the STEP Fusion position is far more valuable and the Legacy Concrete Roads framework is literally named after the material. CONFIRMED (Construction Enquirer, 16 Apr 2026): Kier appointment, June 2026 start, North Plaza as a 15-hectare gateway east of Abbey Road in Leiston, function as main entry to the Temporary Construction Area, £50-70m value, ~70 jobs, previous Hinkley Point C work via Kier BAM JV, ~8,000 peak Sizewell C workers. INFERRED: that pavement and hardstanding rather than structural concrete dominates — from the described function, not itemised. NOT CONFIRMED: concrete volumes, pavement specification, programme duration, completion date.",__YES__,__NO__,__NO__,,,Medium,Mass-concrete civils,"A 15-hectare gateway handling worker access, deliveries and security screening, with new roads linking buses, deliveries and site traffic — that is large-area pavement and hardstanding rather than structural concrete, so the volume is real but the sections are thin and the technical case is weaker than on the main civils. Work started June 2026, so the programme is largely ahead. Kept at Medium because Kier is now a three-programme account across this sweep and because North Plaza is described as a crucial early piece of infrastructure, which means it has a hard completion date tied to the wider project ramping up.","Timing: HIGH — work started June 2026 on a £50-70m package. Opportunity: MEDIUM — 15 hectares of gateway, roads and hardstanding; large area, thin sections. Access: MEDIUM-HIGH — Kier is identifiable and appears three times across this sweep. Coverage: MEDIUM — UK shared patch.",Cure / Signal,Direct,reed,50-250M
"LONDON GATEWAY PORT (no contractor appointed) - BOXBAY automated container store - Thurrock, Essex",No contractor appointed — bids invited. BOXBAY is the storage system technology.,,Not applicable at this stage.,London Gateway Port (DP World),"MT Park area, London Gateway Port, Thurrock, Essex",United Kingdom,uk,51.506,0.483,30,Port / marine,New build,PCSA / preconstruction,Medium,"Raft / substructure / basement,Piling / foundations,Precast",None identified,Not published. Gated on contract award following the bid process.,,"London Gateway Port has invited bids to deliver a £30m 12-storey automated empty container stacking facility at its Thurrock terminal. The next-generation BOXBAY storage scheme will see the shed structure rise to around 55m, stretching 323m long and 159m wide across the existing MT Park area. The job combines heavy civils, deep foundations and a major structural steel package, with more than 15,000 tonnes of steelwork required alongside 50,000 sq m of cladding and a 46,500 sq m roof. Groundworks are demanding, with over 5,000 precast piles each around 28m long needed to support a 1.2m deep reinforced concrete raft. The contractor will also deliver full infrastructure works including drainage, power, firewater and IT systems, alongside heavy-duty pavements and ancillary buildings.",NEWS,New,__YES__,https://www.constructionenquirer.com/2026/04/07/race-starts-for-30m-mega-container-store-at-london-gateway/,aled,"AE ROUTING: UNRESOLVED — no contractor appointed. FILING NOTE: this record was surfaced during the London sweep and correctly flagged as out-of-region at that point. London Gateway is in Thurrock, Essex, so it belongs here. Do not duplicate in the London file. NEXT ACTION: watch for the contract award. The substructure is the whole opportunity here and it is let as part of the main contract, so the winner is the buyer. CONFIRMED (Construction Enquirer, 7 Apr 2026): £30m value, 12-storey automated empty container stacking facility, BOXBAY system, ~55m height, 323m x 159m footprint, MT Park area, 15,000t steelwork, 50,000 sq m cladding, 46,500 sq m roof, over 5,000 precast piles at ~28m, 1.2m deep reinforced concrete raft, full infrastructure works including drainage/power/firewater/IT, heavy-duty pavements and ancillary buildings, bids invited. INFERRED: that a 1.2m raft makes early-age thermal behaviour material — true of raft thicknesses at that scale generally. NOT CONFIRMED: contractor, bidder list, programme, raft pour sequence or bay sizes, concrete volumes.",__NO__,__NO__,__NO__,,,Medium,Mass-concrete civils,"Small by value at £30m but with an unusually concrete-heavy substructure for the money: over 5,000 precast piles each around 28m long, supporting a 1.2m deep reinforced concrete raft. A 1.2m raft is thick enough for early-age thermal behaviour to matter, and 5,000 piles at 28m is a repeatable driven-pile programme. The structure above is a 12-storey automated container stacking facility rising to around 55m across 323m by 159m, which is a steel and cladding job — so the concrete is concentrated in the ground, which is also where it is least forgiving. Medium because no contractor is appointed and the value caps the opportunity.","Timing: MEDIUM-HIGH — bids invited, so the method is unfixed and the contractor becomes knowable soon. Opportunity: MEDIUM — 5,000 precast piles and a 1.2m RC raft is a genuinely concrete-heavy substructure, but the overall value is £30m. Access: LOW — no contractor appointed. Coverage: MEDIUM — UK shared patch; DP World is an Emirati-parented port operator.",Cure / Signal,Direct,reed,Under 50M
JACKSON CIVIL ENGINEERING - Sizewell C road schemes - Suffolk,"Jackson Civil Engineering, Ipswich-based.",,Not published.,Sizewell C Ltd.,"Off-site road schemes serving Sizewell C, East Suffolk — including works around the A12, Yoxford and Friday Street",United Kingdom,uk,52.2665,1.5081,19,Nuclear,New build,Main works / on site,,,None identified,Largely complete. The original £19m package targeted early 2025 completion; the Yoxford and Friday Street roundabouts were listed among milestones to be completed during 2026.,,"Sizewell C awarded a £19m contract to Ipswich-based Jackson Civil Engineering to deliver key road schemes early in 2025, announced as one of nearly 300 contracts at the project's first-year construction milestone. Major off-site infrastructure works have included the construction of roundabouts at Friday Street and Yoxford intended to ease congestion at two junctions on the A12, listed among the milestones expected to complete during 2026.",NEWS,New,__YES__,https://www.newcivilengineer.com/latest/sizewell-c-has-awarded-almost-1bn-in-local-contracts-at-two-year-mark-of-construction-16-01-2026/,aled,"AE ROUTING: UNRESOLVED — UK shared patch. THIN RECORD, LIKELY DISQUALIFY — most of the package is complete and highway works at this value carry limited structural concrete. Kept so the decision is evidenced rather than made by omission. CONFIRMED (Sizewell C newsroom Jan 2025; NCE 16 Jan 2026): £19m contract to Jackson Civil Engineering of Ipswich for key road schemes early in 2025, one of nearly 300 contracts announced at the first-year milestone, Friday Street and Yoxford roundabouts on the A12 among 2026 completion milestones. INFERRED: that limited structural concrete is involved — from scheme type and value. NOT CONFIRMED: whether Jackson holds any further Sizewell packages, structure content of the roundabouts, current completion status.",__NO__,__NO__,__NO__,,,Low,Mass-concrete civils,"£19m of road schemes originally scheduled for completion in early 2025, so most of the work is behind us — and highway schemes at that value carry limited structural concrete in any case. Recorded because Jackson is a named Ipswich contractor inside the Sizewell C supply chain and because the Yoxford and Friday Street roundabouts were listed among 2026 milestones, suggesting some off-site highway work continues. It is a five-second disqualification unless the roundabouts turn out to involve significant structures.",Timing: LOW — £19m package scheduled for early 2025 completion. Opportunity: LOW — highway works with limited structural concrete. Access: MEDIUM — Jackson is local and identifiable. Coverage: MEDIUM — UK shared patch.,Cure / Signal,Direct,reed,Under 50M
ATKINSREALIS - Sizewell C accommodation campus and engineering support - Suffolk,"AtkinsRealis, providing design and multi-discipline engineering support rather than construction. Engineering support is provided into the Nuclear Island and Conventional Island/Balance of Plant programmes and the Technical Directorate.",,Not applicable — designer role.,Sizewell C Ltd.,"Sizewell C Ancillary and Temporary Construction Areas, East Suffolk",United Kingdom,uk,52.214,1.62,,Nuclear,New build,Main works / on site,,,Not established.,"Not applicable to the design role. The 2,400-bed accommodation campus supports a workforce building to 9,000; construction status not published.",,"AtkinsRealis works on Sizewell C, describing it as one of the largest engineering programmes ever undertaken in the UK. Its role includes designing a 2,400-bed accommodation campus and amenity building providing living and welfare facilities for the workforce, delivering the ancillary and temporary construction areas needed to support up to 9,000 workers by establishing platforms, access, services and logistics for the main construction phase, delivering a temporary sea defence and environmental barrier to define and protect the eastern and western site boundaries, and constructing a six-lane crossing over a Site of Special Scientific Interest providing critical access to the main construction site. AtkinsRealis states the objective of the enabling works is to prepare the main construction site for the deep dig and the first safety-critical concrete pour. It provides multi-discipline engineering support into the Nuclear Island and Conventional Island/Balance of Plant programmes as well as the Technical Directorate.",NEWS,New,__YES__,https://www.atkinsrealis.com/en/projects/sizewell-c,aled,"AE ROUTING: UNRESOLVED — UK shared patch; AtkinsRealis is Canadian-parented, which could touch Justin's Canada patch at group level, though the UK business is substantial in its own right. Flagging, not deciding. WHY A DESIGNER RECORD: AtkinsRealis is the source of the single most important sentence in this file — that the enabling works objective is to prepare for the deep dig and the first safety-critical concrete pour. A consultant with multi-discipline engineering support into both the Nuclear Island and Balance of Plant programmes and the Technical Directorate influences how structures are specified and evidenced, which is upstream of every contractor conversation. CROSS-REFERENCE: AtkinsRealis appears three times across this sweep — here, on the Lower Thames Crossing project management team, and on Birmingham City Council's £200m Transportation and Infrastructure Professional Services Framework (2026-2034). CONFIRMED (AtkinsRealis Sizewell C project page): 2,400-bed accommodation campus and amenity building design, ancillary and temporary construction areas supporting up to 9,000 workers, temporary sea defence and environmental barrier, six-lane SSSI crossing, enabling works objective, package structure, multi-discipline engineering support scope, 3.2GW and sixty-year generation and nine million tonnes of avoided emissions. INFERRED: that designer influence over specification is commercially significant — a judgement. NOT CONFIRMED: whether the accommodation campus is built or under construction, its structural system, AtkinsRealis contract values.",__YES__,__NO__,__NO__,,,Medium,Schedule-critical vertical build,"A designer rather than a contractor, which normally caps a record at Low, but AtkinsRealis occupies an unusually influential position here: multi-discipline engineering support into both the Nuclear Island and Conventional Island/Balance of Plant programmes and the Technical Directorate. Designers with that reach shape how structures are specified and evidenced, which is upstream of any pour. They also designed a 2,400-bed accommodation campus and amenity building — a large repeating-unit residential programme in its own right. AtkinsRealis additionally appears on the Lower Thames Crossing project management team and on Birmingham City Council's professional services framework, making it a three-touchpoint consultant across this sweep.","Timing: MEDIUM — engineering support is continuous and the main civils programme is ahead. Opportunity: MEDIUM — no direct pour, but influence over specification across the Nuclear Island and Balance of Plant programmes; plus a 2,400-bed campus. Access: MEDIUM — AtkinsRealis is identifiable and appears three times across the sweep. Coverage: MEDIUM — UK shared patch; AtkinsRealis is Canadian-parented.","Cure / Signal,Data Hub",Direct,reed,
"BABCOCK INTERNATIONAL - Devonport submarine infrastructure programme - Plymouth, Devon","Babcock International Group as owner, operator and licensee, holding a four-year £750m contract with the MOD's Submarine Delivery Agency. Delivery partners on 10 Dock: Costain and Mott MacDonald joint venture. Main works contractor on 10 Dock: Kier BAM. Mace provides advisory support on the 5 Basin Berth project. Babcock infrastructure director: John Oliver.",,"Not published. Kier BAM holds main works on 10 Dock, which is the primary construction vehicle.",Ministry of Defence Submarine Delivery Agency. CEO: Sir Chris Gardner. Head of submarine disposals and Devonport infrastructure: Neil Thumwood.,"Devonport Royal Dockyard and HM Naval Base Devonport, Plymouth — a 330-acre site, the largest naval support site in Western Europe. Works focus on 10 Dock, 9 Dock and the 5 Basin Berth.",United Kingdom,uk,50.3878,-4.1795,750,Nuclear,Replacement,Main works / on site,Large,"Mass concrete,Marine / water-retaining,Slabs / pavements","Not established. A nuclear licensed defence site will carry existing structural monitoring — check before pitching, and expect security vetting to be a barrier to any site access.","Under way. Enabling works began with demolition of office blocks around 10 Dock; a design phase ran to 2024 with construction started and running to 2026 on the original programme, inside a ten-year site-wide upgrade. Current status not confirmed in this sweep.",,"Babcock International signed a four-year £750m contract with the MOD's Submarine Delivery Agency to deliver infrastructure supporting submarine maintenance at Devonport, including a dock, logistics and modern support facilities. It forms part of a site-wide infrastructure upgrade programme enabling base maintenance periods and deep maintenance projects for current and future submarine classes, including nuclear defuel. Since 2020 the MOD had awarded Babcock initial contracts worth around £140m for infrastructure design and enabling works supporting the Astute class. Work began with demolition of existing infrastructure around 10 Dock, with an outage project prepared for the adjacent 9 Dock, and a new deep-maintenance berthing facility at 5 Basin Berth for A-Class boats. Supporting Babcock on 10 Dock are delivery partners Costain and Mott MacDonald, with Kier BAM as main works contractor; the framework allows call-offs for further dock upgrade works. Mace is contributing to the 5 Basin Berth project. The programme creates a further 1,000 construction roles. Devonport is the largest naval support site in Western Europe at 330 acres and the UK's main facility for nuclear submarine maintenance and defuelling; its South Yard sits within the Plymouth and South Devon Freeport.",NEWS,New,__YES__,https://www.constructionenquirer.com/2023/11/13/devonport-seals-750m-submarine-base-expansion/,lisa,"AE ROUTING: UNRESOLVED — UK shared patch, no named account among Babcock, Kier BAM, Costain, Mott MacDonald or Mace. RECURRING NAMES: Kier now appears six times across this sweep (STEP Fusion via ILIOS, National Highways Legacy Concrete Roads framework, YORbuild 2, Sizewell C North Plaza, SCF incumbent lists, and Kier BAM here). Costain appears five times (Sellafield IDP, TfL framework, Net Zero Teesside, Gatwick framework, here). Mace three times. This is the third record where the same small group of Tier 1s reappears, and it strengthens the case for a group-account approach over regional pursuit. NEXT ACTION (25 Aug 2026): target Kier BAM as main works contractor on 10 Dock, folded into the wider Kier account approach. Expect security vetting to add months to any engagement — factor that into any pipeline forecast. SOURCE AGE WARNING: most Devonport sources here are 2022-2023. The four-year contract from late 2023 runs to roughly 2027, but current construction status was not verified in this sweep. CONFIRMED (Construction Enquirer 13 Nov 2023; Babcock International; GOV.UK; Mott MacDonald; Mace; The Construction Index): £750m four-year SDA contract, scope covering dock, logistics and modern support facilities, ~£140m of prior contracts since 2020, 10 Dock and 9 Dock and 5 Basin Berth works, Costain/Mott MacDonald delivery partnership, Kier BAM as main works contractor, Mace advisory role, 1,000 additional construction roles, ten-year programme horizon, 330-acre site, largest naval support site in Western Europe, South Yard in the Plymouth and South Devon Freeport, named MOD and Babcock personnel. INFERRED: that dock and berth structures are thick-section marine concrete — true of dry dock construction generally, not itemised for Devonport. NOT CONFIRMED: concrete volumes, current construction status, whether the £750m contract has been extended or superseded, existing monitoring arrangements, vetting requirements for suppliers.",__YES__,__YES__,__NO__,,,High,Mass-concrete civils,"Dry dock and berth reconstruction is about as pure a mass-concrete opportunity as exists: extremely thick sections, marine and tidal exposure, nuclear-licensed consequence of failure, and structures that must be watertight for decades. The £750m SDA contract sits inside a ten-year site-wide programme, so the runway is long. Access is unusually good for a defence site because the delivery chain is fully published — Kier BAM as main works contractor on 10 Dock, Costain and Mott MacDonald as delivery partners, Mace advising on 5 Basin Berth — and three of those four organisations recur elsewhere in this sweep. The offsetting risk is security vetting, which on a Defence Nuclear Enterprise site is a real and slow barrier.","Timing: MEDIUM-HIGH — the four-year £750m contract from late 2023 runs to roughly 2027, inside a ten-year programme; construction was ramping up with a further 1,000 roles being created. Opportunity: HIGH — dock and berth structures are thick-section marine concrete with nuclear-grade consequence of failure. Access: MEDIUM-HIGH — full delivery chain published and several parties recur across the sweep, but defence vetting is a genuine obstacle. Coverage: MEDIUM — UK shared patch, no named account among the delivery organisations.","Cure / Signal,Data Hub",Direct,reed,250M+
BYLOR (BOUYGUES TP / LAING O'ROURKE) - Hinkley Point C main civils - Somerset,"BYLOR, the joint venture of Bouygues Travaux Publics and Laing O'Rourke, as main civils contractor. BYLOR operates the on-site concrete production plants. MEH Alliance (Altrad, Balfour Beatty Bailey, Cavendish Nuclear, Doosan Babcock) delivers mechanical, electrical and HVAC. Kier BAM also worked on the project. Kilnbridge delivered the underwater concrete heads at Avonmouth.",,"BYLOR self-delivers and operates the on-site batching plants. Raw materials supplied by Hanson (Heidelberg Materials UK); mix design developed jointly by Sika, BYLOR and Hanson.","NNB Generation Company (HPC) Limited, financed by EDF Energy and China General Nuclear Power Group. Project delivery director: Simon Parsons. Nuclear island area director: Simon Parsons. Regulator: Office for Nuclear Regulation.","Hinkley Point, Somerset, on the Severn Estuary — plus the Avonmouth casting yard for marine concrete heads",United Kingdom,uk,51.2059,-3.1429,48000,Nuclear,New build,Main works / on site,Large,Marine / water-retaining,"Assume heavily instrumented. Sika has a seven-year mix development relationship, BYLOR runs the batching plants with moisture control to plus or minus 0.2%, and every batch must comply with stringent EDF and ONR requirements. This is the most technically mature concrete operation in the UK and it did not get that way without measurement.","Largely complete. Unit 1 basemat J-zero achieved June 2019, Unit 2 June 2020. Unit 1 is now in internal fit-out; Unit 2 is completing buildings following a dome lift. Commissioning targeted 2030 on the Wikipedia entry, against earlier public statements of 2026-2027.",,"Hinkley Point C is a two-unit, 3,200MWe EPR nuclear power station under construction in Somerset since March 2017, financed by EDF Energy and China General Nuclear Power Group, with construction cost given as £35bn in 2015 prices (around £48bn in 2026 prices) and 6,300 on-site construction workers. BYLOR, the Bouygues Travaux Publics and Laing O'Rourke joint venture, is main civils contractor and operates the on-site concrete production plants. Around one million cubic metres of nuclear-quality concrete is required over the build; 850,000m3 had been poured by 2021 alongside 5.3 million cubic metres of earth moved. The Unit 1 nuclear island basemat was completed in June 2019 with a 9,000m3 five-day continuous pour setting an English record, and the Unit 2 49,000-tonne basemat was completed in June 2020 with an 8,991m3 pour setting a UK record. Sika, BYLOR and Hanson jointly developed the concrete mixes over more than seven years to meet EDF and ONR requirements, with batching plants controlling sand and aggregate moisture to plus or minus 0.2%. Kilnbridge cast six 5,000-tonne underwater reinforced concrete heads at Avonmouth for the marine works. Unit 1 has moved to internal fit-out and Unit 2 to completing buildings, with prefabricated elements now around 60% of the build and Unit 2 tasks achieved 20-30% faster than Unit 1. Laing O'Rourke reports 240,215 tCO2e saved over the project lifetime from the use of low carbon concrete.",NEWS,New,__YES__,https://www.newcivilengineer.com/latest/hinkley-point-c-receives-second-reactor-pressure-vessel-as-unit-2-construction-progresses-12-01-2026/,lisa,"AE ROUTING: UNRESOLVED — UK shared patch. Note both BYLOR parents are international: Bouygues is French (and also holds the Lower Thames Crossing tunnel and sits in the Sizewell C Civil Works Alliance) and Laing O'Rourke is UK-headquartered with Explore Manufacturing at Worksop recorded in the East Midlands file. WHY THIS RECORD MATTERS MORE THAN ITS BAND: Hinkley Point C is the reference case that Sizewell C is explicitly replicating under what Heidelberg calls 'intelligent replication'. The mix designs, batching arrangements, monitoring and QA specified here are the default at Sizewell. Understanding what is already in place at HPC is the single most useful piece of preparation for the Sizewell C approach recorded in the East of England file. THE COMPETITOR QUESTION IS THE WHOLE QUESTION: seven years of Sika mix development, batching moisture control to plus or minus 0.2%, and every batch compliant with EDF and ONR requirements. This is the most technically mature concrete operation in the UK. Establishing what is already measured here — and what is not — should precede any Sizewell conversation. CONFIRMED (NCE 12 Jan 2026 and 7 Oct 2025 and 12 Sep 2023; Heidelberg Materials; Sika UK; Kilnbridge; Laing O'Rourke; ONR; Wikipedia entry): BYLOR composition and on-site batching plant operation, ~1m m3 nuclear-quality concrete requirement, 850,000m3 poured by 2021, both continuous-pour records with dates and volumes, 49,000t Unit 2 basemat, Sika/BYLOR/Hanson mix development over seven years, plus or minus 0.2% moisture control, Hanson material quantities as at 2019, Kilnbridge's six 5,000t Avonmouth heads, MEH Alliance composition, Unit 1 fit-out and Unit 2 building completion status, ~60% prefabrication, 20-30% Unit 2 productivity gain, 240,215 tCO2e low-carbon concrete saving, 8km of cooling tunnels, ONR permissioning history. INFERRED: that the concrete phase is largely behind us — from the published progress status, and it is the basis for the Medium band. NOT CONFIRMED: residual concrete volumes, what monitoring is currently specified, whether any further major pours remain.",__YES__,__YES__,__NO__,,,Medium,Mass-concrete civils,"An honest read on timing rather than scale. The headline numbers are extraordinary — around one million cubic metres of nuclear-quality concrete over the build, 850,000m3 already poured by 2021, and two successive UK continuous-pour records at 9,000m3 and 8,991m3 for the Unit 1 and Unit 2 basemats in 2019 and 2020. But those are historic. Unit 1 has shifted from heavy component installation to internal fit-out, Unit 2 is completing its buildings after a dome lift, and prefabricated elements now make up around 60% of the build. The concrete phase is largely behind us, and grading this High on volume would be exactly the size-is-not-fit error. It is a Medium, and its real value is strategic: HPC is the reference case that Sizewell C is deliberately replicating, so the specification and monitoring decisions made here govern what happens in Suffolk.","Timing: LOW-MEDIUM — basemats complete since 2020, Unit 1 in fit-out, Unit 2 completing buildings, prefabrication at ~60%. The pours are largely done. Opportunity: MEDIUM — residual structural work continues on Unit 2 and across the balance of plant, but the repeatable headline pours have passed. Access: MEDIUM-HIGH — BYLOR, Hanson and Sika are all identifiable with named technical leadership. Coverage: MEDIUM — UK shared patch; both BYLOR parents are large international groups.","MixAI,Data Hub",Direct,reed,250M+
M GROUP - A382 carbon-negative road scheme - Devon,M Group. Client-side engineering led by Devon County Council.,,Not published.,Devon County Council. Principal Engineer: Beth Lewis. Funded in part through ADEPT Live Labs 2.,"A382 corridor, Devon",United Kingdom,uk,,,,Highway / road,Replacement,Main works / on site,,Slabs / pavements,None identified,Not established in this sweep.,,"The A382 in Devon is a carbon-negative road scheme delivered by M Group for Devon County Council, with ADEPT Live Labs 2 funding covering the innovation cost premium. Prior Converge research identified it as a strong MixAI opportunity and recommended leading with Devon County Council's Beth Lewis, Principal Engineer, rather than approaching M Group directly.",MANUAL,New,__NO__,,lisa,"AE ROUTING: RESOLVED to lisa — M Group is a named Lisa account under the named-account-wins-outright rule. SOURCE WARNING — READ BEFORE WORKING: this record is built substantially on prior Converge research rather than on sources retrieved during this sweep. The carbon-negative framing, the ADEPT Live Labs 2 funding position, the M Group role and the Beth Lewis contact all come from earlier work. No 2026 trade press source was retrieved to corroborate current status, value, programme or scope. It is included because it is the clearest low-carbon mandate in the South West and because the account routing is clean, but the underlying facts should be re-verified before any approach. NEXT ACTION (25 Aug 2026): verify current scheme status, then approach client-side via Beth Lewis at Devon County Council as previously determined, not through M Group. CONFIRMED IN THIS SWEEP: nothing — no source retrieved in this sweep names the A382, M Group's role or the ADEPT funding. CARRIED FROM PRIOR RESEARCH: M Group as delivering contractor and a Lisa account; carbon-negative scheme framing; ADEPT Live Labs 2 funding covering the innovation premium; Beth Lewis as Devon CC Principal Engineer and recommended entry point; client-first approach pattern. NOT CONFIRMED: value, programme, scope, structures content, concrete volumes, current status, whether the scheme is still live. Value, coordinates and dates deliberately left blank rather than guessed.",__YES__,__YES__,__NO__,,,High,Low-carbon spec-in,"A carbon-negative road scheme is about as explicit a low-carbon mandate as exists in UK highways, and the scoring model is clear that a mandated commitment is a far better hook than a stated aspiration because someone has to evidence it. ADEPT Live Labs 2 funding specifically covers the innovation cost premium, which removes the usual objection that low-carbon concrete costs more than the budget allows — that is rare and it is the single most useful fact in this record. M Group is one of Lisa's named accounts, which resolves coverage outright. The recommended entry is client-side through Devon County Council rather than through M Group directly, mirroring a client-first pattern that has worked before.","Timing: MEDIUM-HIGH — the scheme is live, though no programme dates were retrieved in this sweep. Opportunity: MEDIUM — a road scheme carries structures and pavement rather than large concentrated pours, but the carbon mandate is what makes it valuable rather than the volume. Access: HIGH — M Group is a named Lisa account, and there is a named client-side contact in Beth Lewis at Devon County Council. Coverage: HIGH — named account resolves routing outright.","MixAI,Data Hub",Direct,reed,
OLYMPIAN HOMES / CAIN - Haymarket PBSA and co-living towers - Bristol,"No main contractor named in the source. Olympian Homes is developer, in partnership with Cain.",,Not published.,Olympian Homes with Cain.,"Haymarket, Bristol city centre",United Kingdom,uk,51.4571,-2.5879,,Student accommodation,New build,Awarded - pre-start,,,None identified,Imminent. Gateway 2 approval was granted in February 2026 following what the source describes as a highly collaborative process; no start date published.,,"Olympian Homes secured Gateway 2 approval for its Haymarket development in Bristol, which will deliver 442 purpose-built student accommodation units and 150 co-living units across two towers of 28 and 18 storeys, in partnership with Cain. The approval followed a highly collaborative process.",NEWS,New,__NO__,https://www.constructionlondon.co.uk/construction_news_archive.aspx?archivedate=20262,aled,"AE ROUTING: UNRESOLVED — UK shared patch, no contractor named so the named-account test cannot be applied. NEXT ACTION (25 Aug 2026): identify the main contractor. Gateway 2 was approved six months ago and construction should be starting, so one almost certainly exists. This is the highest-value missing name in the South West file. CROSS-REFERENCE: Olympian Homes also appears in the North East file as Hines' partner on Pottery Lane in Newcastle (500+ BTR homes), and GMI Construction is building a £50m 275-bed scheme for Olympian Homes in York. Three Olympian Homes schemes across three regions — worth a developer-side view. GATEWAY 2 PATTERN: this is the third Gateway 2 record in the sweep, after Winvic's Lisbon Street BTR in Leeds and Bowmer + Kirkland's Castle Leazes in Newcastle. All three are among the best-timed records in their regions. Gateway 2 approval is proving to be the most reliable single timing signal available in UK residential and is worth systematically tracking. CONFIRMED (Construction London news archive, Feb 2026): Gateway 2 approval, 442 PBSA and 150 co-living units, towers of 28 and 18 storeys, Olympian Homes with Cain, collaborative approval process. INFERRED: that construction is imminent — from Gateway 2 approval, which by definition means design is fixed. NOT CONFIRMED: main contractor, value, structural system, programme, start date, whether construction has begun.",__YES__,__NO__,__NO__,,,High,Schedule-critical vertical build,"Gateway 2 approval was secured in February 2026 for 442 PBSA units and 150 co-living units across two towers of 28 and 18 storeys. Gateway 2 is the strongest timing signal available in UK residential — under the Building Safety Act it is evidence quality rather than market demand that decides whether a large scheme moves from approval into construction, and clearing it means the design is fixed and construction is genuinely imminent. Two towers of 46 storeys combined is a substantial repeating-plate programme, and the product mix carries two hard external deadlines at once: student rooms must hand over for an academic year and co-living starts its rent clock at handover. The gap is that no main contractor is named.","Timing: HIGH — Gateway 2 approved February 2026, so design is fixed and construction is imminent. Opportunity: HIGH — 592 units across towers of 28 and 18 storeys, repeating plate, dual hard deadlines. Access: LOW — no main contractor named in the source. Coverage: MEDIUM — UK shared patch, Olympian Homes is not a named account.","Cure / Signal,Data Hub",Direct,reed,
HEIDELBERG MATERIALS / HANSON - Hinkley Point C materials supply and Avonmouth - Somerset and Bristol,"Heidelberg Materials UK (Hanson) as materials supplier to BYLOR, which operates the on-site concrete production plants. Head of nuclear operations: Stewart Cameron. Sika supplies admixtures and co-developed the mixes.",,Not applicable — materials producer.,BYLOR (Bouygues TP / Laing O'Rourke) on behalf of NNB GenCo.,"Hinkley Point, Somerset, supplied from regional plants; separate marine concrete casting yard at Avonmouth, Bristol",United Kingdom,uk,51.5,-2.7,,Nuclear,New build,Main works / on site,Large,Marine / water-retaining,"Sika holds a seven-year mix development relationship covering both HPC and, by replication, Sizewell C. Any producer-side approach has to work alongside that rather than around it.","Continuous across two programmes. Hinkley supply is mature and winding toward completion; Sizewell C main works supply began recently with around 35,000m3 over seven months for the initial cut-off wall phase.",,"Heidelberg Materials UK, through Hanson, supplied the raw materials for the concrete used at Hinkley Point C, where main civils contractor BYLOR operates the on-site concrete production plant. Quantities recorded as at 2019 included 51,000m3 of concrete, 2.5 million tonnes of aggregates, 210,000 tonnes of marine sand, 65,000 tonnes of cement, 105,000 tonnes of Regen GGBS and 125,000 tonnes of asphalt. The company supplied materials for both UK record continuous pours — 9,000m3 over five days for the Unit 1 basemat and 8,991m3 for Unit 2. Sika, working in partnership with BYLOR and Hanson, developed a range of concrete mixes meeting EDF Energy and Office for Nuclear Regulation requirements, with development beginning more than seven years before the J-zero milestone; the batching systems control the moisture content of sand and aggregates to a tolerance of plus or minus 0.2%. Heidelberg separately holds the main works concrete supply contract at Sizewell C, leveraging Hinkley expertise under what it describes as intelligent replication.",NEWS,New,__YES__,https://www.heidelbergmaterials.co.uk/en/about-us/news-and-events/continuous-concrete-pour-record-set-at-hinkley-point-c,aled,"AE ROUTING: UNRESOLVED — UK shared patch. Heidelberg Materials is German-parented and a group relationship would touch Lisa's Continental Europe patch. Given that the same producer holds both Hinkley and Sizewell supply under an explicit replication model, a group-level conversation is likely more productive than two site-level ones. Strong candidate for a routing decision at triage. THIS IS THE MOST STRATEGICALLY IMPORTANT PRODUCER RECORD IN THE SWEEP: one producer, two of the largest concrete programmes in the country, an explicit replication model connecting them, and a named nuclear operations team. Recorded separately from the HPC project record because the producer relationship outlives the project. CROSS-REFERENCE: the Heidelberg Sizewell C record in the East of England file is the live end of the same relationship. Read together. CONFIRMED (Heidelberg Materials UK; Aggregates Business; Sika UK case study): Hanson as HPC raw materials supplier, BYLOR operating the on-site plant, 2019 material quantities in full, both record pours and their volumes and dates, the four-metre-thick foundation platform and J-zero milestone, Sika/BYLOR/Hanson mix development over seven years, plus or minus 0.2% moisture control tolerance, Stewart Cameron as head of nuclear operations, the requirement that every batch be identical and specification-compliant, Sizewell C main works supply contract and the intelligent replication framing. INFERRED: that the producer relationship is more valuable than either project — a judgement. NOT CONFIRMED: current Hinkley supply volumes, contract values, what monitoring Heidelberg already runs at either plant.",__YES__,__YES__,__NO__,,,High,Precast and batching supply,"This is the single most strategically important producer relationship in the UK for Converge, and it is recorded separately from the HPC project record for that reason. Heidelberg holds the nuclear concrete materials supply at Hinkley and separately holds the main works concrete supply at Sizewell C — the same producer, the same replication model, two of the largest concrete programmes in the country. The technical maturity is exceptional: mixes developed jointly with Sika and BYLOR over more than seven years, batching plants controlling sand and aggregate moisture to plus or minus 0.2%, and every batch required to be identical and compliant with EDF and ONR specifications. A relationship with a named nuclear operations team at that level of sophistication is worth more than any single project.","Timing: HIGH — Sizewell C supply is live and early, even though Hinkley's is late. The producer relationship spans both. Opportunity: HIGH — nuclear-grade materials supply across two multi-million cubic metre programmes. Access: MEDIUM-HIGH — Heidelberg Materials UK has a named head of nuclear operations and publishes extensively about this work. Coverage: MEDIUM — UK shared patch; Heidelberg is German-parented, so a group relationship would touch Lisa's Continental Europe patch.","MixAI,Data Hub",Direct,reed,
"MORGAN SINDALL - Plymouth Civic Centre retrofit - Plymouth, Devon","Morgan Sindall, appointed to the enabling works deal in August 2026.",,Not published.,Not named in the source. More than £18m of Homes England Brownfield Infrastructure Land funding secured. Planning and listed building consent granted in July.,"Plymouth Civic Centre, Plymouth, Devon",United Kingdom,uk,50.3714,-4.1422,,Residential,Replacement,Groundbreaking / enabling works,Medium,In-situ frame,None identified,Phase 2 follows the enabling works awarded in August 2026. No published date for the structural remediation phase.,,"Morgan Sindall has won the enabling works deal for the Plymouth Civic Centre retrofit. The major phase 2 remediation will include repairs to the concrete frame, strengthened floors, upgraded fire protection, roof works and new facades. More than £18m of Homes England Brownfield Infrastructure Land funding has been secured for the project, which won planning and listed building consent in July. The appointment came weeks after Morgan Sindall completed the £30m transformation of nearby Armada Way following a two-year construction programme.",NEWS,New,__YES__,https://www.constructionenquirer.com/2026/08/20/morgan-sindall-wins-enabling-deal-of-plymouth-civic-centre-retrofit/,aled,"AE ROUTING: UNRESOLVED — UK shared patch, Morgan Sindall is not a named account, though it now appears four times across the sweep (Sellafield IDP electrical distribution partner at c.£1.3bn, YORbuild Major Works 2, Gatwick Building and Civils Framework, and here) plus programme-level TRU work. Worth raising alongside Kier and Costain as a recurring Tier 1. NEXT ACTION: watch for the phase 2 remediation award. Concrete frame repair is the specific scope worth a conversation and it is not yet procured. HOMES ENGLAND APPEARS AGAIN: fourth appearance in this sweep after Broad Marsh Nottingham, Forth Yards Newcastle and the Caddick South Village MOU in Leeds. Homes England involvement continues to correlate with schemes that actually proceed. CONFIRMED (Construction Enquirer, 20 Aug 2026): Morgan Sindall enabling works appointment, phase 2 scope covering concrete frame repairs and strengthened floors and fire protection and roof works and new facades, £18m+ Homes England Brownfield Infrastructure Land funding, planning and listed building consent in July, prior £30m Armada Way completion over two years. INFERRED: that structural concrete repair on a listed building is evidence-sensitive — a judgement about consent compliance, not stated. NOT CONFIRMED: client identity, total scheme value, phase 2 contractor or procurement route, extent of frame repair, programme.",__YES__,__NO__,__NO__,,,Medium,Low-carbon spec-in,"Unusual among retrofit records because the concrete is central rather than incidental: the major phase 2 remediation explicitly includes repairs to the concrete frame, strengthened floors, upgraded fire protection, roof works and new facades. Structural concrete repair on a listed building is technically demanding work where the condition of the existing frame governs everything, and where evidence of what was done matters for consent compliance. Morgan Sindall has the enabling deal now, awarded 20 August 2026, so phase 2 procurement is immediately ahead. Medium rather than higher because repair volumes are inherently small and the scheme value is modest.","Timing: HIGH — enabling deal awarded August 2026 with phase 2 remediation to follow. Opportunity: LOW-MEDIUM — concrete frame repairs and strengthened floors; technically interesting, small in volume. Access: MEDIUM-HIGH — Morgan Sindall is appointed, identifiable and appears four times across this sweep. Coverage: MEDIUM — UK shared patch, Morgan Sindall is not a named account.","Data Hub,MixAI",Direct,reed,
GMI CONSTRUCTION - Host PBSA scheme - Bristol,GMI Construction. Midlands regional director: Adam Taylor. Designed by Chapman Taylor.,,Not published.,Host. Scheme created in consultation with Bristol City Council.,Bristol city centre,United Kingdom,uk,51.4545,-2.5879,50,Student accommodation,New build,Main works / on site,,,None identified,Complete. Two-year build programme expected to complete for the start of the 2026 academic year.,,"GMI Construction moved into the South West with its first major PBSA build contract there, a £50m scheme for Host in central Bristol designed by Chapman Taylor and created in consultation with Bristol City Council, across a two-year build programme expected to complete for the start of the 2026 academic year. GMI's wider PBSA portfolio includes the completed 604-bed Carlton Hill development for Pickard Properties in Leeds and Alumno's 167-bed Dogpool Lane in Birmingham, plus a £50m 275-bed scheme for Olympian Homes and a 303-bed development for S Harrison Developments, both in York.",NEWS,New,__NO__,https://gmi.co.uk/news/gmi-construction-moves-into-south-west-with-first-major-50m-pbsa-build-contract/,aled,"AE ROUTING: UNRESOLVED — UK shared patch, GMI is not a named account. RECORD KEPT AS CONTRACTOR INTELLIGENCE, NOT AS AN OPPORTUNITY — the building is complete or nearly so. WHY IT IS USEFUL: GMI is a PBSA specialist operating across Leeds, Birmingham, York and now Bristol, and the Olympian Homes connection matters — Olympian is also the developer behind the Haymarket Gateway 2 scheme in Bristol recorded separately in this file, and behind Pottery Lane in Newcastle. If GMI is Olympian's contractor of choice in York, they are a plausible candidate for Haymarket, which is the record in this file with a missing contractor name. Worth checking. CONFIRMED (GMI Construction newsroom, Oct 2024): £50m first major South West PBSA contract for Host, Chapman Taylor design, Bristol City Council consultation, two-year programme to the 2026 academic year, Adam Taylor as Midlands regional director, portfolio including Carlton Hill Leeds (604 beds, Pickard Properties), Dogpool Lane Birmingham (167 beds, Alumno), and York schemes for Olympian Homes (£50m, 275 beds) and S Harrison Developments (303 beds). INFERRED: that the Bristol scheme is complete — from the stated programme, not confirmed. That GMI is a candidate for Haymarket — speculation from the Olympian relationship, explicitly not a finding. NOT CONFIRMED: bed count for the Bristol scheme, structural system, actual completion, any further South West pipeline.",__NO__,__NO__,__NO__,,,Low,Schedule-critical vertical build,"A £50m PBSA scheme on a two-year build programme that was expected to complete for the start of the 2026 academic year — which means it is finished or within weeks of finishing. The pours are behind us and that alone makes it a Low. Kept because GMI Construction is a recurring PBSA specialist with a published portfolio across university cities, including work for Olympian Homes in York, and because it establishes GMI as an active South West contractor when they had not previously worked in the region.",Timing: LOW — two-year programme completing for the 2026 academic year. Opportunity: LOW — complete or nearly so. Access: MEDIUM — GMI is identifiable with a named regional director and a clear PBSA specialism. Coverage: MEDIUM — UK shared patch.,Cure / Signal,Direct,reed,50-250M
MACE DRAGADOS JV - HS2 Birmingham Curzon Street Station - Birmingham,"Mace Dragados Joint Venture (MDJV), holding the £570m station contract since 2021 and in Stage One from 2021. Key subcontractors: MPB Structures (Birmingham) on substructure foundations; Keltbray on piling; Shay Murtagh Precast (Ireland) manufacturing the platform deck beams. Note Mace Consult was carved out of Mace Group as an independent business on 5 March 2026, leaving Mace Construct as the contracting entity.",,"MPB Structures — a Birmingham-based civil engineering specialist, board director and business owner Patrick Boyle. MPB holds the substructure package and has around 140 people on site.",HS2 Ltd. Project client director for Curzon Street: Jonathan / Dave Lock (both named across sources). Senior project manager: Alistair Morgan. Design by WSP and Grimshaw Architects.,"Curzon Street, Eastside, Birmingham B4 — a 100,000 sq m site adjoining Digbeth",United Kingdom,uk,52.4795,-1.8865,570,Rail / metro,New build,Main works / on site,Large,"Raft / substructure / basement,Piling / foundations,Precast",Not established. HS2 runs heavy incumbent instrumentation across the programme — check before pitching rather than assuming a clear field.,"Under way and substantial. Piling completed late February to early March 2026. Foundation package and sub-surface works continuing with roughly 40,000m3 of the required 69,000m3 still to place. Platform deck beam lifting began June 2026. Internal fit-out runs to end 2028; operational testing to autumn 2028.",,"Britain's first purpose-built high speed rail terminus and the first brand new intercity terminus station built in Britain since the 19th century. Mace Dragados JV won the £570m contract in 2021 and construction began January 2024. More than 2,000 reinforced concrete piles up to 24m deep were completed by early March 2026, with 47,000m3 (elsewhere 65,000m3) of material excavated. Sub-surface work requires over 19,000t of reinforced steel and 69,000m3 of concrete in total; 7,000t and 29,000m3 had been placed by March 2026. The 450m station sits on a viaduct-like structure supported by 188 concrete piers forming a 144,000 sq ft deck carrying seven platforms, with more than 500 precast concrete beams between 7m and 34m long and 14 to 58 tonnes being lifted from June 2026, manufactured by Shay Murtagh Precast in Ireland. A tram corridor runs beneath the station. Targeting BREEAM Excellent and net zero carbon in operation. Anchor of the £900m Curzon Street Masterplan across 141 hectares.",NEWS,New,__YES__,https://www.placemidlands.co.uk/hs2-starts-work-on-curzon-street-platforms/,aled,"AE ROUTING: UNRESOLVED — UK shared patch, no MDJV member is a named account. NEXT ACTION (25 Aug 2026): target MPB Structures, not MDJV. MPB is Birmingham-based, holds the substructure package, has ~140 people on site and has a named business owner in Patrick Boyle. That is a far shorter route to a decision than a Mace/Dragados JV procurement function. MPB also holds the Bromford Tunnel West Portal — one relationship covers two HS2 structures. DATE CONFLICT: Railway News (May 2026) gives station opening 2029-2033; Place Midlands (June 2026) states the railway will not open before 2036. Treating 2036 as current since it is the later source. HS2 is also 18 months into a reset with a new cost and schedule to be agreed with government during 2026 — all dates provisional. CONFIRMED (Place Midlands 24 Jun 2026; Railway Supply 5 Mar 2026; NCE 5 Feb 2025; Ground Engineering 7 Feb 2025; HS2 media centre; Mace Group; WMCA): £570m MDJV contract from 2021, Jan 2024 construction start, 2,000+ piles to 24m complete late Feb/early Mar 2026, 69,000m3 and 19,000t sub-surface totals with 29,000m3 and 7,000t placed, MPB substructure scope (417 pile caps, ~17,000m3 concrete, 4,700t rebar, 65,000m3 excavation, 140 staff), Keltbray piling, 188 piers, 144,000 sq ft deck, 450m station, seven platforms, 500+ beams at 7-34m and 14-58t from Shay Murtagh Precast, deck work from June 2026, one third overall completion, tram corridor beneath, WSP and Grimshaw design, BREEAM Excellent and net zero in operation, £900m masterplan over 141ha, £816m of contracts to local businesses. INFERRED: the ~40,000m3 remaining figure is arithmetic — 69,000m3 total less 29,000m3 placed as at March 2026. Shown rather than presented as published. NOT CONFIRMED: superstructure concrete volumes above the deck, existing instrumentation, MPB's remaining scope split.",__YES__,__YES__,__YES__,,,High,Mass-concrete civils,"This is the rare case where the remaining pour is quantified in public. HS2 states that sub-surface work requires 69,000m3 of concrete and 19,000t of reinforcement in total, of which 29,000m3 and 7,000t had been placed by March 2026 — leaving roughly 40,000m3 still to pour on sub-surface alone. On top of that the platform deck started in June 2026: 188 concrete piers supporting a 144,000 sq ft deck across a 450m station, with more than 500 precast beams being lifted. Piling finished in early 2026, so the whole structural phase above it is ahead. The buyer is identifiable and local — MPB Structures holds the substructure with 140 people on site and is a Birmingham firm rather than a distant Tier 1 procurement department. BREEAM Excellent and a net zero carbon in operation target give MixAI a secondary opening.","Timing: HIGH — piling complete March 2026, ~40,000m3 of sub-surface concrete still to place, deck construction begun June 2026, project around one third complete overall. Opportunity: HIGH — quantified 40,000m3 remaining plus 188 piers and a 144,000 sq ft deck; 500+ precast beams add a separate precast angle. Access: HIGH — MPB Structures is a named, local, identifiable concrete specialist with a named owner. Coverage: MEDIUM — UK shared patch; no MDJV member is a named Converge account.","Cure / Signal,Data Hub,MixAI",Direct,reed,250M+
TAYLOR WOODROW INFRASTRUCTURE / AUREOS RAIL JV - HS2 Washwood Heath depot and control centre - Birmingham,"Taylor Woodrow Infrastructure and Aureos Rail joint venture (TWA JV), awarded May 2026. Preparatory works, demolition, land remediation and a 750m retained cutting already delivered by Balfour Beatty VINCI (BBV) as HS2's West Midlands construction partner.",,"Not yet appointed or not published — the contract was awarded in May 2026, so the supply chain is being assembled now.",HS2 Ltd (CEO Mark Wild). Rail Minister Lord Hendy quoted on the award.,"Washwood Heath, Birmingham — 70ha former LDV and Metro-Cammell works site, depot occupying around 30ha",United Kingdom,uk,52.498,-1.83,856,Tunnel,New build,Awarded - pre-start,Large,,Not established.,"Imminent to near-term. Contract awarded May 2026; BBV has already demolished former industrial buildings, remediated contaminated land, prepared the site and completed a 750m retained cutting on the northern edge. Around 500 construction jobs during the build.",,"HS2 awarded an £856m contract to a joint venture between Taylor Woodrow Infrastructure and Aureos Rail to deliver the high speed railway's control centre and rolling stock depot at Washwood Heath in Birmingham, redeveloping the 70ha brownfield site of the former LDV and Metro-Cammell works into a major business and logistics hub. The depot occupies around 30ha and includes a rolling stock maintenance building, carriage wash, automatic vehicle inspection building, overnight train stabling sidings and a test track. The site also houses the Network Integrated Control Centre from where staff will manage train dispatch, communicate with drivers and oversee railway operations. Around 1,000 permanent jobs are expected at the depot and 500 construction jobs during the build. Preparatory works were completed by Balfour Beatty VINCI including demolition, remediation and a 750m retained cutting carrying trains into the Bromford tunnel.",NEWS,New,__YES__,https://www.newcivilengineer.com/latest/hs2-awards-856m-birmingham-depot-contract-as-project-reset-continues-11-05-2026/,aled,"AE ROUTING: UNRESOLVED — UK shared patch, neither TWA JV member is a named account. Note Taylor Woodrow sits within VINCI Construction UK, and VINCI also appears via BBV at Bromford and via Balfour Beatty VINCI SYSTRA at Old Oak Common in the London file — a VINCI group view may be worth taking. NEXT ACTION (25 Aug 2026): this is the freshest large award in the region and the supply chain is forming now. Get to TWA JV before the concrete packages are let. CONFIRMED (NCE 11 May 2026; World Construction Network 11 May 2026; ACE 11 May 2026): £856m award, TWA JV composition, 70ha site, 30ha depot, former LDV and Metro-Cammell works, maintenance building, carriage wash, AVI building, stabling sidings, test track, NICC, ~1,000 permanent and ~500 construction jobs, BBV preparatory works including demolition, remediation and 750m retained cutting, Bromford tunnel excavation complete with internal concrete works and cross passages progressing, Mark Wild and Lord Hendy quoted, up to £10bn forecast West Midlands economic benefit. INFERRED: that depot slabs, inspection pit structures and trackform dominate the concrete scope and are repeatable across 30ha — from depot construction generally, not published for Washwood Heath. NOT CONFIRMED: concrete volumes, programme dates, structural systems for the maintenance building, whether any concrete package has been let.",__YES__,__YES__,__YES__,2026-05-11,,High,Mass-concrete civils,"The best-timed record in the West Midlands. £856m awarded in May 2026 on a 70ha site where BBV has already completed demolition, remediation and the retained cutting — so the ground is prepared and TWA JV is mobilising into a clean site with the entire structural programme ahead. The content is genuinely concrete-heavy and unusually repeatable for infrastructure: a rolling stock maintenance building, carriage wash, automatic vehicle inspection building, overnight stabling sidings and a test track across 30ha. Depot slabs, inspection pit structures and trackform are thick, tolerance-critical and repeated across a large area. And because the award is three months old, the concrete supply chain is being assembled right now rather than being already locked.","Timing: HIGH — awarded May 2026, site already prepared by BBV, structural programme entirely ahead, supply chain still forming. Opportunity: HIGH — 30ha of depot with maintenance building, inspection structures, sidings and test track; large-area slabs and pit structures. Access: MEDIUM — TWA JV is newly formed and identifiable but not a Converge account; Taylor Woodrow (VINCI Construction UK) is a large organisation. Coverage: MEDIUM — UK shared patch, no named account.","Cure / Signal,Data Hub",Direct,reed,250M+
MPB STRUCTURES / BALFOUR BEATTY VINCI - HS2 Bromford Tunnel and West Portal - Birmingham,"Balfour Beatty VINCI (BBV), HS2's West Midlands construction partner, delivering the full Bromford Tunnel programme. Design JV: Mott MacDonald and Systra. MPB Structures delivered the 750m cut-and-cover West Portal structure.",,MPB Structures on the West Portal. BBV self-delivers the tunnel internal works.,HS2 Ltd,"Bromford, Birmingham — 5.6km twin bored tunnel with a 750m cut-and-cover West Portal, leading onto viaducts into Curzon Street Station",United Kingdom,uk,52.5,-1.8,,Tunnel,New build,Main works / on site,Large,"Tunnel linings,Piling / foundations",Not established.,"Under way. Excavation of the 5.6km tunnel completed in 2025; teams are progressing internal concrete works and cross passages. Viaducts west of the depot connecting HS2 into Curzon Street are under construction, with Curzon 2 nearing completion and due to be slid into place.",,"The 5.6km twin bored Bromford Tunnel carries HS2 into Birmingham, emerging at a 750m cut-and-cover West Portal — the deepest of four tunnel portals on the Midlands section — before trains are raised onto a series of viaducts leading into Curzon Street Station. BBV delivers the full tunnel programme with Mott MacDonald and Systra as design JV. MPB Structures built the West Portal, installing more than 5,000t of reinforcement and pouring 28,000m3 of concrete since starting in March 2023. Tunnel excavation completed in 2025 with internal concrete works and cross passages now progressing.",NEWS,New,__YES__,https://www.geplus.co.uk/news/hs2-substructure-contract-awarded-for-curzon-street-station-07-02-2025/,aled,"AE ROUTING: UNRESOLVED — UK shared patch. VINCI and Balfour Beatty both appear repeatedly across this sweep (BBV here, Balfour Beatty VINCI SYSTRA at Old Oak Common, Taylor Woodrow/VINCI at Washwood Heath, Balfour Beatty as NZT construction partner in the North East file). A group-level view is overdue. NEXT ACTION: fold into the MPB Structures approach alongside Curzon Street — same contractor, two structures, one conversation. CONFIRMED (Ground Engineering 7 Feb 2025; NCE 11 May 2026; World Construction Network): BBV as tunnel contractor, Mott MacDonald and Systra design JV, 5.6km twin bore, 750m cut-and-cover West Portal as deepest of four Midlands portals, MPB installing 5,000t+ reinforcement and 28,000m3 concrete since March 2023, excavation complete 2025, internal concrete works and cross passages progressing, viaducts under construction into Curzon Street, Curzon 2 viaduct nearing completion and due to be slid into place, 33,000+ jobs supported by HS2. INFERRED: that cross passages are the repeatable remaining element — reasonable but not quantified. NOT CONFIRMED: number of cross passages, remaining internal lining volumes, viaduct programme dates, whether MPB has further scope beyond the West Portal.",__YES__,__NO__,__NO__,,,Medium,Mass-concrete civils,"Tunnel excavation is complete, which removes the largest single phase, but internal concrete works and cross passages are progressing now and the viaducts into Curzon Street are still being built — Curzon 2 was nearing completion and due to be slid into place. Cross passages are the repeatable element worth caring about: the same small structure many times over, in a confined environment where early strength governs access. The West Portal is the strongest evidence in this file of what MPB Structures can absorb — 5,000t of reinforcement and 28,000m3 of concrete on a single 750m cut-and-cover structure, the deepest of four Midlands portals. Medium rather than High because the headline tunnelling is behind us.","Timing: MEDIUM — excavation complete, internal concrete works and cross passages ongoing, viaducts progressing. Opportunity: MEDIUM-HIGH — cross passages are repeatable; viaduct construction continues; West Portal volumes show real scale. Access: HIGH — MPB Structures is the same local specialist as at Curzon Street, so one conversation covers both. Coverage: MEDIUM — UK shared patch; note VINCI and Balfour Beatty group presence.","Cure / Signal,Data Hub",Direct,reed,
LENDLEASE - Birmingham Smithfield - Birmingham,"Lendlease as development partner. Lendlease has its own construction arm and may self-deliver, but no main contractor appointment has been published. Selina Mason is Lendlease's director of masterplanning and strategic design.",,Not published.,Birmingham City Council with Lendlease as development partner.,"Smithfield, Birmingham city centre — 42-acre site, the former Bull Ring Markets area",United Kingdom,uk,52.474,-1.896,2000,Residential,New build,PCSA / preconstruction,Large,,None identified,"During 2026 per Birmingham City Council and Lendlease statements, following archaeological work carried out in late 2025. Four phases over the next decade; no phase-by-phase programme published.",,"Birmingham's near £2bn Smithfield project with Lendlease will see 3,000 homes and a new home for the Bull Ring Markets built in four phases over the next decade across a 42-acre site, after outline plans were unanimously approved by Birmingham City Council in June 2025. Billed as one of Europe's largest regeneration schemes and the city's largest and most high-profile city centre redevelopment. Archaeological digs were under way in the latter part of 2025 to preserve remains of the city's historic markets, which date back over 800 years. Construction was due to get under way during 2026.",NEWS,New,__YES__,https://www.placemidlands.co.uk/coming-soon-what-were-watching-in-2026/,aled,"AE ROUTING: UNRESOLVED — UK shared patch, Lendlease is not a named account. Lendlease is Australian-parented; if a group relationship develops it may touch Jeremy's APAC patch, which is worth flagging rather than assuming. NEXT ACTION (25 Aug 2026): establish whether Lendlease is self-delivering phase one or appointing a main contractor. That single question determines who the buyer is on a decade-long programme. CONFIRMED (Place Midlands, 8 Jan 2026): near £2bn value, Lendlease as partner, 3,000 homes plus Bull Ring Markets, 42 acres, four phases over a decade, unanimous outline approval June 2025, archaeology in late 2025, construction due 2026, billed as one of Europe's largest regeneration schemes. INFERRED: that phase one procurement is live now — from the stated 2026 construction start, not published. NOT CONFIRMED: main contractor or self-delivery, phase boundaries, storey heights, structural systems, unit mix per phase, any actual start on structural works.",__YES__,__YES__,__NO__,,,High,Schedule-critical vertical build,"Birmingham's largest and most high-profile city centre redevelopment, billed as one of Europe's largest regeneration schemes: near £2bn, 3,000 homes and a new home for the Bull Ring Markets across 42 acres in four phases over a decade, with outline plans unanimously approved in June 2025 and construction due to get under way during 2026. The combination of scale, decade-long phasing and a single development partner is what makes this a High rather than a watch record — a relationship established at phase one carries through nine more years of pours, which is worth far more than any individual building. Archaeological digs were already under way in late 2025, so the site is live.","Timing: HIGH — outline approved June 2025, construction due to start during 2026, archaeology already under way; phase one procurement is happening now. Opportunity: HIGH — 3,000 homes plus markets across four phases and a decade. Access: MEDIUM — Lendlease is identifiable with named senior people, but no main contractor appointment is published and Lendlease's own procurement is not a quick route. Coverage: MEDIUM — UK shared patch, no named account. Lendlease is Australian-parented, which may matter for a group view.","Cure / Signal,Data Hub",Direct,reed,250M+
WINVIC - Oasis build-to-rent - Birmingham,Winvic Construction Ltd as contractor. McLaren Living as developer (managing director Matthew Biddle). Forward funded by Heim Global Investor (director David Peacock).,,"Not published. Winvic used a reinforced concrete frame with SFS infill on its Coventry PBSA, which is the relevant precedent.",Heim Global Investor (forward funder) with McLaren Living as developer. Second Heim/McLaren Living partnership after Water Lane in Leeds.,Birmingham city centre — the specific site is not named in the source. Coordinates are city centre as a placeholder.,United Kingdom,uk,52.48,-1.9,130,Residential,New build,Awarded - pre-start,Medium,In-situ frame,None identified,Not published. The forward funding was announced November 2025 with Winvic named as contractor at that point.,,"A £130m Birmingham build-to-rent scheme called Oasis, forward funded by Heim Global Investor with McLaren Living as developer and Winvic as contractor. It is the second partnership between Heim Global Investor and McLaren Living, after the Water Lane development in Leeds, and forms part of Heim's UK build-to-core fund deployment.",NEWS,New,__NO__,https://www.placemidlands.co.uk/birmingham-btr-gets-130m-backing-from-heim/,aled,"AE ROUTING: UNRESOLVED — UK shared patch, Winvic is not a named account, though it is arguably the strongest candidate to become one based on this sweep. THE WINVIC PATTERN: three records across three regions — Lisbon Street BTR Leeds (£130m, 578 homes, Gateway 2, Q4 2026 start), Progress House PBSA Coventry (544 beds, RC frame with SFS infill, topped out Feb 2026), and Oasis Birmingham (£130m). Same multi-room division, same MD (Mark Jones), confirmed RC frame. This should be raised as an account at triage rather than worked as three projects. LOCATION UNCONFIRMED: the source names the scheme and the parties but not the site. Coordinates are Birmingham city centre as a placeholder and must not be treated as the site. CONFIRMED (Place Midlands, 19 Nov 2025): £130m, Heim Global Investor forward funding, McLaren Living as developer, Winvic as contractor, second Heim/McLaren partnership after Water Lane in Leeds, Matthew Biddle and David Peacock quoted, build-to-core fund context. INFERRED: that the frame is reinforced concrete — from Winvic's confirmed approach at Progress House, not stated for Oasis. NOT CONFIRMED: address, unit count, storey heights, programme, start date, current construction status.",__YES__,__YES__,__NO__,,,High,Schedule-critical vertical build,"Winvic now appears three times across this UK sweep — the £130m Lisbon Street BTR in Leeds, the 544-bed Progress House PBSA in Coventry, and here — and the Coventry job confirms they build in reinforced concrete frame with SFS infill. That combination makes Winvic the single most repeatable contractor relationship found in the sweep so far: same contractor, same frame type, same multi-room product, three live schemes in three regions. Add that build-to-rent starts its rent clock at handover, giving the hard external deadline the model rewards, and Heim describing this as capital deployment for a build-to-core fund, which means institutional pressure on programme certainty.","Timing: HIGH — £130m forward funding announced November 2025 with Winvic as contractor; frame likely largely ahead. Opportunity: MEDIUM-HIGH — £130m BTR with repeating residential plate and a rent clock at handover; unit count not published. Access: HIGH — Winvic is the most recurring contractor in the sweep with a named multi-room MD (Mark Jones) and a confirmed RC frame preference. Coverage: MEDIUM — UK shared patch, no named account.","Cure / Signal,Data Hub",Direct,reed,50-250M
BIRMINGHAM CITY COUNCIL - Highways and Infrastructure Works Framework - West and East Midlands,"Contractors appointed across five lots by value — a maximum of 10 firms to lot one, six to lot two, three to lots three and five, and two to lot four. The appointee list was not resolved in this sweep; award decisions were expected March 2026.",,Not applicable — framework.,"Birmingham City Council, accounting directly for £640m of the estimated £980m. Open to public bodies across the East and West Midlands including Solihull, Coventry, Leicester and Nottingham city councils, the West Midlands Combined Authority and several housing associations.",West and East Midlands,United Kingdom,uk,52.4797,-1.9026,980,Highway / road,Replacement,PCSA / preconstruction,,,None identified,"Call-off dependent. Framework runs up to eight years from April 2026, with award decisions expected March 2026.",,"Birmingham City Council launched a £980m open framework (£1.17bn including VAT) for highways and infrastructure work across the Midlands, running up to eight years from April 2026. The Highways and Infrastructure Works Framework Agreement covers projects from minor road improvements to large-scale infrastructure upgrades and is split into five lots by project value, with a maximum of 10 firms appointed to lot one, six to lot two, three to lots three and five, and two to lot four. Birmingham City Council accounts directly for £640m of the total. Work may be delivered on a construct-only, design-and-construct, or early contractor involvement basis. Tender submissions closed 23 January 2026 with award decisions expected March 2026. A separate £200m Transportation and Infrastructure Professional Services Framework was awarded to AtkinsRealis, Jacobs, Mott MacDonald and Pell Frischmann, running 1 June 2026 to 31 May 2034.",NEWS,New,__YES__,https://www.constructionnews.co.uk/civils/birmingham-city-council-launches-980m-highways-framework-26-11-2025/,aled,"AE ROUTING: UNRESOLVED — UK shared patch, no single counterparty. CROSS-REGION: open to East Midlands bodies including Leicester and Nottingham city councils. Do not duplicate when the East Midlands is swept. NEXT ACTION: resolve the lot four and lot five appointee lists — those are the highest-value bands with only two and three firms respectively, which makes them the shortest possible target lists in the region. Also worth noting the four appointed consultants (AtkinsRealis, Jacobs, Mott MacDonald, Pell Frischmann) on the companion professional services framework, since designers specify structures. CONFIRMED (Construction News 26 Nov 2025; NCE 8 Oct 2025 and 5 May 2026): £980m excluding VAT / £1.17bn including, eight-year term from April 2026, five lots by value, appointee caps per lot, £640m Birmingham City Council share, construct-only / design-and-construct / ECI delivery routes, 23 Jan 2026 submission deadline, March 2026 award expectation, eligible bodies list, and the separate £200m professional services framework with its four appointees and 2026-2034 term. INFERRED: that bridges, culverts and retaining structures carry the concrete content — from the described scope, not itemised. NOT CONFIRMED: the works framework appointee list, individual call-off projects, whether awards were actually made in March 2026.",__YES__,__NO__,__NO__,,,Medium,Mass-concrete civils,"A framework, which normally caps out at Low, but this one earns a Medium on structure. It runs eight years from April 2026 at £980m excluding VAT with Birmingham City Council alone accounting for £640m, and crucially work can be delivered on an early contractor involvement basis — which is the entry point the scoring model rewards and it is written into the framework terms. Highways and infrastructure work means bridges, culverts, retaining structures and carriageway reconstruction, which is real structural concrete rather than the small-works profile that made the Wirral framework worthless. The weakness is that the appointee list was not resolved here, and the list is the only genuinely useful output.","Timing: HIGH — eight-year term from April 2026, call-offs entirely ahead. Opportunity: MEDIUM — bridges, culverts and carriageway reconstruction across five value bands; genuine structural content but fragmented. Access: LOW today — appointee list unresolved. Coverage: MEDIUM — UK shared patch; framework spans two regions.","Cure / Signal,MixAI",Direct,reed,250M+
NO CONTRACTOR APPOINTED (Glancy Nicolls designer) - Landmark PBSA tower - Birmingham,"No main contractor appointed. Designed by Glancy Nicolls Architects, with planning consultancy by Williams Gallagher. Developer referred to as Landmark.",,Not applicable at this stage.,Landmark (developer). Birmingham City Council as planning authority.,"Birmingham city centre, adjacent to the 29-storey Vita Tower",United Kingdom,uk,52.483,-1.894,,Student accommodation,New build,PCSA / preconstruction,,,None identified,"Not published. Working back from a stated September 2028 student opening, frame construction would need to begin during 2026 or early 2027.",,"Updated plans for a Birmingham city centre PBSA scheme would deliver a 625ft tower alongside an 8-storey shoulder building providing 506 student beds and around 14,000 sq ft of outdoor parks and courtyards, potentially open for students as early as September 2028. Birmingham City Council planning officers recommended approval, saying the development would make a meaningful contribution to the city's housing provision and regeneration aspirations. Designed by Glancy Nicolls Architects with planning consultancy by Williams Gallagher. The site sits next to the 29-storey Vita Tower, itself under construction and set to provide 540 student beds, part of a wave of PBSA construction intended to address a predicted shortfall of around 5,000 student beds in the city centre.",NEWS,New,__NO__,https://www.placemidlands.co.uk/landmarks-birmingham-pbsa-set-for-green-light/,aled,"AE ROUTING: UNRESOLVED — no contractor appointed. NEXT ACTION (Q4 2026): watch for the main contractor appointment. A September 2028 opening forces the appointment soon, and the neighbouring 29-storey Vita Tower is already under construction — identifying that contractor may be the faster route to the same cluster. CONFIRMED (Place Midlands, 18 Mar 2026): 625ft tower plus 8-storey shoulder, 506 student beds, c.14,000 sq ft outdoor space, September 2028 possible opening, planning officers recommending approval, Glancy Nicolls Architects, Williams Gallagher planning consultancy, adjacency to the 29-storey Vita Tower with 540 beds under construction, predicted city centre shortfall of c.5,000 student beds. INFERRED: that frame construction must begin during 2026 or early 2027 — arithmetic from the September 2028 opening, shown rather than published. NOT CONFIRMED: whether approval was actually granted, contractor, structural system, value, programme, storey count of the main tower (given in feet, not storeys).",__NO__,__NO__,__NO__,,,Medium,Schedule-critical vertical build,"A 625ft tower with an 8-storey shoulder building delivering 506 student beds, targeting a September 2028 opening — that is a tall repeating-plate programme with an academic-year deadline, which is the hardest external deadline the model recognises. Working backwards from September 2028, the frame has to be under way well before then, so the contractor appointment is imminent. The wider market context strengthens it: Birmingham is facing a predicted shortfall of around 5,000 student beds in the city centre, so the demand behind PBSA here is structural rather than speculative. Medium rather than High only because no contractor is appointed and the scheme was still at 'set for green light' stage in the source.","Timing: MEDIUM-HIGH — September 2028 opening target means the frame must start soon and the contractor appointment is close. Opportunity: MEDIUM-HIGH — 625ft tower plus 8-storey shoulder, 506 beds, repeating plate. Access: LOW — no contractor; Glancy Nicolls is the only named delivery-side organisation. Coverage: MEDIUM — UK shared patch.","Cure / Signal,Data Hub",Direct,reed,
"KNIGHTHEAD (no contractor appointed) - Birmingham City FC stadium and arena - Bordesley, Birmingham",No contractor identified. Knighthead Capital Management is the owner of Birmingham City FC and the scheme's backer.,,Unknown.,"Knighthead, owner of Birmingham City FC.","Former Birmingham Wheels site, Bordesley, Birmingham — 48 acres",United Kingdom,uk,52.479,-1.856,,Stadium / arena / convention,New build,PCSA / preconstruction,Medium,"Mass concrete,Raft / substructure / basement,Precast",Unknown,Unknown. No programme published.,,"Knighthead, owner of Birmingham City FC, is anchoring a project on the 48-acre former Birmingham Wheels site in Bordesley with a 62,000-capacity stadium, double the size of the club's current St Andrew's home. The venue will have a retractable pitch making it flexible for hosting major events, and the complex is also expected to include a 15,000 to 20,000-capacity arena and a show pitch. Knighthead completed the purchase of the site in 2024, one year after taking over the club.",NEWS,New,__NO__,https://www.placemidlands.co.uk/ones-to-watch-midlands-schemes-making-waves/,aled,"AE ROUTING: UNRESOLVED — no contractor. NEXT ACTION: one search to establish planning status and whether any contractor or design team has been appointed. If a Tier 1 is on board this becomes a High immediately. COMPARATORS: Everton's Hill Dickinson Stadium (Laing O'Rourke, with Banagher Precast Concrete and Expanded Structures) in the North West file and the Elland Road expansion in the Yorkshire file are the two closest UK reference points — three stadium records across the sweep suggests a sector view is worth taking. CONFIRMED (Place Midlands, Sep 2025): Knighthead as Birmingham City FC owner and anchor, 62,000 capacity, double St Andrew's, retractable pitch, 15,000-20,000 capacity arena expected, show pitch, 48-acre former Birmingham Wheels site in Bordesley, purchase completed 2024. INFERRED: that precast terracing and raker beams dominate the concrete scope, and that a retractable pitch implies substantial substructure — both from stadium construction generally, neither published here. NOT CONFIRMED: contractor, designer, value, programme, planning status, whether the arena is part of the same application.",__NO__,__NO__,__NO__,,,Medium,Mass-concrete civils,"A 62,000-capacity stadium with a retractable pitch, plus a 15,000-20,000 capacity arena and a show pitch across 48 acres, is one of the largest single concrete opportunities in the region if it proceeds. Stadium construction is dominated by precast terracing units and raker beams — the same unit repeated hundreds of times, which is the strongest signal in the mass-concrete profile — and a retractable pitch adds substantial and unusual substructure work. Knighthead completed the site purchase in 2024, so the land is secured rather than optioned. Medium rather than higher because no contractor, no value, no programme and no planning position has been established.","Timing: UNKNOWN — site purchased 2024, no contractor and no published programme. Opportunity: HIGH if it proceeds — repetitive precast terracing, raker beams, concourse decks, plus retractable pitch substructure. Access: LOW — no contractor, no project team. Coverage: MEDIUM — UK shared patch; Knighthead is a US investment manager.","Cure / Signal,Data Hub",Direct,reed,
"WINVIC - Progress House PBSA, Westwood Way - Coventry","Winvic Construction Ltd, delivering under a Design & Build 2016 contract. Multi-room managing director: Mark Jones.",,Not published. The building has a reinforced concrete frame with SFS infill.,Gilltown. Engineer: Westlakes. Architect: GDL.,"Westwood Way, Coventry — approximately one mile from the main University of Warwick campus",United Kingdom,uk,52.383,-1.562,,Student accommodation,New build,Main works / on site,Medium,In-situ frame,None identified,Complete. Construction began May 2025 with demolition of an existing office building; structural completion February 2026; full completion expected summer 2026.,,"Progress House is a 544-bed purpose-built student accommodation scheme on Westwood Way, Coventry, about a mile from the University of Warwick campus. Winvic delivered the six-storey, 185,736 sq ft building for client Gilltown under a Design & Build 2016 contract, with engineer Westlakes and architect GDL. It features a reinforced concrete frame with SFS infill and a brick facade, plus a 4,000 sq ft ground floor commercial unit. Construction began May 2025 with demolition of an existing office building; a topping out ceremony marked structural completion at the end of February 2026, with full completion expected summer 2026.",NEWS,New,__YES__,https://premierconstructionnews.com/2026/03/25/winvic-and-gilltown-celebrate-topping-out-at-progress-house-pbsa-scheme-in-coventry/,aled,"AE ROUTING: UNRESOLVED — UK shared patch, Winvic is not a named account. RECORD KEPT AS EVIDENCE, NOT AS AN OPPORTUNITY — the frame is done. WHY IT MATTERS: this is the source that confirms Winvic's reinforced concrete frame with SFS infill approach on multi-room product. That fact is the foundation of the Winvic account argument spanning the Lisbon Street BTR record in the Yorkshire file and the Oasis BTR record in this one. CONFIRMED (Premier Construction News 25 Mar 2026; Place Midlands 24 Mar 2026; Global Student Living): 544 beds, six storeys, 185,736 sq ft, Westwood Way, one mile from University of Warwick, Winvic under D&B 2016, Gilltown client, Westlakes engineer, GDL architect, reinforced concrete frame with SFS infill and brick facade, 4,000 sq ft commercial unit, May 2025 start with demolition, structural completion end Feb 2026, summer 2026 completion, Mark Jones quoted. INFERRED: nothing. NOT CONFIRMED: contract value, frame subcontractor, floor cycle achieved — which is the single most useful number to ask Winvic for, since the building is finished and they will have it.",__NO__,__NO__,__NO__,,,Low,Schedule-critical vertical build,"Topped out in February 2026 with completion due summer 2026 — the frame is finished and there is nothing left to pour, which puts this at Low on timing regardless of anything else. Its value is entirely as evidence: it is the record that confirms Winvic builds in reinforced concrete frame with SFS infill, on a 544-bed six-storey PBSA of 185,736 sq ft. That single fact underpins the Winvic account case running through the Leeds and Birmingham records, and it is worth more than the project itself.","Timing: LOW — topped out February 2026, completion summer 2026, no pour remaining. Opportunity: LOW — structurally complete. Access: HIGH — Winvic is the most recurring contractor in the sweep with a named MD. Coverage: MEDIUM — UK shared patch.",Cure / Signal,Direct,reed,
"JOHN SISK & SON - Makers Place, Great Charles Street - Birmingham",John Sisk & Son as main contractor. Architect: Ryder Architecture. Developer: Moda Living.,,Not published.,Moda Living,"Great Charles Street, Birmingham — former Ludgate Hill car park site between the Jewellery Quarter and Snow Hill",United Kingdom,uk,52.4839,-1.9017,,Residential,New build,Main works / on site,,,None identified,Complete. Construction started April 2023; topped out June 2025; completion estimated early 2026.,,"Makers Place, also known as Great Charles Street, is a mixed-use residential development in Birmingham centred on a 126m, 39-storey skyscraper delivered by Moda Living with John Sisk & Son as main contractor and Ryder Architecture as designer. The scheme comprises the tower plus two mid-rise podium buildings and landscaped public areas, providing 722 apartments alongside co-working space, lounges, gyms, roof terraces and ground floor commercial units. It occupies the former Ludgate Hill car park site between the Jewellery Quarter and the Snow Hill district. Construction started April 2023, topped out June 2025, with completion estimated early 2026. As of October 2025 it was the fourth tallest building in Birmingham.",MANUAL,New,__YES__,https://en.wikipedia.org/wiki/Makers_Place,aled,"AE ROUTING: UNRESOLVED — UK shared patch, Sisk is not a named account. RECORD KEPT FOR ACCOUNT CONTEXT — the concrete is behind us. CROSS-REFERENCE: third John Sisk & Son record in this sweep, after the London Irish Centre (Camden, £36-38m, construction from January 2027) and a Battersea Power Station phase in the London file. Three Sisk records in three regions is a weaker version of the Winvic pattern but worth noting. Ryder Architecture also appears on Pilgrim's Quarter in the North East file. CONFIRMED (Wikipedia entry, sourced): 126m, 39 storeys, 722 apartments, two mid-rise podium buildings, Moda Living developer, John Sisk & Son main contractor, Ryder Architecture, former Ludgate Hill car park site, April 2023 start, June 2025 topping out, early 2026 estimated completion, fourth tallest in Birmingham as of October 2025. INFERRED: nothing material. NOT CONFIRMED: contract value, frame subcontractor, actual completion, whether Moda has further Birmingham or UK schemes in procurement.",__NO__,__NO__,__NO__,,,Low,Schedule-critical vertical build,"A 39-storey, 126m tower with 722 apartments plus two mid-rise podium buildings is exactly the right typology, but it topped out in June 2025 with completion estimated early 2026 — the pours are behind us and the building is finished or nearly so. Kept as a Low for two reasons: it is a third Sisk record across this sweep, alongside the London Irish Centre and a Battersea phase, and it establishes that Moda Living builds towers of this scale in Birmingham, which is useful if Moda has a further UK pipeline.","Timing: LOW — topped out June 2025, completion estimated early 2026. Opportunity: LOW — complete. Access: MEDIUM — Sisk is identifiable and recurring across the sweep. Coverage: MEDIUM — UK shared patch.",Cure / Signal,Direct,reed,
REDFORD DEVELOPMENTS (no contractor appointed) - Westwood Heath 400-bed PBSA - Coventry,No main contractor appointed. Redford Developments (Warwickshire) is the developer. Designs by Maber Associates; planning consultancy by Marrons.,,Not applicable at this stage.,Redford Developments,"Former FH Roofing site, land south of Westwood Heath Road, Coventry — between University of Warwick sports facilities and existing halls on Scarman Road",United Kingdom,uk,52.379,-1.5675,,Highway / road,New build,PCSA / preconstruction,Medium,In-situ frame,None identified,Unknown. Outline application only; detailed design and contractor appointment would follow consent.,,"Redford Developments launched an outline application for the former FH Roofing site on land south of Westwood Heath Road, Coventry, for four linked accommodation blocks housing up to 400 students, between the University of Warwick's sports facilities and existing halls on Scarman Road. Planners recommended approval despite objections from residents and councillors, with the application due before Coventry City Council's Planning Committee on 2 April. A Cushman & Wakefield report noted that while Coventry city centre is generally over-supplied with PBSA, the University of Warwick's location in the south of the city makes it a sub-market which is undersupplied locally. A highway improvement scheme along Westwood Heath Road, including traffic calming and a shared footway and cycleway, was designed in response to traffic concerns. Designs by Maber Associates, planning consultancy by Marrons. Planning reference PL/2025/0001730/OUTM.",NEWS,New,__NO__,https://www.placemidlands.co.uk/coventry-400-bed-pbsa-set-for-green-light/,aled,"AE ROUTING: UNRESOLVED — no contractor. THIN RECORD. THE USEFUL INTELLIGENCE IS THE MARKET READ, NOT THE PROJECT: Cushman & Wakefield's finding that Coventry city centre is over-supplied with PBSA while the Warwick sub-market in the south is undersupplied explains the geography of student development here, and is worth carrying into any Coventry conversation. It also explains why Winvic's 544-bed Progress House sits on Westwood Way rather than in the centre. CONFIRMED (Place Midlands, 26 Mar 2026): Redford Developments, outline application, former FH Roofing site, four linked blocks, up to 400 students, location between Warwick sports facilities and Scarman Road halls, planners recommending approval, 2 April committee date, Cushman & Wakefield sub-market analysis, highway improvement scheme, Maber Associates design, Marrons planning, reference PL/2025/0001730/OUTM. INFERRED: that the structural system may not be concrete — from typology, not published. NOT CONFIRMED: whether outline consent was granted, contractor, structural system, value, storey heights, programme.",__NO__,__NO__,__NO__,,,Low,Schedule-critical vertical build,"Four linked accommodation blocks for up to 400 students, at outline stage with committee decision due April 2026 — early enough that the method is unfixed, which is good, but with no contractor, no detailed design and only outline consent sought, there is nothing to work. Low-rise linked blocks of this type are frequently delivered in masonry or light gauge steel rather than concrete frame, so it may not be a Converge opportunity at all. The one genuinely interesting piece of intelligence is the Cushman & Wakefield finding that Coventry city centre is over-supplied with PBSA while the University of Warwick area in the south is a distinct undersupplied sub-market — which explains why Winvic's Progress House and this scheme are both out at Westwood rather than in the centre.","Timing: MEDIUM — outline decision due April 2026, method unfixed. Opportunity: LOW — 400 beds across four low-rise linked blocks; structural system unknown and possibly not concrete. Access: LOW — no contractor. Coverage: MEDIUM — UK shared patch.",Cure / Signal,Direct,reed,
"ILIOS (KIER / NUVIA) - STEP Fusion prototype plant, West Burton - Nottinghamshire","ILIOS consortium, led jointly by Kier and Nuvia with support from AECOM, AL_A and Turner & Townsend. Appointed Construction Partner March 2026. Programme director for ILIOS: Simon Matthews. Kier chief executive: Stuart Togwell. ILIOS acts as principal design and build partner responsible for every aspect of construction at West Burton.",,"Not yet appointed. The consortium is explicitly tasked with supply chain management and development, both regionally around West Burton and nationally — so the concrete supply chain is being built now.","UK Fusion Energy (formerly UK Industrial Fusion Solutions), a wholly owned subsidiary of the UK Atomic Energy Authority. CEO: Paul Methven. Sponsored by the Department for Energy Security and Net Zero.","Former West Burton Power Station, Bassetlaw, Nottinghamshire — on the River Trent opposite Gainsborough, near Retford, Worksop and Sturton-le-Steeple",United Kingdom,uk,53.3617,-0.8083,200,Nuclear,New build,PCSA / preconstruction,Large,Mass concrete,Not established.,"Not before the Development Consent Order is secured, which is still in preparation — non-statutory consultation ran January to March 2026 and long-term Trent water level risk is still being assessed as an input to design and site layout. The first three-year tranche is design, planning and site readiness. Prototype operation targeted 2040.",,"The UK's flagship fusion programme will build a prototype Spherical Tokamak for Energy Production at the former West Burton Power Station in Bassetlaw, Nottinghamshire, targeting a working prototype by 2040. The ILIOS consortium, jointly led by Kier and Nuvia with AECOM, AL_A and Turner & Townsend, was appointed Construction Partner in March 2026 under a £200m contract covering the first three-year tranche, responsible for the design and construction of all buildings, infrastructure and facilities on the STEP site as well as supporting constructability and interface of the wider power plant. Works include site management, design, construction, programme planning, supply chain management, progress monitoring, project controls and constructability assurance. At peak, construction will support up to 8,000 onsite jobs. Kier states the wider programme carries future opportunities of up to £10bn, against a record £2.5bn government fusion investment over five years including £1.3bn to STEP. The site sits within EMCCA's Clean Energy Supercluster of former Trent coal stations, alongside SMR nuclear at Cottam and clean hydrogen at High Marnham.",NEWS,New,__YES__,https://www.niauk.org/britain-on-course-to-lead-global-race-for-fusion-energy-as-step-project-moves-from-research-to-delivery-at-west-burton/,aled,"AE ROUTING: UNRESOLVED — UK shared patch, Kier is not a named account. NEXT ACTION (25 Aug 2026): this is the highest-leverage early-stage record in the sweep. ILIOS's remit explicitly covers supply chain development around West Burton and nationally, and they were appointed five months ago — there is a live, stated intention to build a supply chain and a named programme director (Simon Matthews) to approach. CROSS-REFERENCE: Kier also appears on the National Highways £1bn Legacy Concrete Roads Reconstruction framework (with Graham and Sisk, 2026-2032) and on YORbuild Major Works 2. Three live long-term Kier programmes is an account argument. CONFIRMED (NIA 23 Mar 2026; Hargreaves Lansdown/Sharecast 16 Mar 2026; Turner & Townsend; STEP Fusion FAQs; Born To Engineer): ILIOS consortium composition and joint Kier/Nuvia leadership, £200m first three-year tranche, March 2026 appointment, full scope of responsibilities, 8,000 peak onsite jobs, up to £10bn future opportunity per Kier, £2.5bn government fusion investment with £1.3bn to STEP, 2040 prototype target, UK Fusion Energy as UKAEA subsidiary, Paul Methven and Simon Matthews and Stuart Togwell quoted, West Burton site history and location, DCO still ahead, Jan-Mar 2026 non-statutory consultation, Trent water level risk as a design input, Clean Energy Supercluster context. INFERRED: that tokamak and plant buildings involve very thick shielded sections — true of fusion and fission plant generally, not published for STEP. NOT CONFIRMED: any concrete volumes, DCO submission date, first pour date, whether the £200m tranche includes any physical construction at all or is entirely design and readiness.",__YES__,__YES__,__NO__,2026-03-16,,High,Mass-concrete civils,"The single best-timed opportunity in the East Midlands and one of the best in the whole UK sweep. ILIOS was appointed only in March 2026 and its remit explicitly includes supply chain management and development, both regionally and nationally — which means the concrete supply chain for a plant of this scale is being assembled right now rather than being already fixed. The £200m is only the first three-year tranche of a programme Kier itself describes as carrying future opportunities of up to £10bn, against £2.5bn of government fusion investment over five years including £1.3bn to STEP. A tokamak building is exactly the mass-concrete profile: extremely thick shielding sections, very high consequence of failure, and a nuclear-adjacent QA regime where evidence is contractual. Kier is also a recurring name across this sweep, appearing on the National Highways legacy concrete roads framework and YORbuild 2.","Timing: HIGH — construction partner appointed March 2026, supply chain being developed now, DCO application still ahead, first pours years away. This is the pre-method window the model rewards, caught early. Opportunity: HIGH — tokamak and plant buildings mean thick shielded sections; 8,000 onsite jobs at peak; £10bn programme horizon. Access: HIGH — Kier is a large but identifiable UK Tier 1 with named programme leadership, and the consortium is publicly committed to building a regional and national supply chain. Coverage: MEDIUM — UK shared patch, Kier is not a named account.","Cure / Signal,Data Hub,MixAI",Direct,reed,50-250M
"CADDICK - Em.Ex industrial and logistics hub - Worksop, Nottinghamshire","Caddick. Caddick Group holds both development and contracting businesses (Caddick Developments and Caddick Construction), so self-delivery is plausible, but no separate main contractor appointment is published. Project team: Stantec (planning), KPP (architects), FPCR (landscape and biodiversity), BWB (environmental), Brookbanks (utilities), MBA (lighting and BREEAM).",,Not published.,Caddick. Bassetlaw District Council as planning authority.,"Worksop, Bassetlaw, Nottinghamshire",United Kingdom,uk,53.3042,-1.1244,,Logistics / warehouse,New build,Groundbreaking / enabling works,,,None identified,Phase one due to get under way early 2026 following hybrid planning approval from Bassetlaw council in December 2025.,,"The largest of the East Midlands' industrial schemes to come forward in 2025, the first phase of Caddick's 4.5m sq ft Em.Ex industrial and logistics hub at Worksop in Nottinghamshire was due to get under way early in 2026. Phase one will see a logistics unit of around 2m sq ft built for an unnamed occupier lined up in advance, which Caddick describes as a notable statement of intent for the scheme. Hybrid planning approval was granted by Bassetlaw council in December 2025. Plot one alone could deliver approximately 2,000 jobs once mature, with a further 2,000-3,000 across the rest of the site.",NEWS,New,__NO__,https://www.placemidlands.co.uk/coming-soon-what-were-watching-in-2026/,aled,"AE ROUTING: UNRESOLVED — UK shared patch, Caddick is not a named account. CROSS-REFERENCE: second Caddick record in this sweep. Caddick Developments holds South Village in Leeds (£1bn, up to 1,925 homes) in the Yorkshire file, and Caddick Construction sits on YORbuild Major Works 2 lot one. Three touchpoints in one group across two regions is an account argument. NEXT ACTION: establish whether Caddick Construction is delivering Em.Ex — the group structure makes self-delivery possible and that determines who the buyer is. CONFIRMED (Place Midlands, 8 Jan 2026): 4.5m sq ft total, phase one ~2m sq ft for a pre-let unnamed occupier, early 2026 start, hybrid planning granted by Bassetlaw December 2025, full consultant team, job figures. INFERRED: that large power-floated ground-bearing slabs dominate — from big-shed logistics generally, not published. That Caddick may self-deliver is inferred from group structure, not stated. NOT CONFIRMED: main contractor, occupier identity, slab specification, programme dates, whether phase one has actually started.",__YES__,__NO__,__NO__,,,Medium,Mass-concrete civils,"The largest East Midlands industrial scheme to come forward in 2025, at 4.5m sq ft total with a first phase of around 2m sq ft starting early 2026 for an occupier lined up in advance. Big-shed logistics means very large power-floated ground-bearing slabs, and 2m sq ft in one building is a lot of floor — early trafficking and joint layout genuinely drive the programme, and a pre-let occupier means a hard handover date. The counterweight, as with the Follingsby record in the North East file, is that logistics slabs are a commoditised, price-led market where monitoring rarely gets specified. Medium is an honest landing point: real volume, real deadline, difficult economics.","Timing: HIGH — phase one due to start early 2026 with planning granted December 2025. Opportunity: MEDIUM — ~2m sq ft of ground-bearing slab in phase one and 4.5m sq ft overall is high volume, but low value per cubic metre. Access: MEDIUM-HIGH — Caddick Group is identifiable, appears twice in this sweep, and may self-deliver. Coverage: MEDIUM — UK shared patch, no named account.",Cure / Signal,Direct,reed,
"SEGRO (no contractor appointed) - Logistics Park East Midlands Gateway 2 - Castle Donington, Leicestershire","No main contractor appointed for phase 2. SEGRO (EMG) Ltd is the developer. Winvic delivered the civils and infrastructure on phase 1 and on SEGRO Logistics Park Northampton, making them the obvious incumbent. Stantec provided geotechnical design on phase 1; RPS provided civil and structural engineering.",,Not applicable at this stage.,SEGRO (EMG) Ltd,"Land south of the A453 and west of the M42, adjoining the existing East Midlands Gateway Logistics Park, Castle Donington, Leicestershire — adjacent to East Midlands Airport and Junction 24 of the M1",United Kingdom,uk,52.8311,-1.3319,325,Airport,Phase of larger scheme,PCSA / preconstruction,Large,Slabs / pavements,None identified,"After DCO consent. The co-joined DCO and MCO examination runs 10 March to 10 September 2026, with a Preliminary Meeting held 10 March 2026 at the Hilton East Midlands Airport. Construction follows determination; no start date published.",,"SEGRO (EMG) Ltd is bringing forward a second phase of the East Midlands Gateway Logistics Park on land south of the A453 and west of the M42, defined as a Nationally Significant Infrastructure Project. If approved it would deliver around 260 acres of warehouse employment space, over 325,000 sq m of industrial logistics floorspace, around 4,000 new jobs and roughly £325m of investment. The DCO and MCO applications have been co-joined and are being examined together, with examination running from 10 March 2026 to 10 September 2026. Phase 1 is a 700-acre development that has delivered over 4.5m sq ft of logistics accommodation and incorporates a 50-acre Strategic Rail Freight Interchange handling up to sixteen 775m freight trains per day. Ratcliffe-on-Soar and East Midlands Airport both form part of the East Midlands Freeport.",NEWS,New,__YES__,https://www.segro.com/countries-repository/united-kingdom/segro-logistics-park-east-midlands-gateway-2,aled,"AE ROUTING: UNRESOLVED — no contractor appointed. NEXT ACTION (Sep 2026): examination closes 10 September 2026. Determination and then contractor procurement follow. Approach Winvic ahead of it — they hold the phase 1 civils history and have just completed SEGRO's Northampton park, so they are the obvious incumbent and are already a target in three other regions of this sweep. CONFIRMED (SEGRO project pages; Castle Donington Parish Council; Winvic and Stantec case studies; slp-emg.com): NSIP status, co-joined DCO and MCO examination 10 Mar to 10 Sep 2026, Preliminary Meeting 10 Mar 2026, c.260 acres, c.325,000 sq m, ~£325m investment, c.4,000 jobs, phase 1 at 700 acres with 4.5m+ sq ft delivered and a 50-acre SRFI handling sixteen 775m trains daily, Winvic's phase 1 civils role, Stantec geotechnical and RPS civil/structural on phase 1, East Midlands Freeport composition. INFERRED: that Winvic is the likely phase 2 contractor — from incumbency, not announced. NOT CONFIRMED: contractor, consent outcome, plot layout, slab specifications, programme.",__YES__,__NO__,__NO__,,,Medium,Mass-concrete civils,"A second phase adding around 260 acres and 325,000 sq m of warehouse space at roughly £325m of investment, on a site where phase 1 already delivered over 4.5m sq ft. The timing is unusually legible because it is an NSIP: the DCO and MCO examinations were co-joined and run from 10 March to 10 September 2026, so consent — and therefore procurement — follows a published timetable rather than a guess. Winvic delivered phase 1 civils and has just completed a five-year infrastructure programme at SEGRO's Northampton park, which makes them a near-certain candidate and gives a route in via a contractor already appearing three times elsewhere in this sweep. Medium because no contractor is appointed and consent is not granted.","Timing: MEDIUM-HIGH — DCO examination closes 10 September 2026, so consent and procurement are near-term and dated. Opportunity: MEDIUM — c.325,000 sq m of warehouse slab plus infrastructure; high volume, price-led market. Access: MEDIUM-HIGH — no contractor yet, but Winvic is the obvious incumbent and is already a target elsewhere in this sweep. Coverage: MEDIUM — UK shared patch.",Cure / Signal,Direct,reed,250M+
ROLLS-ROYCE SMR - Pioneer Works manufacturing development centre - Derby,No construction contractor identified. Rolls-Royce SMR is the client and operator of the facility.,,Unknown.,Rolls-Royce SMR,"Derby, Derbyshire",United Kingdom,uk,52.9225,-1.4746,,Nuclear,New build,Main works / on site,Large,"Precast,DfMA / modular",Unknown,"Not applicable to the facility, which opens Q4 2026. SMR fleet construction dates are not published here.",,"Rolls-Royce SMR is opening Pioneer Works in Derby, its first manufacturing development centre, set to open in Q4 2026. The facility will develop and validate the techniques, technologies and processes required to assemble the primary circuit and highest integrity components at the heart of the nuclear power plant, establishing the build processes, precision assembly and advanced testing needed to de-risk delivery of its small modular reactor fleet in the UK, Czech Republic and Sweden. It will also act as the company's first training centre. Rolls-Royce SMR has separately been appointed as a supplier to a Swedish nuclear power project.",NEWS,New,__YES__,https://www.niauk.org/rolls-royce-smr-to-open-pioneer-works-in-derby/,avi,"AE ROUTING: routed to avi on product grounds — the schema tiebreaker says DfMA and industrialised construction at pre-method stage points to Avi rather than the geographic owner, and process definition is as pre-method as it gets. HOWEVER: the SMR fleet covers the UK, Czech Republic and Sweden, so a group relationship would touch Lisa's Continental Europe patch. Flagging rather than deciding. NEXT ACTION: this is a long-horizon account play, not a project. The question worth asking is how Rolls-Royce SMR intends to track and evidence standardised nuclear modules through manufacture and assembly — that is the FieldAtlas conversation, and it is being answered at Pioneer Works during 2026 and 2027. CONFIRMED (NIA 26 Jun 2026; World Nuclear News 29 Jun 2026; Insider Media): Pioneer Works as first manufacturing development centre, Derby location, Q4 2026 opening, scope covering primary circuit and highest integrity component assembly, build processes and precision assembly and advanced testing, fleet across UK/Czech Republic/Sweden, first training centre role, Swedish supplier appointment. INFERRED: that FieldAtlas component tracking fits the SMR module model — reasonable from the factory-built proposition, but no component or tracking detail is published. NOT CONFIRMED: whether concrete or precast elements feature in the SMR module design at all, which materially determines whether this is a Converge opportunity; construction contractor for the facility; any SMR site construction dates.",__YES__,__NO__,__NO__,,,Medium,Industrialised construction / DfMA,"The building itself is not the opportunity — Pioneer Works opens in Q4 2026, so its own construction is essentially finished. What makes it worth a Medium is what it is for. Rolls-Royce SMR's entire proposition is factory-built nuclear power plants, and Pioneer Works exists to establish the build processes, precision assembly and advanced testing needed to de-risk delivery of an SMR fleet across the UK, Czech Republic and Sweden. That is industrialised construction at national scale, and the moment to be involved in how standardised repeatable nuclear modules get tracked and evidenced is while the processes are being defined — which is exactly what this facility does. Routed to Avi on product grounds.","Timing: MEDIUM — the facility opens Q4 2026, so its construction is done, but the process definition work it exists to do is entirely ahead. Opportunity: MEDIUM — no direct pour, but the SMR fleet behind it involves standardised repeatable modules across three countries. Access: LOW-MEDIUM — Rolls-Royce SMR is identifiable but no construction relationship exists. Coverage: HIGH — routes to Avi on product, which resolves the UK ambiguity; note the fleet spans the UK, Czech Republic and Sweden, which touches Lisa's Continental Europe patch.",Data Hub,Direct,reed,
HOMES ENGLAND (no developer appointed) - Broad Marsh regeneration - Nottingham,"No developer or contractor appointed. Homes England bought the site as a de-risking exercise and is searching for a private-sector developer with a proven track record to deliver transformational, exemplar city centre projects. Demolition of what remains of the former shopping centre was expected to get under way shortly.",,Not applicable at this stage.,"Homes England, with Nottingham City Council.","Broad Marsh, Nottingham city centre — including the vacant former Broadmarsh Shopping Centre",United Kingdom,uk,52.951,-1.1487,,Residential,New build,PCSA / preconstruction,,,None identified,Not before 2028. Demolition of the remaining former shopping centre structure was expected to begin shortly; construction follows a developer appointment that has not yet been made.,,"Plans to regenerate the Broad Marsh area of Nottingham, including the vacant former Broadmarsh Shopping Centre, stretch back over two decades but now look closer than ever after Homes England bought the site as a de-risking exercise. The scheme covers 1,000 new homes and 60,000 sq ft of new retail space. Demolition of what remains of the former shopping centre was expected to get under way shortly, with Homes England seeking a private-sector developer with a proven track record to deliver transformational, exemplar city centre projects. Work on the redevelopment could begin in 2028.",NEWS,New,__YES__,https://www.placemidlands.co.uk/coming-soon-what-were-watching-in-2026/,aled,"AE ROUTING: UNRESOLVED — no developer or contractor. NEXT ACTION (Q1 2027): watch for the Homes England developer appointment. That is the event that makes this workable and it will also reveal the likely structural approach. CROSS-REFERENCE: Homes England appears three times in this sweep — here, on Forth Yards in Newcastle (£330m, 2,500 homes, delivery partner award expected October 2026) and via the Caddick South Village MOU in Leeds. Three live Homes England-backed regeneration schemes across three regions is a client-side pattern worth understanding, because Homes England involvement materially raises the odds that a scheme completes. CONFIRMED (Place Midlands, 8 Jan 2026): two decades of stalled plans, Homes England site acquisition as de-risking, 1,000 homes, 60,000 sq ft retail, demolition imminent, live developer search with stated criteria, construction possible from 2028. INFERRED: that public land ownership raises delivery odds — a judgement, not a published claim. NOT CONFIRMED: developer, contractor, structural system, storey heights, phasing, value.",__NO__,__NO__,__NO__,,,Medium,Schedule-critical vertical build,"1,000 new homes and 60,000 sq ft of retail on a city centre site that Homes England has bought outright specifically to de-risk it — public ownership of the land is the strongest single predictor that a long-stalled scheme will actually proceed, and this one has been stalled for two decades. The developer search is live now, which makes the trigger event knowable. Medium rather than higher because construction could not begin until 2028, no developer or contractor exists, and 1,000 homes in a city centre may or may not be concrete-framed depending entirely on who wins.","Timing: LOW-MEDIUM — demolition imminent but construction not before 2028; the developer appointment is the near-term event. Opportunity: MEDIUM-HIGH — 1,000 homes plus retail in a city centre. Access: LOW — no developer, no contractor. Coverage: MEDIUM — UK shared patch.",Cure / Signal,Direct,reed,
EXPLORE MANUFACTURING - Worksop precast facility - Nottinghamshire,Explore Manufacturing — the offsite manufacturing business within Laing O'Rourke.,,Not applicable — this is the precast producer itself.,HS2 Ltd via Balfour Beatty VINCI SYSTRA (BBVS) for the Old Oak Common platform slabs.,"Worksop, Nottinghamshire",United Kingdom,uk,53.3042,-1.1244,,Rail / metro,New build,Main works / on site,Large,"Precast,DfMA / modular",Unknown,Continuous production. The Old Oak Common platform slab run is complete; current and forward workload is not published.,,"Explore Manufacturing, the offsite manufacturing arm of Laing O'Rourke, operates a precast facility at Worksop in Nottinghamshire. It manufactured 1,946 precast concrete platform slabs, measuring up to 4m by 2m and weighing between four and five tonnes each, for HS2's Old Oak Common station in west London, delivered and installed on 1.59m high cast-in-situ invert walls by Expanded under Balfour Beatty VINCI SYSTRA.",NEWS,New,__NO__,https://railway-news.com/first-six-platforms-constructed-at-old-oak-common/,aled,"AE ROUTING: UNRESOLVED — UK shared patch. PRODUCER NOT PROJECT — recorded because precast and batching supply is one of the five fit profiles and this is the clearest East Midlands example of it. CROSS-REFERENCE: the Old Oak Common station record in the London file names Explore as the slab supplier; the Everton Hill Dickinson Stadium reference in the North West file names Laing O'Rourke. Two Laing O'Rourke group touchpoints. Also compare with STRABAG's Hartlepool segment plant (HS2 Euston Tunnel, London file) — two UK precast plants supplying HS2, both worth a producer-side conversation. CONFIRMED (HS2 media centre; New Civil Engineer; Railway-News, Aug 2026): Explore manufacturing 1,946 platform slabs at Worksop for Old Oak Common, slab dimensions up to 4m x 2m and 4-5t weight, installation on 1.59m cast-in-situ invert walls by Expanded under BBVS. INFERRED: that curing cycle governs factory throughput — true of precast generally. That Explore sits within Laing O'Rourke is general knowledge rather than sourced here and should be verified. NOT CONFIRMED: current or forward order book, plant capacity, existing curing monitoring arrangements, whether the Worksop facility has other live contracts.",__YES__,__NO__,__NO__,,,Medium,Precast and batching supply,"A precast producer rather than a project, and the only clear example of the precast and batching supply profile found in the East Midlands. Explore manufactured 1,946 precast platform slabs up to 4m by 2m and weighing 4-5 tonnes for HS2's Old Oak Common station — a genuinely repeatable factory production run where curing cycle and demould strength directly govern throughput, which is the cleanest possible argument for Signal in a controlled environment. Explore sits within Laing O'Rourke, who also delivered Everton's Hill Dickinson Stadium in the North West file. Medium because the Old Oak Common run is complete and no current or forward order book is published.","Timing: UNKNOWN — the Old Oak Common slab run is finished; no forward order book published. Opportunity: MEDIUM-HIGH if production is ongoing — factory precast is the ideal Signal environment, with curing cycle directly governing throughput and demould timing. Access: MEDIUM — Explore and Laing O'Rourke are identifiable; no existing relationship. Coverage: MEDIUM — UK shared patch.","Cure / Signal,Data Hub",Direct,reed,
EAST MIDLANDS COMBINED COUNTY AUTHORITY - Trent Clean Energy Supercluster - Nottinghamshire and Derbyshire,No single contractor — a programme. Named delivery organisations across its components: ILIOS (Kier/Nuvia) at West Burton for STEP Fusion; contractors for SMR nuclear at Cottam and clean hydrogen at High Marnham not identified in this sweep. A demolition contractor was appointed for Ratcliffe-on-Soar in June 2026 but was not named in the available sources.,,Not applicable — programme.,"East Midlands Combined County Authority, leading development of the Clean Energy Supercluster.","Former coal-fired power station sites along the River Trent in Nottinghamshire and Derbyshire — West Burton, Cottam, High Marnham and Ratcliffe-on-Soar. Locally known as 'Megawatt Valley'.",United Kingdom,uk,53.3,-0.85,,Nuclear,New build,PCSA / preconstruction,Large,Piling / foundations,Unknown,"Component-dependent and largely unpublished. STEP at West Burton awaits its DCO. Ratcliffe-on-Soar had a demolition contractor appointed in June 2026, so that site is at clearance stage.",,"The East Midlands Combined County Authority is leading development of a Clean Energy Supercluster along the River Trent, converting former coal-fired power station sites and locally known as Megawatt Valley. Components include STEP Fusion at West Burton, SMR nuclear at Cottam and clean hydrogen at High Marnham. Ratcliffe-on-Soar, also a former coal station and part of the East Midlands Freeport alongside East Midlands Airport and the East Midlands Intermodal Park, took a step forward in June 2026 with the appointment of a demolition contractor. EMCCA is separately developing a 20-year spatial development strategy covering new villages, towns, roads and city extensions across Derby, Derbyshire, Nottingham and Nottinghamshire, coming into force from 2028, which identifies development around the defunct power stations as a priority and has outlined the Trent Arc as a location for a new town of more than 30,000 homes, 40,000 jobs and 2.7m sq m of commercial floorspace.",NEWS,New,__YES__,https://stepfusion.com/faqs/,aled,"AE ROUTING: UNRESOLVED — UK shared patch, no single counterparty. PROGRAMME NOT PROJECT — recorded because it explains the region's concrete pipeline and because two of its components (Cottam SMR, High Marnham hydrogen) have no identified contractors and are worth chasing. NEXT ACTION: resolve who is delivering SMR nuclear at Cottam. If Rolls-Royce SMR is the technology provider, that connects directly to the Pioneer Works record in this file and turns two Medium records into one coherent account approach. CONFIRMED (Insider Media 4 Jun and 5 Jun 2026; STEP Fusion FAQs; West Bridgford Wire 22 Apr 2026; Castle Donington Parish Council): EMCCA leading the Clean Energy Supercluster, Megawatt Valley naming, STEP at West Burton with SMR at Cottam and hydrogen at High Marnham, Ratcliffe-on-Soar demolition contractor appointed June 2026, East Midlands Freeport composition, the 20-year spatial development strategy at £1.6m per year in force from 2028, Trent Arc new town parameters of 30,000+ homes and 40,000 jobs and 2.7m sq m commercial, M1 Junction 24 upgrades as an enabler. INFERRED: that all components are heavy industrial civils with thick foundations — from the technology types, not published. NOT CONFIRMED: contractors for Cottam or High Marnham, the Ratcliffe demolition contractor's name, values, programmes, or whether the SMR and hydrogen components are funded.",__YES__,__NO__,__NO__,,,Medium,Mass-concrete civils,"A programme rather than a project, but an unusually coherent one: four former Trent coal station sites being converted to fusion, SMR nuclear, clean hydrogen and freeport-linked industrial use, under a single combined authority. Every component is heavy industrial civils with thick foundations and high-integrity structures, and they are all at the same early stage. The value of the record is that it explains why the East Midlands looks thin on vertical build but is not thin on concrete — the region's pipeline is concentrated in energy conversion rather than in city centres. STEP at West Burton is already recorded separately as a High; Cottam and High Marnham are the unresolved parts worth chasing.","Timing: MEDIUM — components at varying early stages, most pre-consent. Opportunity: MEDIUM-HIGH across the programme; unquantified individually. Access: LOW for the unresolved components — Cottam and High Marnham have no identified contractors. Coverage: MEDIUM — UK shared patch.","Cure / Signal,Data Hub,MixAI",Direct,reed,
WINVIC - SEGRO Logistics Park Northampton civils and infrastructure - Northamptonshire,Winvic Construction Ltd. Managing director for civils and infrastructure: Rob Cook.,,Not published.,"SEGRO. Senior director, national markets: Kate Bedson.","SEGRO Logistics Park Northampton, adjacent to Junction 15 of the M1, four miles south of Northampton town centre",United Kingdom,uk,52.1731,-0.8656,,Tunnel,New build,Main works / on site,Large,Slabs / pavements,None identified,Infrastructure complete. Individual plot buildings continue as the park builds out toward 5m sq ft; no forward programme published.,,"Winvic completed a five-year programme of infrastructure and industrial development works at SEGRO Logistics Park Northampton in August 2026, delivering highways, rail freight and logistics infrastructure across a Nationally Significant Infrastructure Project. Works included the 2.6km Roade Bypass with a new bridge and roundabouts, major improvements at Junction 15 of the M1, earthworks and supporting infrastructure, a 35-acre strategic rail freight terminal, 55,000 sq m of intermodal and HGV hardstanding, and a 170m tunnel for trains entering and leaving the site. Winvic also delivered two large logistics buildings: Plot 7 providing 2.3m sq ft of distribution space for an online retailer, and Plot 4 for Yusen Logistics. The park will ultimately provide up to 5m sq ft and is expected to support around 7,450 jobs. During construction Winvic employed 793 local people and spent more than £60m with local subcontractors.",NEWS,New,__YES__,https://www.eastmidlandsbusinesslink.co.uk/mag/featured/winvic-completes-major-works-at-segro-logistics-hub/,aled,"AE ROUTING: UNRESOLVED — UK shared patch, Winvic is not a named account but is the strongest candidate to become one from this sweep. RECORD KEPT AS EVIDENCE — the civils are complete. THE WINVIC PICTURE IS NOW FOUR REGIONS: Lisbon Street BTR Leeds (£130m, 578 homes, Gateway 2, Q4 2026 start), Progress House PBSA Coventry (544 beds, RC frame with SFS infill), Oasis BTR Birmingham (£130m), and SEGRO Northampton civils plus a probable role on SEGRO EMG2. Two distinct divisions — multi-room under Mark Jones and civils/infrastructure under Rob Cook — which means two separate conversations inside one account. CONFIRMED (East Midlands Business Link and Love Business East Midlands, Aug 2026): five-year programme completed, NSIP status, 2.6km Roade Bypass with bridge and roundabouts, M1 J15 improvements, 35-acre SRFI, 55,000 sq m hardstanding, 170m rail tunnel, Plot 7 at 2.3m sq ft for an online retailer, Plot 4 for Yusen Logistics, ultimate 5m sq ft and c.7,450 jobs, 793 local people employed, £60m+ local subcontractor spend, Rob Cook and Kate Bedson quoted. INFERRED: nothing material. NOT CONFIRMED: concrete volumes, slab specifications, remaining plot pipeline and its contractors.",__YES__,__NO__,__NO__,,,Low,Mass-concrete civils,"The civils and infrastructure programme completed in August 2026, so the pours recorded here are behind us — that alone puts this at Low. Its value is as the clearest evidence in the sweep of what Winvic can absorb on the civils side: a 2.6km bypass with bridge and roundabouts, M1 Junction 15 improvements, a 35-acre rail freight terminal, 55,000 sq m of intermodal and HGV hardstanding, a 170m rail tunnel, and two large logistics buildings including a 2.3m sq ft distribution centre. The park will ultimately reach 5m sq ft, so residual plot development continues even though the infrastructure is done.","Timing: LOW — the five-year civils and infrastructure programme completed August 2026. Opportunity: LOW for the completed works; residual plot development continues toward 5m sq ft. Access: HIGH — Winvic is the most recurring contractor in this sweep, with named divisional leadership. Coverage: MEDIUM — UK shared patch.",Cure / Signal,Direct,reed,
NO CONTRACTOR NAMED - Ratcliffe-on-Soar power station redevelopment - Nottinghamshire,A demolition contractor was appointed in June 2026 but was not named in the sources available to this sweep. No main works contractor identified. NOT RESOLVED.,,Unknown.,Not confirmed. The site forms part of the East Midlands Freeport alongside East Midlands Airport and Gateway Industrial Cluster (EMAGIC) in Leicestershire and East Midlands Intermodal Park (EMIP) in Derbyshire.,"Ratcliffe-on-Soar power station site, Nottinghamshire",United Kingdom,uk,52.8656,-1.2547,,Airport,Replacement,Groundbreaking / enabling works,,Piling / foundations,Unknown,Unknown. Site clearance under way following a June 2026 demolition contractor appointment.,,"The redevelopment of Ratcliffe-on-Soar power station in Nottinghamshire stepped forward in June 2026 with the appointment of a demolition contractor. The site is one of three East Midlands Freeport locations, alongside East Midlands Airport and Gateway Industrial Cluster in Leicestershire and East Midlands Intermodal Park in Derbyshire, and forms part of EMCCA's Clean Energy Supercluster of former Trent coal stations. Ratcliffe-on-Soar was previously shortlisted as a candidate site for the STEP fusion plant before the UKAEA ceased assessment of it and restarted assessment of West Burton.",NEWS,New,__NO__,https://www.insidermedia.com/news/midlands/rolls-royce-appointed-as-supplier-to-sweden-nuclear-power-project,aled,"AE ROUTING: UNRESOLVED — no named contractor. INCOMPLETE RECORD — the demolition contractor was appointed but the name was not captured in the snippets available, and no main works contractor exists. NEXT ACTION: one search to name the demolition contractor and establish the intended end use. Demolition contractors on power station sites frequently carry through into enabling works, so the name is worth having. CONFIRMED (Insider Media, 5 Jun 2026; Castle Donington Parish Council; World Nuclear News): demolition contractor appointed June 2026, East Midlands Freeport composition and Ratcliffe's place in it, Clean Energy Supercluster membership, Ratcliffe's history as a STEP shortlist site with assessment ceased in favour of West Burton. INFERRED: that eventual redevelopment will generate substantial foundation and slab work — from the site type and Freeport designation, not from any published scheme. NOT CONFIRMED: demolition contractor name, end use, developer, value, programme, whether any main works scheme exists at all.",__NO__,__NO__,__NO__,,,Low,Mass-concrete civils,"Demolition stage with a contractor appointed in June 2026 but not named in available sources. A former coal station site inside the East Midlands Freeport will eventually generate substantial foundation and slab work, and Ratcliffe was itself shortlisted for the STEP fusion plant before assessment moved to West Burton — so the site is capable of hosting something significant. But at demolition stage with no named contractor, no end use confirmed and no value or programme, there is nothing here to work yet.",Timing: LOW — demolition stage; main works undefined. Opportunity: UNKNOWN — depends entirely on end use. Access: LOW — no named contractor. Coverage: MEDIUM — UK shared patch.,Cure / Signal,Direct,reed,
ST JAMES SECURITIES - Becketwell regeneration - Derby,St James Securities as developer. GMI Construction delivered phase one; Hodgkinson Builders carried out brickwork. No contractor identified for the future phases.,,Not published. Phase one was steel-framed.,"St James Securities (Leeds-based). Development director: Paul Morris. Phase one BTR forward funded, acquired and operated by Grainger plc. Phase two venue operated by ASM Global. Derby City Council as partner.","Becketwell, Derby city centre — Victoria Street, former Debenhams and Laurie House sites",United Kingdom,uk,52.9225,-1.4778,200,Residential,Phase of larger scheme,PCSA / preconstruction,,,None identified,Unknown for future phases. Phase one construction ran from May 2021 to early 2023; phase two ran from January 2023 to late 2024 handover.,,"The £200m Becketwell regeneration in Derby is being delivered by Leeds-based St James Securities. Phase one delivered Derby's first purpose-built build-to-rent apartments on the former Debenhams site on Victoria Street — 259 one and two-bedroom apartments with a rooftop terrace, gym, co-working space and two commercial units, plus a new multi-purpose public square — built by GMI Construction with Hodgkinson Builders on brickwork, forward funded and operated by Grainger plc. Phase two delivered a 3,500-capacity performance venue on the site of Laurie House offices and the former Pink Coconut nightclub, operated by ASM Global, with construction from January 2023 and handover in late 2024. Future planned phases include grade A offices and commercial space, a hotel and a multi-storey car park. The scheme won Deal of the Year at the East Midlands Bricks Awards 2025 for the Vaillant Live project.",NEWS,New,__YES__,https://www.derby.gov.uk/news/2021/november/becketwell-development-well-underway,aled,"AE ROUTING: UNRESOLVED — UK shared patch. RECORD KEPT FOR FUTURE PHASES — everything built so far is complete and phase one was steel-framed, so there is no live opportunity. NEXT ACTION: check whether any future phase (grade A offices, hotel, multi-storey car park) has entered procurement. The MSCP is the only element reliably concrete-framed. CONFIRMED (Derby City Council, Oct and Nov 2021; East Midlands Business Link, Jun 2026): £200m scheme value, St James Securities as developer, GMI Construction on phase one with Hodgkinson Builders on brickwork, 259 BTR apartments, Grainger plc forward funding and operation, steelwork in place for an 11-storey block, demolition complete May 2021, phase one construction from May 2021 to early 2023, phase two 3,500-capacity venue with ASM Global from January 2023 to late 2024 handover, future phases comprising grade A offices, commercial, hotel and MSCP, Paul Morris quoted, Bricks Awards 2025 Deal of the Year for Vaillant Live. INFERRED: nothing material. NOT CONFIRMED: whether any future phase is in procurement, contractors for them, values, programmes, structural systems.",__NO__,__NO__,__NO__,,,Low,Schedule-critical vertical build,"Phase one, a 259-apartment BTR block, completed in early 2023 and was steel-framed rather than concrete. Phase two, the 3,500-capacity performance venue, handed over to ASM Global in late 2024. Both are behind us. Future planned phases cover grade A offices, commercial space, a hotel and a multi-storey car park, but none has a published contractor, value or programme, and the multi-storey car park is the only element that would be reliably concrete. Low, kept because Becketwell is the flagship Derby regeneration scheme and future phases will eventually be procured.","Timing: LOW — phases one and two complete; future phases unprogrammed. Opportunity: LOW — completed phases were steel-framed; future phases unquantified. Access: MEDIUM — St James Securities and GMI Construction both identifiable, with a named development director. Coverage: MEDIUM — UK shared patch.",Cure / Signal,Direct,reed,50-250M
WINVIC - Lisbon Street build-to-rent towers - Leeds,Winvic Construction Ltd. Multi-room managing director Mark Jones. Winvic previously completed a 548-bed PBSA scheme on the same site and an aparthotel is currently under construction there.,,Not published.,Lisbon Street Developments Ltd — a joint venture including Helios Real Estate; Marrico Asset Management named as delivery partner.,"Lisbon Street, Leeds city centre LS1 (West End redevelopment site)",United Kingdom,uk,53.796,-1.5525,130,Student accommodation,Phase of larger scheme,Awarded - pre-start,Medium,In-situ frame,None identified,"Q4 2026. Gateway 2 approval already obtained, so the regulatory gate that normally delays UK residential starts has been cleared.",,"£130m contract for Winvic to deliver a 578-home build-to-rent development in Leeds city centre for Lisbon Street Developments Ltd, following Gateway 2 approval. Construction begins in the final quarter of 2026. The BTR towers are the third major scheme on the redevelopment site, after a 548-bed PBSA that Winvic completed six months earlier and an aparthotel currently under construction. Designed to achieve a Home Quality Mark 3.5-star rating, with photovoltaic panels, decentralised air source heat pumps and enhanced building fabric to cut operational energy demand.",NEWS,New,__YES__,https://www.constructionenquirer.com/2026/06/15/winvic-lands-130m-leeds-btr-towers-after-gateway-2-approval/,aled,"AE ROUTING: UNRESOLVED — UK shared patch, Winvic is not a named account. NEXT ACTION (25 Aug 2026): approach before the Q4 start. Ask what the floor cycle was on the 548-bed PBSA next door — Winvic has the number and it makes the conversation concrete immediately. POSSIBLE OVERLAP: check against the McLaren Wellington Square record, which sits on Wellington Street and Lisbon Street. CONFIRMED (Construction Enquirer 15 Jun 2026; Construction News 16 Jun 2026; construction.co.uk 16 Jun 2026): £130m, 578 BTR homes, Winvic appointed, Gateway 2 approval, Q4 2026 start, Lisbon Street Developments Ltd as JV client with Helios Real Estate, Marrico Asset Management, HQM 3.5-star target, PV/ASHP/fabric measures, prior 548-bed PBSA and aparthotel on the same site, Mark Jones quoted. INFERRED: nothing material. NOT CONFIRMED: storey counts, frame subcontractor, concrete volumes, whether the HQM target carries any embodied-carbon requirement (the published measures are all operational energy, which weakens the MixAI angle).",__YES__,__YES__,__YES__,2026-06-15,,High,Schedule-critical vertical build,"The best-timed record in the region. Contract awarded June 2026, construction starting in Q4 2026, 578 build-to-rent homes across towers — so the entire frame is ahead and the pour strategy is being fixed now. Two things lift it above a standard BTR job. First, Gateway 2 approval has already been secured, which under the Building Safety Act means the design is fixed and construction is genuinely imminent rather than aspirational — that is the strongest timing signal available in UK residential. Second, Winvic has already built a 548-bed PBSA on the same site and has an aparthotel under construction there, so they hold real productivity data from the same ground with the same logistics, and any cycle claim is testable against it. Build-to-rent also starts its rent clock at handover, which supplies the hard external deadline the model rewards.","Timing: HIGH — awarded June 2026, Gateway 2 secured, construction from Q4 2026, frame entirely ahead. Opportunity: HIGH — 578 BTR homes in towers, repeating plate, rent clock starting at handover. Access: MEDIUM — Winvic is identifiable and has a named multi-room MD, but is not a Converge account. Coverage: MEDIUM — UK shared patch, no named account.","Cure / Signal,Data Hub",Direct,reed,50-250M
NETWORK RAIL (no contractor appointed) - TRU Stalybridge-Huddersfield tunnel & slab track - West Yorkshire,"No contractor appointed — procurement live. At least four suppliers to be invited to tender, award decision expected March 2027. Programme-level TRU contractors include Morgan Sindall Infrastructure, BAM Nuttall, Balfour Beatty Rail and Spencer Group; Arup is a programme designer.",,Not applicable at this stage.,"Network Rail, within the Transpennine Route Upgrade programme (governance includes the Mayors of South, North and West Yorkshire, DfT and Treasury).","Stalybridge to Huddersfield, including three tunnels and a new third line between Standedge and Gledholt, West Yorkshire",United Kingdom,uk,53.645,-1.8,64,Tunnel,Replacement,PCSA / preconstruction,,,Not established.,"Not before the contract term begins on 30 April 2027, and then only after the ECI phase establishes methodology and target costs, subject to funding approval. Term runs to 27 April 2035.",,"Network Rail has tendered a £64m (£76.8m including VAT) tunnel and slab track package on the Transpennine Route Upgrade between Stalybridge and Huddersfield, covering tunnel track lowering, slab track installation, gauge clearance and electrification enabling works. It forms part of the wider West of Leeds to Manchester section of the £11.5bn TRU programme, which includes line speed improvements, W12 gauge clearance through three tunnels, changes at four stations, track renewals, signalling, full route electrification and a new third line between Standedge and Gledholt. Requests to participate closed 10 July 2026; at least four suppliers will be invited to tender, judged 70% on technical ability and 30% on price. Award decision expected March 2027, contract running 30 April 2027 to 27 April 2035.",TED,New,__YES__,https://www.constructionnews.co.uk/civils/contractor-sought-for-64m-transpennine-rail-tunnels-upgrade-08-06-2026/,lisa,"AE ROUTING: UNRESOLVED — no contractor appointed, so the named-account test cannot be applied. Several plausible bidders (Morgan Sindall, BAM Nuttall, Balfour Beatty) would change the answer. CROSS-REGION: the package spans Stalybridge in Greater Manchester and Huddersfield in West Yorkshire. Filed under Yorkshire; do not duplicate when the North West is revisited. NEXT ACTION (Q4 2026): identify the four shortlisted bidders. Being known to the winner before the March 2027 award is worth more than anything that can be done after it. CONFIRMED (Construction News 8 Jun 2026; Place Yorkshire 10 Jun 2026; Find a Tender ref 2026/S 000-053834): £64m excluding VAT / £76.8m including, scope, ECI-first appointment structure, 10 Jul 2026 RFP deadline, at least four invited, 70/30 technical-price weighting, March 2027 award target, 30 Apr 2027 to 27 Apr 2035 term, W12 gauge clearance through three tunnels, Standedge-Gledholt third line, £11.5bn programme value. INFERRED: that slab track is early-strength critical and possession-driven — true of slab track generally, not stated in the notice. NOT CONFIRMED: bidder list, concrete volumes, slab track system, whether main construction proceeds at all (the notice makes it subject to funding approval).",__NO__,__NO__,__NO__,,2026-07-10,High,Mass-concrete civils,"The procurement structure is what makes this a High. The successful contractor is initially appointed to help Network Rail refine construction methodologies and establish target costs before main construction is authorised — an explicit ECI phase, which is precisely the moment the scoring model identifies as best, and it is being advertised in advance rather than having to be caught. The work itself is right too: tunnel track lowering and slab track installation through three tunnels is repetitive, tolerance-critical concrete where early strength governs when the track can be loaded and the possession handed back. On a railway, possession windows are the hardest external deadline there is. Eight-year term to 2035.","Timing: HIGH — RFP stage now, award March 2027, ECI phase before main works. There is no better entry point in this file. Opportunity: HIGH — slab track through three tunnels is repeatable, tolerance-critical concrete governed by possession windows. Access: LOW today — no contractor exists yet; the play is to know the four shortlisted bidders. Coverage: MEDIUM — UK shared patch, though several likely bidders are large accounts.","Cure / Signal,Data Hub",Direct,reed,50-250M
NO CONTRACTOR IDENTIFIED (Microsoft client) - Eggborough data centre campus - North Yorkshire,"NOT IDENTIFIED. No main contractor, designer or master planner resolved in this sweep. Microsoft is the client and developer; St Francis Group owns the wider former power station site.",,Unknown.,Microsoft. Site owner: St Francis Group (acquired Eggborough Power Station 2019). Planning authority: North Yorkshire Council. EPH holds separate permission for a gas plant on adjacent land.,"Former Eggborough Power Station, Eggborough, North Yorkshire — east of Leeds, west of Hull",United Kingdom,uk,53.715,-1.13,636,Power & transmission,New build,PCSA / preconstruction,Medium,Raft / substructure / basement,Unknown,"Construction targeted to start in early 2027, following planning submission to North Yorkshire Council. Site clearance was already under way at the time of the source.",,"Microsoft is developing a data centre campus on part of the site of the decommissioned Eggborough Power Station in North Yorkshire, proposing two two-storey data centres on one plot of the wider site. Microsoft held community consultation events in February and aimed to submit for planning to North Yorkshire Council with construction starting in early 2027. Barbour ABI ranks it the largest construction project in Yorkshire and the Humber by value at £636m. The 1,960MW coal-fired station closed in 2018 and demolition began in 2020; St Francis Group bought the site in 2019 and EPH holds permission for a gas plant on adjacent land.",NEWS,New,__NO__,https://www.datacenterdynamics.com/en/news/microsoft-to-build-data-center-campus-on-former-power-station-site-in-north-yorkshire-uk/,aled,"AE ROUTING: UNRESOLVED — no contractor, so the named-account test cannot be applied. INCOMPLETE RECORD — no delivery organisation identified, which breaches the standing rule. Included because it is the largest project in the region and missing it would be worse than recording it incompletely, but it must not go in front of anyone as a priority target in this state. NEXT ACTION (Q4 2026): watch for the main contractor appointment ahead of the early 2027 start; that is the trigger to rebuild and reband. CONFIRMED (Data Center Dynamics; Microsoft Local blog; Barbour ABI Yorkshire league table): Microsoft as client, two two-storey data centres, one plot of the wider former power station site, Feb community events, North Yorkshire Council as authority, early 2027 construction target, £636m Barbour ABI value and top regional ranking, site history (1,960MW, closed 2018, demolition from 2020, St Francis Group ownership, EPH gas plant permission). INFERRED: that slab and raft work dominates, and that handover pressure is severe — both true of data centres generally, neither published for Eggborough. NOT CONFIRMED: contractor, designer, floor areas, concrete volumes, whether planning has actually been granted since the source, and whether the £636m Barbour ABI figure refers to this campus or to a broader site total.",__NO__,__NO__,__NO__,,,Medium,Mass-concrete civils,"Ranked by Barbour ABI as the largest construction project in Yorkshire and the Humber at £636m, with construction targeted to start in early 2027 — which puts the main contractor appointment inside the next few months. Data centre construction is heavy slab and raft work with tight flatness and moisture tolerances, on programmes where handover dates are commercially brutal because the client is losing capacity revenue every week. Two two-storey buildings means repeatable floor plates. Held at Medium rather than High for one reason only: there is no contractor, no designer and no named project team, so there is nothing to act on yet.","Timing: HIGH — construction targeted early 2027, so the main contractor appointment window is open now. Opportunity: MEDIUM-HIGH — large slabs and rafts, repeatable two-building programme, brutal handover pressure; but no floor areas or volumes published. Access: LOW — no contractor, no designer, no named team. Coverage: MEDIUM — UK shared patch.","Cure / Signal,Data Hub",Direct,reed,250M+
"CADDICK GROUP - South Village, Leeds South Bank - Leeds",Caddick Group. Caddick Developments is the developer; Caddick Construction is the group's contracting arm and also holds a place on YORbuild Major Works 2 lot one — so the group can self-deliver. No formal main contractor appointment is published for South Village.,,Not published.,"Caddick Developments, with a memorandum of understanding signed with Homes England at UKREiiF to accelerate delivery. Leeds City Council as planning authority.","South Village, off Meadow Road, Leeds South Bank",United Kingdom,uk,53.789,-1.5455,1000,Residential,New build,PCSA / preconstruction,,,None identified,"Unknown. No phase start date published. The Homes England MOU is an acceleration agreement, not a programme.",,"The £1bn South Village scheme off Meadow Road can deliver up to 1,925 new homes and is a focal point of the South Bank regeneration area, one of the largest brownfield projects in the UK. It received unanimous approval from Leeds City Council's City Plans Panel in March 2024, and Caddick Group signed a memorandum of understanding with Homes England at UKREiiF to accelerate development. Caddick Developments was named Developer of the Year at the inaugural Yorkshire Placemaking Awards in 2024, with its SOYO neighbourhood cited as a best-in-class example of urban living.",NEWS,New,__NO__,https://www.insidermedia.com/news/yorkshire/leeds-six-exciting-property-developments-in-the-pipeline,aled,"AE ROUTING: UNRESOLVED — UK shared patch, Caddick is not a named account. NEXT ACTION (25 Aug 2026): approach Caddick Group rather than this scheme. They hold a YORbuild Major Works 2 lot one place as well as South Village, so a group relationship covers both public-sector call-offs and their own development pipeline. CONFIRMED (Insider Media, Jul 2024): £1bn value, up to 1,925 homes, Meadow Road location, unanimous City Plans Panel approval March 2024, Homes England MOU signed at UKREiiF, Caddick Developments' awards and SOYO scheme. CONFIRMED separately (Construction News 24 Jun 2026): Caddick Construction on YORbuild Major Works 2 lot one. INFERRED: that Caddick Group could self-deliver South Village — the group structure makes it possible and it is the most interesting thing about the record, but no contractor appointment is published and this must not be stated as fact. NOT CONFIRMED: main contractor, phase structure, storey heights, structural system, any start date, current status two years after approval.",__YES__,__NO__,__NO__,,,Medium,Schedule-critical vertical build,"Up to 1,925 homes at £1bn within the South Bank, one of the largest brownfield regeneration areas in the UK, with unanimous planning approval and a Homes England MOU behind it. The structurally interesting feature is that Caddick Group holds both the development and the contracting businesses, so like Renaker in the North West the party that benefits from a faster cycle can be the same party that decides how to pour. Medium rather than High because approval came in March 2024, no phase start or main contractor appointment has been published since, and a £1bn multi-phase scheme is a programme rather than a pour date.","Timing: MEDIUM — approved March 2024 with a Homes England MOU, but no published phase start or contractor appointment. Opportunity: HIGH — up to 1,925 homes across phases, repeating residential plate. Access: MEDIUM-HIGH — Caddick Construction is identifiable, group self-delivery is plausible, and they sit on YORbuild 2, so there are two doors into the same group. Coverage: MEDIUM — UK shared patch, no named account.","Cure / Signal,Data Hub",Direct,reed,250M+
MCLAREN - Wellington Square 45-storey tower - Leeds,McLaren Property / McLaren Living / McLaren Regeneration — developer and contractor within the same group. Managing director of McLaren Regeneration: Tom Gilman. Architect: Howells.,,Not published.,McLaren Property (workspace) and McLaren Living (build-to-rent). Leeds City Council as planning authority.,"Wellington Street and Lisbon Street, Leeds West End — a 2.47-acre site",United Kingdom,uk,53.7965,-1.554,,Student accommodation,New build,PCSA / preconstruction,,,None identified,Unconfirmed. The April 2024 source indicated initial work would start later that year; no confirmation of an actual start has been found.,,"McLaren Property's Wellington Square scheme on Wellington Street and Lisbon Street received approval from Leeds City Council's City Plans Panel in April 2024. Designed by Howells, it would transform a 2.47-acre site into a gateway to Leeds city centre with a 45-storey landmark tower — the tallest building in Yorkshire, surpassing the 37-storey Atlas House. It comprises 464 build-to-rent homes from McLaren Living and around 364,000 sq ft NIA of workspace from McLaren Property. Other consented towers in the same Leeds cluster include a 33-storey scheme at the former Leeds International Pool site, a 42-storey student scheme at the former Yorkshire Post site, a 31-storey scheme at Skinner Street and the 45-storey Cirrus Point student scheme at Merrion Way.",NEWS,New,__NO__,https://www.insidermedia.com/news/yorkshire/45-storey-tower-plans-secure-approval,aled,"AE ROUTING: UNRESOLVED — UK shared patch, McLaren is not a named account. STALE SOURCE WARNING: this record is built on an April 2024 article. Verify current status before any approach. POSSIBLE OVERLAP: sits on Wellington Street and Lisbon Street; the Winvic £130m BTR record is on Lisbon Street. Resolve whether these are neighbouring or overlapping parcels. CONFIRMED (Insider Media and Building, April 2024): planning approval 11 Apr 2024, 45 storeys, tallest in Yorkshire, 464 BTR homes, c.364,000 sq ft NIA workspace, 2.47-acre site, Howells architect, McLaren Property/Living/Regeneration structure, Tom Gilman quoted, McLaren's Beck Yard scheme (£85m, 375 homes) started the previous summer, the wider Leeds consented tower cluster. INFERRED: that McLaren may self-deliver — from the group structure, not stated. NOT CONFIRMED: whether construction has started, current programme, main contractor, concrete volumes, whether the scheme is still live at all.",__NO__,__NO__,__NO__,,,Medium,Schedule-critical vertical build,"At 45 storeys this would be the tallest building in Yorkshire, with 464 build-to-rent homes and around 364,000 sq ft of workspace on a 2.47-acre site — a genuinely large vertical programme, and McLaren is a developer-contractor group so the self-delivery advantage may apply. The reason it sits at Medium rather than higher is that the record rests on an April 2024 source which said initial work was set to start later that year. Two years on, nothing has been found confirming a start, and a consented tall building in a market where residential tower delivery has become fragile is not the same as a deliverable one.","Timing: UNKNOWN — approved April 2024 with a 2024 start indicated, but no 2026 confirmation found. This is the record's weakness. Opportunity: HIGH — 45 storeys, 464 BTR homes plus 364,000 sq ft workspace. Access: MEDIUM-HIGH — McLaren is a developer-contractor with named leadership and a second Leeds BTR scheme (Beck Yard, £85m, 375 homes). Coverage: MEDIUM — UK shared patch.","Cure / Signal,Data Hub",Direct,reed,
"NETWORK RAIL / TRU CONTRACTORS - Ravensthorpe station, Calder Road bridge and Baker Viaduct - West Yorkshire","Project-specific contractor not identified. TRU programme contractors include Morgan Sindall Infrastructure, BAM Nuttall, Balfour Beatty Rail and Spencer Group; Arup is a programme designer. The named set comes from programme-level sources, not from Ravensthorpe specifically.",,Not published. Precast beams for the Calder Road bridge were supplied by an unnamed manufacturer.,"Network Rail, Transpennine Route Upgrade programme.","Ravensthorpe, West Yorkshire — new station approximately 200m west of the former site, plus Calder Road bridge and Baker Viaduct",United Kingdom,uk,53.67,-1.66,,Rail / metro,Replacement,Main works / on site,Large,Precast,Not established.,"Under way. The old Ravensthorpe station closed in December; Calder Road bridge beams were installed the previous year with parapets being fitted, and a busy 2026 was flagged for the area.",,"Major elements of the Transpennine Route Upgrade at Ravensthorpe are advancing: a replacement station about 200m west of the former site with an extended island platform for longer trains, a footbridge with lifts for step-free access and a revised forecourt; a new Calder Road bridge, where 20 precast concrete beams were installed and parapets are being fitted; and the Baker Viaduct, also taking shape. The old station closed in December.",NEWS,New,__NO__,https://www.newcivilengineer.com/latest/transpennine-route-upgrade-new-ravensthorpe-station-sees-progress-on-2-bridges-29-01-2026/,lisa,"AE ROUTING: UNRESOLVED — no project-specific contractor to apply the test to. THIN ON DELIVERY ORGANISATION — the named contractor set is programme-level (from an OLE and portfolio article), not Ravensthorpe-specific, and is recorded as such rather than presented as the project team. NEXT ACTION: resolve the TRU West civils contractor; that single answer would improve several records in this file at once, since it likely also covers other Yorkshire TRU structures. CONFIRMED (NCE 29 Jan 2026): new station 200m west of the former site, extended island platform, footbridge with lifts, revised forecourt, 20 precast beams installed on Calder Road bridge with parapets under way, Baker Viaduct progressing, old station closed in December. CONFIRMED separately: TRU programme scale (12 stations, 70 miles of track, 65 bridges, 6 tunnels; c.120 route km of new 25kV OLE) and the programme contractor set. INFERRED: that possession windows drive the programme — true of rail works generally. NOT CONFIRMED: project contractor, concrete volumes, precast supplier, remaining pour schedule.",__NO__,__NO__,__NO__,,,Medium,Mass-concrete civils,"Two major civil structures plus a replacement station, in progress now — a genuine live concrete programme on the ground rather than a framework. The Calder Road bridge used 20 precast concrete beams with parapets now being fitted, and the Baker Viaduct is taking shape alongside. Rail structure work runs to possession windows, which is the hardest deadline type there is. Held at Medium because the record has no project-specific contractor, no volumes, and the Calder Road beams are already installed, meaning a meaningful share of that structure's pours has passed.","Timing: MEDIUM — under way, with Calder Road beams already installed but the Baker Viaduct and station still progressing through 2026. Opportunity: MEDIUM — two bridge structures and a station; real but not large. Access: LOW — no project-specific contractor identified. Coverage: MEDIUM — UK shared patch, though several named TRU contractors would resolve it.","Cure / Signal,Data Hub",Direct,reed,
"FIDRA ENERGY / EIG - Thorpe Marsh Green Energy Hub - Doncaster, South Yorkshire",No construction contractor identified in this sweep. Owner: EIG Global Energy Partners. Operator: Fidra Energy.,,Unknown.,"EIG Global Energy Partners (owner), Fidra Energy (operator/developer)","Thorpe Marsh, about 4 miles north of Doncaster, near Thorpe in Balne and Barnby Dun, South Yorkshire — brownfield site west of the former Thorpe Marsh Power Station",United Kingdom,uk,53.5797,-1.104,1040,Power & transmission,New build,Main works / on site,,"Mass concrete,Piling / foundations",Unknown,Construction began in 2025. Foundation and plinth works may be substantially advanced; no programme published.,,"Thorpe Marsh Green Energy Hub is a battery energy storage system under construction about four miles north of Doncaster on a brownfield site west of the former Thorpe Marsh Power Station. Construction began in 2025 at a cost of £1.04bn, with a nameplate capacity of 1,400MW, storage capacity of 3,100MWh and predicted annual net output of 2TWh. On completion it will be the largest of its kind in the UK and one of the largest in Europe and the world. Owned by EIG Global Energy Partners and operated by Fidra Energy.",MANUAL,New,__NO__,https://en.wikipedia.org/wiki/Thorpe_Marsh_Green_Energy_Hub,aled,"AE ROUTING: UNRESOLVED — no contractor identified. RECORD BUILT FROM AN ENCYCLOPAEDIA ENTRY, not trade press — treat the technical figures as reliable and the construction detail as absent. NEXT ACTION: one search to identify the EPC or civils contractor; without it this cannot be worked. CONFIRMED (Wikipedia entry, sourced): location, brownfield site, construction began 2025, £1.04bn cost, 1,400MW nameplate, 3,100MWh storage, 2TWh predicted annual output, EIG ownership, Fidra Energy operation, largest of its kind in the UK. INFERRED: that the site involves hundreds of near-identical container plinths and foundation pads — this follows from BESS construction at this capacity generally, and is the entire basis for the Medium band, but nothing about the foundation design is published. NOT CONFIRMED: contractor, foundation design, concrete volumes, current construction progress, whether foundations are already complete.",__NO__,__NO__,__NO__,,,Medium,Mass-concrete civils,"A £1.04bn battery storage hub at 1,400MW and 3,100MWh — the largest of its kind in the UK and among the largest in Europe. Battery storage is not obviously a concrete opportunity, and it would be easy to dismiss it. The reason not to is repeatability: a site of this capacity means hundreds of near-identical container plinths and foundation pads laid to consistent tolerance across a large area, and repeatability is the strongest signal in the mass-concrete profile even when individual pours are small. That said, the total volume is modest against the headline value, which is dominated by battery hardware and grid connection, and no contractor is identified. Medium, honestly arrived at.","Timing: MEDIUM — construction began 2025, so foundations may be well progressed. Opportunity: MEDIUM — high repeatability across many small identical pours, but modest total volume relative to a £1.04bn headline that is mostly hardware. Access: LOW — no construction contractor identified. Coverage: MEDIUM — UK shared patch.",Cure / Signal,Direct,reed,250M+
"YORBUILD MAJOR WORKS 2 (11 contractors) - Leeds City Council framework - Yorkshire, North East and East Midlands","Eleven contractors across two lots. Lot 1 (£600m, schemes £10m-£30m): Caddick Construction, Galliford Try Construction, Kier Construction, Morgan Sindall Construction & Infrastructure, Robertson Construction Group, Tilbury Douglas Construction, Vinci Building, Wates Construction. Lot 2 (£900m, schemes above £30m): eight contractors appointed, full list not published in the sources reviewed.",,Not applicable — framework.,"Leeds City Council, with Sheffield City Council, North Yorkshire Council and East Riding of Yorkshire Council participating in drafting and assessment. Available to public and third sector bodies across the framework area.","Yorkshire and the Humber, the North East, Lincolnshire, Nottinghamshire, Derbyshire and parts of Leicestershire",United Kingdom,uk,53.8008,-1.5491,1500,,New build,PCSA / preconstruction,Medium,In-situ frame,None identified,"Call-off dependent. Framework term 6 July 2026 to 5 July 2030, with an option to extend to 5 July 2032.",,"Leeds City Council awarded the YORbuild Major Works 2 framework to 11 contractors across two value bands, with a combined value of £1.5bn excluding VAT. Lot 1 is valued at £600m for schemes with estimated pre-tender values between £10m and £30m; lot 2 is valued at £900m for projects above £30m. The framework covers general building works including contractor design, with some civil engineering, and serves public and third sector bodies across Yorkshire and the Humber, the North East, Lincolnshire, Nottinghamshire, Derbyshire and parts of Leicestershire. Signed 6 July 2026, running to 5 July 2030 with a two-year extension option. Sheffield City Council and North Yorkshire Council participated in drafting and assessing tenders.",NEWS,New,__YES__,https://www.constructionnews.co.uk/contracts/council-names-11-contractors-on-1-5bn-major-works-framework-24-06-2026/,aled,"AE ROUTING: UNRESOLVED — UK shared patch, multiple counterparties. CROSS-REGION: covers Yorkshire, the North East and parts of the East Midlands. Filed here; do not duplicate when those regions are swept. USE AS A CONTACT MAP: the value of this record is the named contractor list, not the framework. Caddick appears here and on South Village; Morgan Sindall, Kier and Wates recur across this sweep. CONFIRMED (Construction News 24 Jun 2026; NCE 29 Jun and 17 Jul 2026): £1.5bn combined excluding VAT, lot 1 £600m for £10m-£30m schemes, lot 2 £900m for schemes above £30m, eight contractors per lot, the lot 1 name list, signature 6 Jul 2026, term to 5 Jul 2030 with extension to 2032, geographic scope, participating councils, scope covering general building with some civils, first-generation YORbuild membership (Bam, Bowmer & Kirkland, Galliford Try, Tilbury Douglas, Kier, Morgan Sindall, Wates, Willmott Dixon). INFERRED: nothing material. NOT CONFIRMED: the lot 2 contractor list, which is the more valuable of the two and is the gap worth closing; individual call-off projects; how much of the pipeline is concrete-framed.",__YES__,__NO__,__NO__,2026-07-06,,Medium,Schedule-critical vertical build,"A framework rather than a project, which would normally mean Low — but this one earns a Medium on two counts. Lot 2 is £900m of schemes above £30m, which is a genuinely substantial band rather than the small-works profile that made the Wirral framework worthless. And the framework runs to 2032 across three English regions with eight named contractors per lot, so it functions as a map of who will be building public sector work across half of northern England for six years. Education, healthcare, housing and civic buildings are all in scope. The named contractor list is worth more than the framework itself.","Timing: HIGH — signed 6 July 2026, call-offs entirely ahead to 2030 or 2032. Opportunity: MEDIUM — lot 2 covers schemes above £30m, but individual call-offs are unknown and public sector building skews to steel and masonry as often as concrete frame. Access: MEDIUM — eleven identifiable contractors, several of them repeat names across this sweep. Coverage: MEDIUM — UK shared patch; note the framework covers three regions.","Cure / Signal,Data Hub",Direct,reed,250M+
"NO CONTRACTOR IDENTIFIED (Vastint/Aire Park team) - Aire Park phase one, Leeds South Bank - Leeds","No main contractor identified. Design team appointed: Allies and Morrison as masterplan architect, Grant Associates for the landscaped park and public realm, with Sheppard Robson, Cartwright Pickard, Corstorphine & Wright, Haworth Tompkins, 3D Reid and re-form completing the architect team.",,Not applicable at this stage.,Not named in the source. Leeds City Council as planning authority.,"Aire Park, Leeds South Bank",United Kingdom,uk,53.792,-1.54,,Highway / road,Phase of larger scheme,PCSA / preconstruction,Medium,In-situ frame,None identified,"Unknown. Gated on phase one reserved matters approval and a main contractor appointment, neither of which has happened.",,"Aire Park is one of the largest city-centre brownfield regeneration projects in the UK and a key part of the Leeds South Bank. Parts opened in 2025 and infrastructure works — roads, pedestrian routes and public realm — have been progressing, with more visible residential and commercial construction expected to accelerate in 2026 as the scheme moves into full build-out. Reserved matters plans for phase one were due imminently, covering 999 homes with 20% affordable, a 99,000 sq ft innovation hub, a 213-bed hotel, 69,000 sq ft of retail and leisure, and a new western station entrance. The design team includes Allies and Morrison as masterplan architect and Grant Associates on landscape, with Sheppard Robson, Cartwright Pickard, Corstorphine & Wright, Haworth Tompkins, 3D Reid and re-form.",NEWS,New,__NO__,https://www.placeyorkshire.co.uk/what-to-watch-in-2026-yorkshire/,aled,"AE ROUTING: UNRESOLVED — no contractor. INCOMPLETE ON DELIVERY ORGANISATION — the designer list is named in lieu of a contractor per the standing fallback rule, but that is a weaker record than one with a builder in it. NEXT ACTION (Q4 2026): check whether phase one reserved matters have been submitted and approved, and whether a contractor has been appointed. CONFIRMED (Place Yorkshire, Dec 2025 watchlist): parts of Aire Park opened 2025, infrastructure works progressing through 2025, phase one content (999 homes with 20% affordable, 99,000 sq ft innovation hub, 213-bed hotel, 69,000 sq ft retail and leisure, western station entrance), full design team list, reserved matters described as imminent. INFERRED: nothing material. NOT CONFIRMED: client, main contractor, structural systems across the eight architects' buildings, phase programme, whether reserved matters have since been submitted.",__NO__,__NO__,__NO__,,,Low,Schedule-critical vertical build,"999 homes, a 99,000 sq ft innovation hub, a 213-bed hotel and 69,000 sq ft of retail and leisure is a substantial phase, and infrastructure works have been progressing since 2025 with a full design team appointed — so this is moving rather than stalled. But reserved matters for phase one were still only 'imminent' at the time of the source, no main contractor exists, and the record cannot be scored properly without one. Low today, and worth revisiting once a contractor is named.","Timing: LOW-MEDIUM — infrastructure and early phases under way since 2025, but phase one reserved matters not yet submitted and no contractor appointed. Opportunity: MEDIUM-HIGH — 999 homes plus hotel and commercial, though the split between concrete frame and other systems is unknown across eight different architects. Access: LOW — full design team but no contractor. Coverage: MEDIUM — UK shared patch.",Cure / Signal,Direct,reed,
NO CONTRACTOR IDENTIFIED - Elland Road stadium expansion - Leeds,No contractor identified in this sweep. Client-side: Leeds United.,,Unknown.,Leeds United Football Club,"Elland Road, Beeston, Leeds LS11",United Kingdom,uk,53.7778,-1.5722,,Stadium / arena / convention,Phase of larger scheme,PCSA / preconstruction,,"Mass concrete,Piling / foundations,Precast",Unknown,Unknown. Work was described as significant during 2026 but not completing within it; no programme published.,,"Leeds United's Elland Road expansion would increase capacity by around 15,000 to more than 50,000, making it one of the UK's largest stadiums. Described as one of the most significant physical changes in Leeds outside the city centre during 2026, though not completing within the year. Plans went before councillors with a green light recommended.",NEWS,New,__NO__,https://www.yorkshireeveningpost.co.uk/lifestyle/homes-and-gardens/2026-leeds-developments-reshaping-city-5457453,aled,"AE ROUTING: UNRESOLVED — no contractor. THIN RECORD — from a general watchlist and a listings snippet, not a trade press award. NEXT ACTION: one search to establish whether a main contractor has been appointed. Compare with Everton's Hill Dickinson Stadium (Laing O'Rourke, with Banagher Precast Concrete and Expanded Structures in the team) as the closest recent UK comparator. CONFIRMED: capacity increase of around 15,000 to more than 50,000, green light recommended, work significant during 2026 but not completing in it. INFERRED: that terracing, raker beams and concourse decks dominate the concrete scope and that much of it is precast — from stadium construction generally and the Everton precedent, not from anything published about Elland Road. NOT CONFIRMED: contractor, value, programme, whether planning has been granted, structural approach.",__NO__,__NO__,__NO__,,,Low,Mass-concrete civils,"Stadium expansion adding around 15,000 seats to take capacity above 50,000 is a real concrete job — terracing units, raker beams, concourse decks and foundations, much of it precast and highly repetitive, which is the profile the model rewards. Everton's Hill Dickinson Stadium in the North West file shows what a comparable scheme looks like when delivered, complete with a named precast supplier. The reason this is Low rather than Medium is simply that no contractor has been identified, no programme is published, and the source is a general 2026 watchlist rather than an award announcement.","Timing: MEDIUM — described as one of the most significant physical changes in Leeds during 2026, with completion beyond it, but no start date confirmed. Opportunity: MEDIUM — repetitive precast terracing and raker beams; genuinely good typology. Access: LOW — no contractor, no project team. Coverage: MEDIUM — UK shared patch.",Cure / Signal,Direct,reed,
NO CONTRACTOR IDENTIFIED - Eastern Green Link 2 HVDC - Yorkshire and the Humber,Not identified in this sweep. EGL2 is a National Grid and SSEN Transmission joint project; cable and converter contractors are appointed but were not resolved here.,,Unknown.,National Grid Electricity Transmission and SSEN Transmission (joint venture project).,Yorkshire and the Humber landfall and converter station section of the Peterhead to Drax HVDC link,United Kingdom,uk,53.7361,-1.0247,500,,New build,Main works / on site,,Piling / foundations,Unknown,Unknown.,,"Eastern Green Link 2 is ranked second among Yorkshire and the Humber construction projects by value at £500m in Barbour ABI's league table, described as HVDC underground cables.",MANUAL,New,__NO__,https://barbour-abi.com/top-construction-projects-yorkshire-the-humber/,aled,"AE ROUTING: UNRESOLVED — no contractor identified. THIN RECORD — a single league-table line. NEXT ACTION: if anything, check whether the Yorkshire converter station is separately procured; that would be the only part worth a proper record. CONFIRMED (Barbour ABI Yorkshire & the Humber league table, Feb 2026): EGL2 ranked second by value at £500m, described as HVDC underground cables. INFERRED: the client identification (National Grid / SSEN Transmission) and the converter station reasoning are from general knowledge of the EGL2 scheme, not from the league table entry, and should be verified. NOT CONFIRMED: contractor, scope split, converter station location and procurement, concrete content, programme.",__NO__,__NO__,__NO__,,,Low,Mass-concrete civils,"Ranked second in the region by value at £500m, but the Barbour ABI description is HVDC underground cables — which is trenching, ducting and jointing bays, not a concrete programme. The one part that would be genuinely interesting is the converter station, where a large building and substantial foundations sit on the Yorkshire end of the link. That is not what the £500m line item describes and no converter contractor was identified. Recorded so the decision to skip is evidenced, and flagged in case the converter station turns out to be separately procured and worth its own record.","Timing: MEDIUM — the project is progressing. Opportunity: LOW — cable installation dominates; concrete limited to jointing bays and, separately, converter station foundations. Access: LOW — no contractor identified. Coverage: MEDIUM — UK shared patch.",Cure / Signal,Direct,reed,250M+
RENAKER BUILD - New Jackson five-tower cluster (Lighthouse + The Green) - Manchester,"Renaker Build Ltd — self-delivering developer-contractor. Parent: Renaker (Daren Whitaker, Ancoats, Manchester). Architect: SimpsonHaugh.",,"Self-delivered. Renaker runs an in-house model covering land, design, construction, sales and aftercare rather than long subcontract chains, and uses the MEVA MAC automatic climbing system for core walls on buildings of 30 storeys and above.",Renaker (developer and contractor are the same organisation). Manchester City Council as planning authority; viability appraisal by Savills.,"Great Jackson Street / New Jackson, Castlefield, Manchester city centre",United Kingdom,uk,53.472,-2.25,894.5,Residential,Phase of larger scheme,PCSA / preconstruction,Large,In-situ frame,"None identified. MEVA supplies the climbing formwork system, which is a complementary rather than competing relationship.","Staged. Renaker said in April 2026 that three further schemes were in the immediate pipeline for 2026 starts, following Parkside, Greengate and Plot 9B. Individual tower starts within the cluster are not published tower-by-tower.",,"Renaker's five-tower New Jackson cluster at Great Jackson Street, Manchester: Lighthouse, a 71-storey tower of 642 apartments with a top-floor restaurant, which would stand taller than South Tower at Deansgate Square and be the tallest building in the UK outside London; plus The Green, a pair of 47-storey towers and two more rising to 51 storeys. 2,400 homes in total. Savills' viability appraisal for Manchester City Council put combined GDV at £1.1bn against a build cost of £894.5m. Designed by SimpsonHaugh. Manchester City Council accepted that viability prevented any affordable housing contribution, with a clawback mechanism in the S106.",NEWS,New,__YES__,https://www.placenorthwest.co.uk/final-sign-off-nears-for-1-1bn-manchester-scheme/,aled,"NEXT ACTION (25 Aug 2026): this is the anchor record of the North West sweep. Aled to work Renaker as an account rather than tower by tower — a result on core and slab cycle is portable across every scheme in the pipeline. CONFIRMED (Place North West Aug 2025 and Sep 2024; Construction Enquirer 13 Apr 2026): five towers, 2,400 homes, Lighthouse at 71 storeys with 642 apartments, The Green as 2x47 and 2x51 storeys, £1.1bn GDV, £894.5m build cost from the Savills appraisal, SimpsonHaugh architect, S106 position and clawback, Renaker's in-house delivery model, MEVA MAC climbing system on 30-storey-plus cores. INFERRED: that the cluster is among the three unnamed 2026 starts Renaker referenced in its April 2026 results — plausible but not stated. NOT CONFIRMED: individual tower start dates, concrete volumes, current floor-cycle performance, whether any low-carbon concrete commitment applies (the S106 viability position suggests cost pressure, which cuts both ways for MixAI).",__YES__,__YES__,__YES__,,,High,Schedule-critical vertical build,"The largest vertical concrete programme identified anywhere in the UK outside London: five towers, 2,400 homes, a 71-storey Lighthouse tower that would be Renaker's tallest yet, and a published build cost of £894.5m against a £1.1bn GDV. Every scoring dimension points the same way. Renaker self-delivers, so the organisation that benefits from a faster floor cycle is the same one that decides how to pour — no subcontractor sitting between the argument and the schedule risk. They already run MEVA MAC hydraulic climbing cores on 30-storey-plus buildings, which means core cycle is something they actively engineer rather than accept. And Renaker is one of Aled's named accounts, so coverage is settled and there is a route in.","Timing: HIGH — planning resolved, S106 agreed, and Renaker has flagged three more 2026 starts; the frame method for the cluster is being set now. Opportunity: HIGH — 2,400 homes across five towers to 71 storeys is repeatability at the top of the scale, and at £894.5m build cost a cycle saving compounds across the whole cluster. Access: HIGH — named Aled account, self-delivered frame, single decision-maker. Coverage: HIGH — Renaker is a named account, which resolves UK routing outright.","Cure / Signal,Data Hub",Direct,reed,250M+
"RENAKER BUILD - Parkside, Colliers Yard - Greengate, Salford",Renaker Build Ltd — self-delivering developer-contractor. Architect: Denton Corker Marshall.,,Self-delivered. MEVA MAC automatic climbing system used on Renaker cores at 30 storeys and above.,Renaker. Salford City Council as planning authority.,"Parkside, Colliers Yard, Greengate, Salford M3",United Kingdom,uk,53.4877,-2.2506,,Residential,Phase of larger scheme,Main works / on site,,,None identified,"Under way — work started at Parkside in early 2026 following the October 2025 year end, on a four-year build programme.",,"Parkside is the final tower of three in Renaker's Colliers Yard scheme at Greengate, Salford: a 41-storey tower of 518 flats designed by Denton Corker Marshall, above a four-storey podium. It completes a trio alongside Cortland (completed 2023) and Bankside (129m, 43 storeys, completed 2025), together delivering almost 1,500 homes. Work started in early 2026 on a four-year programme.",NEWS,New,__YES__,https://www.constructionenquirer.com/2026/04/13/renaker-profit-climbs-after-bumper-year-of-tower-completions/,aled,"NEXT ACTION (25 Aug 2026): work alongside the New Jackson record as one Renaker account approach, not as separate pursuits. CONFIRMED (Construction Enquirer 13 Apr 2026 and Mar 2023; Wikipedia entries for Bankside and Colliers Yard): Parkside as the third Colliers Yard tower, 41 storeys, 518 flats, Denton Corker Marshall, four-storey podium, four-year programme, work started since the Oct 2025 year end, Cortland and Bankside complete, trio totalling almost 1,500 homes. INFERRED: nothing material. NOT CONFIRMED: exact start date, current floor level, concrete volumes, cycle-time performance on the two completed towers — which is the number worth asking for directly.",__YES__,__YES__,__YES__,,,High,Schedule-critical vertical build,"41 storeys and 518 flats on a four-year build programme that started early in 2026 — the frame is almost entirely ahead. It is the third and final tower of the Colliers Yard trio, which is the strongest possible setup for a cycle-time argument: Cortland and Bankside are already built, so Renaker has real baseline data on the same site with the same team and the same tower typology, and an improvement on Parkside is measurable against two completed comparators rather than against a projection. Self-delivered frame and a named Aled account.","Timing: HIGH — work started early 2026 on a four-year programme, frame overwhelmingly ahead. Opportunity: HIGH — 41 storeys, 518 flats, repeating plate, and a directly comparable pair of completed towers on the same site to benchmark against. Access: HIGH — named Aled account, self-delivered frame. Coverage: HIGH — named account.","Cure / Signal,Data Hub",Direct,reed,
SIR ROBERT MCALPINE - Sellafield PPP Groundworks & Concrete Structures (KDP8) - Cumbria,"Sir Robert McAlpine Ltd, appointed Key Delivery Partner for the Groundworks and Concrete Structures (Civils) framework under Sellafield's Programme and Project Partners. PPP comprises KBR, Amentum, Morgan Sindall Infrastructure and Altrad Babcock. Tier 3 support from Cumbrian firms including Stobbarts and William King Construction.",,"Sir Robert McAlpine holds the concrete structures framework directly; Cumbrian SMEs (Stobbarts, William King Construction) are contracted to support groundworks and concrete under it.",Sellafield Ltd (Nuclear Decommissioning Authority). Head of PPP supply chain: John Rossiter. Chief supply chain officer: James Riddick.,"Sellafield site, Seascale, west Cumbria",United Kingdom,uk,54.42,-3.498,,Nuclear,New build,Main works / on site,Large,"Mass concrete,In-situ frame,Slabs / pavements",Not established. Nuclear sites typically carry heavy incumbent instrumentation and structural monitoring — check before pitching rather than assuming a clear field.,Continuous. The framework spans seventeen years from appointment and supports an ongoing decommissioning programme with more than 100 years of work at the site.,,"Sir Robert McAlpine holds the Groundworks and Concrete Structures (Civils) framework as a Key Delivery Partner within Sellafield's Programme and Project Partners model, spanning seventeen years. PPP was mobilised in 2019 to transform major project delivery at Sellafield, has awarded contracts with a potential value of £3bn, and works with around 200 suppliers, 40% of them in the North West. SRM committed to opening a regional office in Copeland. Cumbrian SMEs Stobbarts (£40m, 15 years) and William King Construction (15-year groundwork and concrete framework) support SRM on KDP8 delivery.",NEWS,New,__YES__,https://www.srm.com/news-and-comment/srm-joins-sellafields-programme-project-partners/,aled,"AE ROUTING: UNRESOLVED — UK shared patch, Sir Robert McAlpine is not a named account of Lisa's or Aled's. NEXT ACTION (25 Aug 2026): target the named KDP8 civils team rather than SRM generally — Geoff Smith (KDP8 Civils Framework Director), Drag Barnett (KDP8 Civils Preconstruction Director) and Richard Parker (KDP8 Civils Project Manager) are all published. CONFIRMED (Sir Robert McAlpine newsroom; NCE 1 May 2024; Whitehaven News Jan 2024): SRM appointed to the Groundworks and Concrete Structures (Civils) framework, 17-year span, KDP8 designation, named civils leadership team, PPP composition and 2019 mobilisation, £3bn potential PPP contract value, ~200 suppliers with 40% in the North West, Stobbarts £40m/15yr and William King Construction 15-year frameworks. INFERRED: that concrete volumes are large and sections thick — this follows from nuclear construction generally rather than from published figures for KDP8. NOT CONFIRMED: individual project pipeline under KDP8, concrete volumes, existing monitoring or instrumentation arrangements, security and vetting requirements for a supplier.",__YES__,__YES__,__NO__,,,High,Mass-concrete civils,"The most precisely targeted opportunity in the North West: a framework whose actual name is Groundworks and Concrete Structures, held by a single identifiable contractor, running seventeen years. Nuclear construction means thick sections, high consequence of failure, and a QA and evidence regime that is contractual rather than discretionary — which is Data Hub's strongest possible context, because someone has to produce the records regardless. Seventeen years of runway means a proof on one structure justifies itself many times over. Access is the weak dimension: SRM is not a named Converge account and nuclear supply chains are slow and heavily vetted.","Timing: HIGH — framework mobilised and running with a seventeen-year horizon, so there is no bad moment to enter. Opportunity: HIGH — mass concrete structures on a nuclear licensed site, thick sections, repeated across a multi-decade decommissioning programme. Access: MEDIUM — SRM is identifiable and the framework is named, but not a Converge account, and nuclear procurement is slow and heavily vetted. Coverage: MEDIUM — UK shared patch, no named account applies.","Cure / Signal,Data Hub,MixAI",Direct,reed,
"HOCHTIEF (UK) CONSTRUCTION - Sellafield Infrastructure Delivery Partnership, civils lot - Cumbria","HOCHTIEF (UK) Construction Ltd, appointed civils partner under the Infrastructure Delivery Partnership. Parent: HOCHTIEF AG (ACS Group). Co-partners under IDP: Morgan Sindall Infrastructure (electrical distribution, c.£1.3bn) and Costain (utilities, up to £1.06bn, with Arup as design partner).",,"Not published. HOCHTIEF holds design, engineering and delivery of civil infrastructure works directly under the framework.",Sellafield Ltd (Nuclear Decommissioning Authority),"Sellafield site, Seascale, west Cumbria",United Kingdom,uk,54.42,-3.498,595,Nuclear,Replacement,Main works / on site,Large,"Mass concrete,Piling / foundations",Not established — assume incumbent instrumentation on a nuclear licensed site.,"Continuous. Initial nine-year term from the October 2025 award, with an option for six further years through to 2040.",,"HOCHTIEF (UK) Construction is civils partner under Sellafield's £2.9bn Infrastructure Delivery Partnership, holding a framework worth up to £595m for design, engineering and delivery of civil infrastructure works supporting nuclear operations and decommissioning. IDP replaces the previous Infrastructure Strategic Alliance and covers electricity distribution, water, road and rail networks, bridges, foundations and security installations. Initial nine years with a six-year option through to 2040.",NEWS,New,__YES__,https://www.newcivilengineer.com/latest/trio-of-contractors-appointed-to-deliver-2-9bn-infrastructure-works-at-sellafield-13-10-2025/,aled,"AE ROUTING: UNRESOLVED — UK shared patch, HOCHTIEF is not a named account. Worth noting that HOCHTIEF AG is a Continental European parent, so if a group-level relationship develops rather than a UK-site one, this could reasonably sit with Lisa. Flagging rather than deciding. CONFIRMED (NCE 13 Oct 2025; Construction News 13 Oct 2025; World Nuclear News; GOV.UK): HOCHTIEF as civils partner, up to £595m, IDP total £2.9bn, co-partners and their lots and values, nine years plus six option to 2040, scope covering foundations, bridges, roads, rail, utilities and security installations, Arup as Costain's design partner, GHD and Baker Hicks as Morgan Sindall's design partners. INFERRED: that concrete content within the civils lot is substantial — reasonable from the named scope (foundations, bridges) but not quantified anywhere. NOT CONFIRMED: individual project pipeline, concrete volumes, existing instrumentation, whether HOCHTIEF self-delivers concrete in the UK or subcontracts it.",__YES__,__YES__,__NO__,2025-10-13,,High,Mass-concrete civils,"The civils lot of the IDP is worth up to £595m over an initial nine years extendable to fifteen, covering foundations, bridges, roads and rail across the Sellafield complex. Foundations and bridges on a nuclear site is squarely the mass-concrete profile, and a fifteen-year horizon with a single named partner means the relationship compounds rather than ending with a project. HOCHTIEF is a European Tier 1 with its own nuclear engineering pedigree, which makes it a credible group-level account beyond this framework. Held slightly below the SRM record only because 'civil infrastructure works' is broader and less concrete-specific than 'groundworks and concrete structures'.","Timing: HIGH — framework awarded Oct 2025 and running to at least 2034, extendable to 2040. Opportunity: HIGH — foundations, bridges, roads and rail across a nuclear complex; up to £595m of civils. Access: MEDIUM — HOCHTIEF UK is identifiable but not a Converge account; nuclear vetting applies. Coverage: MEDIUM — UK shared patch, no named account.","Cure / Signal,Data Hub",Direct,reed,250M+
RENAKER BUILD - 55-storey Salford tower (former Zentra site) - Salford,"Renaker Build Ltd — self-delivering developer-contractor, having acquired the site from Zentra in March 2026. The scheme is understood to be heading for a Renaker redesign. Original design by OMI Architects; previous contractors Laing O'Rourke (PCSA 2020, walked away 2021), then Midgard, then BCEGI — all now historic.",,"Expected to be self-delivered by Renaker, consistent with their model on every other tower.",Renaker (developer and contractor). Salford City Council as planning authority.,"Salford, adjacent to Legacie's completed Embankment Exchange, near Trinity Way",United Kingdom,uk,53.4855,-2.255,,,New build,PCSA / preconstruction,,,None identified,Unknown. Gated on Renaker completing its redesign and securing consent for the revised scheme. No programme published.,,"Renaker acquired the site of a long-stalled 55-storey Salford skyscraper from Zentra in March 2026, adding to its pipeline in Manchester and Salford. The scheme has been in the works since 2019 with planning permission first granted in January 2020, but never started despite three contractor appointments — Laing O'Rourke signed a PCSA in 2020 then walked away in 2021, Midgard was drafted in, and BCEGI was most recently attached. Designed by OMI Architects. Renaker is understood to be planning a redesign. The site sits next to Legacie's completed Embankment Exchange.",NEWS,New,__NO__,https://www.placenorthwest.co.uk/renaker-acquires-55-storey-salford-skyscraper-site/,aled,"NEXT ACTION (Q4 2026): watch for a revised planning submission — that is the signal the redesign has landed and a programme is forming. CONFIRMED (Place North West, 16 Mar 2026): Renaker's acquisition completed, 55 storeys, site history from 2019, planning granted Jan 2020, the Laing O'Rourke / Midgard / BCEGI sequence, OMI Architects, adjacency to Embankment Exchange, Zentra's stated intention to scale up across the North. INFERRED: that Renaker will self-deliver — consistent with their model on every other scheme but not stated for this one. NOT CONFIRMED: the redesign is reported as 'understood', not confirmed; no revised storey count, unit count, value, programme or start date exists.",__NO__,__NO__,__NO__,,,Medium,Schedule-critical vertical build,"A 55-storey tower moving from a developer who could not get it started to one who self-delivers and builds towers of exactly this height routinely — the delivery risk that killed it under Zentra largely disappears under Renaker. The interesting part is the timing: Renaker is understood to be redesigning the scheme, which puts it at the true pre-method stage where the frame and core strategy are open. That is the ideal moment in the scoring model. Medium rather than High only because there is no programme, no start date and no confirmed redesign outcome yet.","Timing: MEDIUM-HIGH — redesign under way means the method is genuinely open, but no start date is published. Opportunity: HIGH — 55 storeys of repeating residential plate. Access: HIGH — Renaker is a named Aled account and self-delivers. Coverage: HIGH — named account.","Cure / Signal,Data Hub",Direct,reed,
STARSHIP - Liverpool City Region MMC construction pilot - Merseyside,"Starship — developer, contractor and MMC specialist. Chief executive Dave Dargan. Named as a participant in the pilot; wider delivery partners not published.",,Not applicable in the conventional sense — the pilot is explicitly a manufacturing and platform approach rather than a traditional site-built frame.,"Liverpool City Region Combined Authority, under a UK Government construction pilot.","Liverpool City Region, Merseyside",United Kingdom,uk,53.4084,-2.9916,85,Industrial / manufacturing,New build,PCSA / preconstruction,,"Precast,DfMA / modular",None identified,Unknown. No sites or programme published.,,"Liverpool City Region has been selected for an £85m government construction pilot applying modern methods of construction. Starship — a developer, contractor and MMC specialist — is a named participant, with chief executive Dave Dargan describing the approach as applying manufacturing thinking and platform design to deliver high-performing homes and social infrastructure at scale while building long-term supply chain capability.",NEWS,New,__NO__,https://www.placenorthwest.co.uk/liverpool-city-region-chosen-for-85m-construction-pilot/,avi,"AE ROUTING: routed to avi on product grounds. The schema tiebreaker is explicit that FieldAtlas or DfMA at PCSA stage points to Avi rather than to the geographic owner, and this is DfMA at pre-method stage. CONFIRMED (Place North West, 19 Mar 2026): £85m pilot, Liverpool City Region selected, Starship named with Dave Dargan quoted, manufacturing and platform approach, supply chain capability aim. INFERRED: that FieldAtlas component tracking fits — reasonable from the stated platform approach but no component or unit detail is published. NOT CONFIRMED: project list, sites, unit numbers, programme, whether structural elements are precast concrete or another system entirely — which materially affects whether this is a Converge opportunity at all.",__YES__,__NO__,__NO__,,,Medium,Industrialised construction / DfMA,"The only clear DfMA record in the North West sweep, and the scoring model is explicit that this profile is best entered at PCSA stage before the delivery method is fixed — which is exactly where an £85m government pilot sits. Starship describes the approach as applying manufacturing thinking and platform design to deliver homes and social infrastructure at scale, with an explicit aim of building long-term supply chain capability. Standardised repeatable units produced off-site is the FieldAtlas case. Medium rather than High because the pilot's actual project content, sites and programme are unpublished, and pilots frequently deliver less than they announce.","Timing: HIGH — pilot at formation stage, method not fixed, which is the right entry point for DfMA. Opportunity: MEDIUM — £85m and standardised repeatable units, but no confirmed project list or volume. Access: MEDIUM — Starship is identifiable and vocal about the approach; no existing relationship. Coverage: HIGH — routes to Avi on product rather than geography, which resolves the UK ambiguity cleanly.",,Direct,reed,50-250M
COSTAIN - Sellafield IDP utilities partner - Cumbria,"Costain Ltd, utilities partner under the Infrastructure Delivery Partnership. CEO Alex Vaughan. Arup appointed by Costain as key design partner, building on 15 years on the previous Infrastructure Strategic Alliance.",,Not published.,Sellafield Ltd (Nuclear Decommissioning Authority),"Sellafield site and off-site utility networks, west Cumbria",United Kingdom,uk,54.42,-3.498,1060,Nuclear,Replacement,Main works / on site,,,Not established — assume incumbent instrumentation.,Continuous across the framework term. No individual project programmes published.,,"Costain is utilities partner under Sellafield's £2.9bn Infrastructure Delivery Partnership, a package the company said could be worth up to £1.06bn. Scope covers refurbishment and replacement of on-site and off-site utility systems including steam, water supply and treatment, and compressed gas. Arup is Costain's key supply chain design partner. Initial nine years with a six-year option to 2040. Costain has worked with Sellafield since 2005, including on Evaporator D and the Decommissioning Delivery Partnership.",NEWS,New,__YES__,https://www.neimagazine.com/news/sellafield-awards-infrastructure-contracts/,aled,"AE ROUTING: UNRESOLVED — UK shared patch, Costain is not a named account. CROSS-REFERENCE: Costain also appears in the London file on the TfL £700m station upgrades framework. Two live frameworks with one contractor is an account argument rather than two project arguments. CONFIRMED (Construction News and NCE 13 Oct 2025; Nuclear Engineering International): Costain as utilities partner, up to £1.06bn, scope covering steam, water supply and treatment, compressed gas, Arup as design partner with 15 years of prior ISA experience, relationship with Sellafield since 2005, Evaporator D and DDP history, nine plus six year term. INFERRED: that concrete content is secondary — a judgement from the named process scope, not from published information about structures. NOT CONFIRMED: project pipeline, any structural concrete volumes, existing instrumentation.",__YES__,__NO__,__NO__,,,Medium,Mass-concrete civils,"Up to £1.06bn is the largest single lot in the IDP, but the scope is refurbishment and replacement of steam, water supply and treatment and compressed gas systems — mechanical and process work where concrete appears as containment structures, tank bases and plinths rather than as the main event. That is genuine but secondary volume. Kept at Medium because the value and the fifteen-year horizon justify attention even where the concrete content is thinner than the headline suggests, and because Costain also appears on the TfL station framework in the London file, making it a repeat name worth an account view.","Timing: HIGH — framework running to at least 2034. Opportunity: MEDIUM — process and utilities scope; concrete is supporting structure rather than the primary work. Access: MEDIUM — Costain identifiable, not a Converge account, nuclear vetting applies. Coverage: MEDIUM — UK shared patch.","Cure / Signal,Data Hub",Direct,reed,250M+
DOMIS - Liverpool skyscraper (scheme unidentified) - Liverpool,"Domis Construction — the contracting arm associated with developer Legacie, self-delivering. Named as laying foundations and progressing to an affordable block alongside the tower.",,"Understood to be self-delivered by Domis, consistent with their model as a developer-linked contractor. NOT CONFIRMED for this scheme.",Not named in the source; Legacie is the associated developer.,Liverpool — the specific scheme and address are not named in the source. NOT CONFIRMED.,United Kingdom,uk,53.4084,-2.9916,,,New build,Groundbreaking / enabling works,,Piling / foundations,None identified,"Foundations under way; superstructure from 2026, running to a target completion before the end of 2031.",,"Domis is laying foundations on a Liverpool skyscraper before progressing to a smaller affordable block. Construction is due to begin in 2026 with the contractor hoping to finish the skyscraper before the end of 2031. Scheme name, address, storey count and value are not given in the source.",NEWS,New,__NO__,https://www.placenorthwest.co.uk/north-west-developments-to-watch-out-for-in-2026/,aled,"AE ROUTING: UNRESOLVED — UK shared patch, Domis is not a named account. NEXT ACTION (25 Aug 2026): one search to identify the scheme. Domis has a small enough Liverpool tower portfolio that this should resolve quickly, and the record is not workable until it does. CONFIRMED (Place North West, Dec 2025 watchlist): Domis laying foundations, an affordable block to follow, construction from 2026, target completion before end 2031. INFERRED: that the frame is self-delivered — from Domis's model as a developer-linked contractor, not stated here. NOT CONFIRMED: scheme name, address, coordinates (Liverpool city centre used as a placeholder and flagged as such), storey count, unit count, value, client.",__NO__,__NO__,__NO__,,,Medium,Schedule-critical vertical build,"Foundations under way with construction due to begin in 2026 and a target completion before the end of 2031 — a five-year tower programme almost entirely ahead, which is strong timing. Domis is a developer-linked contractor that self-delivers, so the same argument that makes Renaker attractive applies at smaller scale. Held at Medium because the source names neither the scheme nor the address, and a record with no site cannot be worked without one more piece of research.","Timing: HIGH — foundations only, five-year programme to end 2031. Opportunity: MEDIUM — a skyscraper plus a smaller affordable block, but no storey count, unit count or value published. Access: HIGH — self-delivering developer-contractor, single decision-maker. Coverage: MEDIUM — UK shared patch, no named account.",Cure / Signal,Direct,reed,
MORGAN SINDALL INFRASTRUCTURE - Sellafield SRP (Product & Residue Store Retreatment Plant) - Cumbria,"Delivered through Sellafield's Programme and Project Partners: KBR, Amentum, Morgan Sindall Infrastructure and Altrad Babcock, supported by a wider supply chain. Morgan Sindall Infrastructure is separately the IDP electrical distribution partner (c.£1.3bn), supported by design partners GHD and Baker Hicks.",,Sir Robert McAlpine holds the PPP groundworks and concrete structures framework under which civils for PPP projects are delivered.,Sellafield Ltd (Nuclear Decommissioning Authority),"Sellafield site, Seascale, west Cumbria",United Kingdom,uk,54.42,-3.498,,Nuclear,New build,Main works / on site,,,Not established.,"Complete. First base slab pour February 2020; active commissioning targeted 2027, operation to about 2060.",,"The Product and Residue Store Retreatment Plant is one of the largest and most complex projects under way at Sellafield, delivered through the Programme and Project Partners model. Main construction of the 30-metre-tall facility began in February 2020 with the first concrete pour for the base slab. Ready for active commissioning in 2027 and expected to operate until about 2060. LTi Metaltech was awarded a contract worth more than £45m in February 2026 to manufacture and supply storage containers.",NEWS,New,__YES__,https://www.world-nuclear-news.org/articles/contract-for-sellafield-plutonium-storage-containers,aled,"AE ROUTING: UNRESOLVED — UK shared patch. RECORD KEPT FOR CONTEXT, NOT PURSUIT — the structure is built. CONFIRMED (World Nuclear News, 24 Feb 2026): 30m height, first base slab pour Feb 2020, active commissioning 2027, operation to c.2060, PPP composition, LTi Metaltech £45m container contract, SRP described as one of the largest and most complex projects at Sellafield. INFERRED: that no meaningful pour remains — derived from the 2020 start and 2027 commissioning date rather than from a statement about structural completion. NOT CONFIRMED: actual structural completion status, any residual civils scope.",__NO__,__NO__,__NO__,,,Low,Mass-concrete civils,"Honest read: the concrete is behind us. Main construction of the 30-metre-tall SRP began in February 2020 with the first base slab pour, and the facility is set to be ready for active commissioning in 2027. Six years on from the first pour and a year from commissioning, the structure is essentially complete and what remains is fit-out, mechanical installation and commissioning. Kept as a record because SRP is described as one of the largest and most complex projects at Sellafield and it is useful context for the SRM and HOCHTIEF records, not because there is a pour to sell.","Timing: LOW — first pour 2020, active commissioning 2027; structure complete. Opportunity: LOW — no meaningful remaining pour. Access: MEDIUM — PPP partners are identifiable. Coverage: MEDIUM — UK shared patch.",Data Hub,Direct,reed,
NO CONTRACTOR IDENTIFIED - Fallowfield Campus Redevelopment - Manchester,"NOT IDENTIFIED IN THIS SWEEP. No contractor, designer or master planner was resolved. This breaches the standing rule that every record names a delivery organisation and is flagged rather than filled with a guess.",,Unknown.,"Not confirmed. The Fallowfield campus is University of Manchester estate, so the university is the probable client, but this is not verified.","Fallowfield Campus, Manchester",United Kingdom,uk,53.44,-2.22,400,Education,New build,PCSA / preconstruction,,,Unknown,"Barbour ABI's April 2026 league table covers projects starting within six months back to six months forward, so a start between roughly October 2025 and October 2026. Not confirmed more precisely.",,"The Fallowfield Campus Redevelopment in Manchester is listed by Barbour ABI as the largest construction project in the North West by total value at £400m, in a league table covering projects with a start date from six months back to six months forward as of April 2026.",MANUAL,New,__NO__,https://barbour-abi.com/top-construction-projects-north-west/,aled,"AE ROUTING: UNRESOLVED — UK shared patch and no contractor to apply the named-account test to. INCOMPLETE RECORD — no delivery organisation identified, which breaches the standing rule. It is included rather than dropped because £400m is the largest project in the region and missing it would be worse than recording it incompletely, but it must not be presented to anyone as a priority target in this state. NEXT ACTION (25 Aug 2026): one targeted search to resolve the contractor and client, then rebuild. CONFIRMED (Barbour ABI North West league table, updated April 2026): project name, £400m value, top ranking by value in the North West, the six-months-either-side start window. INFERRED: University of Manchester as probable client, and student accommodation as probable content — both from the campus name and typology, neither verified. NOT CONFIRMED: contractor, designer, client, scope, unit numbers, storey counts, programme, start date.",__NO__,__NO__,__NO__,,,Medium,Schedule-critical vertical build,"Ranked by Barbour ABI as the single largest construction project in the North West by value at £400m, with a start date inside a twelve-month window either side of April 2026. A campus redevelopment at that value is very likely to include substantial student accommodation, and student accommodation carries the hard external deadline the scoring model rewards — beds must hand over for an academic year, which does most of the selling. Banded Medium on the strength of the value and probable typology alone; it cannot be scored properly until a delivery organisation is known.","Timing: MEDIUM — Barbour ABI places the start within six months either side of April 2026, so likely imminent or just begun. Opportunity: MEDIUM-HIGH — £400m campus scheme, probable student accommodation with repeating plate and fixed academic-year deadlines. Access: LOW — no contractor, no designer, no named team. Coverage: MEDIUM — UK shared patch.",Cure / Signal,Direct,reed,250M+
URBAN SPLASH / IGLOO REGENERATION JV - Festival Gardens - Liverpool,No main contractor appointed. Urban Splash and Igloo Regeneration hold the development JV selected by Liverpool City Council.,,Not applicable at this stage.,"Liverpool City Council (site owner, acquired for £6m in 2015), with Urban Splash / Igloo Regeneration as development partner.","Festival Gardens, 27-acre brownfield site on the banks of the Mersey, Liverpool",United Kingdom,uk,53.362,-2.92,,Residential,New build,PCSA / preconstruction,,,None identified,"Unknown. Gated on a phase one planning application and a main contractor appointment, neither of which has happened.",,"Liverpool City Council selected a joint venture between Urban Splash and Igloo Regeneration to lead development of the 27-acre Festival Gardens brownfield site on the banks of the Mersey, acquired by the council for £6m in 2015 with plans for up to 800 homes. The JV's phase one vision covers 440 homes including an 80-bed extra care scheme and 110 affordable homes.",NEWS,New,__NO__,https://www.placenorthwest.co.uk/north-west-developments-to-watch-out-for-in-2026/,aled,"AE ROUTING: UNRESOLVED — UK shared patch, no contractor. THIN RECORD — snippet-based, kept for a later revisit. CONFIRMED (Place North West, Dec 2025 watchlist): 27-acre site, Mersey location, £6m 2015 council acquisition, up to 800 homes, Urban Splash / Igloo JV selected, phase one of 440 homes including 80-bed extra care and 110 affordable. INFERRED: that the structural system is unlikely to be in-situ concrete — a judgement from typology, not published. NOT CONFIRMED: contractor, structural system, storey heights, programme, whether the phase one planning application has since been submitted.",__NO__,__NO__,__NO__,,,Low,Schedule-critical vertical build,"Up to 800 homes on 27 acres is a real programme eventually, but the first phase of 440 homes was still only at the point of an expected planning application, no contractor is appointed, and low-rise brownfield residential of this type is often delivered in masonry or timber frame rather than in-situ concrete. Low on every dimension that matters now. Kept because the site is large and council-owned, which makes eventual delivery more likely than a purely speculative scheme.","Timing: LOW — planning application for phase one still expected, no contractor. Opportunity: LOW-MEDIUM — 440 homes in phase one, up to 800 overall, but structural system unknown and likely low-rise. Access: LOW — no contractor, no project team. Coverage: MEDIUM — UK shared patch.",Cure / Signal,Direct,reed,
WIRRAL COUNCIL / PROCURE PARTNERSHIPS - North West contractor framework - North West,"Multiple appointed across 13 lots; Procure Partnerships acted as advisor and evaluator. Only one contractor holds each framework place, with the second-ranked bidder as reserve. Named appointees include F. Parkinson among 12 on lot one.",,Not applicable — framework.,"Wirral Council, with the framework available to other public sector bodies across the North West.",North West England; the demolition lot is restricted to Merseyside public bodies.,United Kingdom,uk,53.3727,-3.0738,1200,,New build,PCSA / preconstruction,,,None identified,Call-off dependent. Framework term 1 April 2026 to 31 March 2030.,,"Wirral Council awarded places on a four-year North West contractor framework worth up to £1.2bn including VAT across 13 lots — six construction, six infrastructure and one demolition — run with Procure Partnerships as advisor and evaluator. Works are let through design-and-build or build-only routes using single-stage or two-stage procurement under NEC or JCT. The framework runs 1 April 2026 to 31 March 2030 and is open to other North West public sector bodies; the demolition lot is Merseyside only.",NEWS,New,__YES__,https://www.constructionnews.co.uk/buildings/places-awarded-on-1-2bn-north-west-contractor-framework-20-03-2026/,aled,"AE ROUTING: UNRESOLVED — UK shared patch, no single counterparty. FRAMEWORK NOT PROJECT. CONFIRMED (Construction News, 20 Mar 2026): £1.2bn including VAT, 13 lots split 6 construction / 6 infrastructure / 1 demolition, Procure Partnerships role, 1 Apr 2026 to 31 Mar 2030 term, tender volumes by lot (30/45/48 on lots 1-3, six and eight on lots 12-13), lot one band of £50,000 to £500,000, one holder per place with a reserve, demolition lot Merseyside-only, F. Parkinson among 12 on lot one. INFERRED: that concrete opportunity is minimal — from the value distribution, not stated. NOT CONFIRMED: the full appointee list for the upper-value lots, which is the only part of this worth knowing.",__NO__,__NO__,__NO__,,,Low,Schedule-critical vertical build,"A framework rather than a project, and the tender pattern shows where the volume actually sits: lot one drew 30 tenders, lot two 45 and lot three 48, while the upper-value lots 12 and 13 drew six and eight. That is a framework weighted heavily towards small works — lot one starts at £50,000. Public sector works at that scale carry very little concrete opportunity. Recorded so the decision to skip it is made on evidence rather than by omission.","Timing: MEDIUM — framework runs 1 Apr 2026 to 31 Mar 2030, so call-offs are ahead. Opportunity: LOW — tender volumes concentrated in the lowest value bands. Access: LOW — no single counterparty; dozens of appointees across 13 lots. Coverage: MEDIUM — UK shared patch.",,Direct,reed,250M+
LIVERPOOL CITY COUNCIL (no partner appointed) - Advanced Zoning Programme heat network - Liverpool,"No development partner appointed. Liverpool City Council is procuring, with award targeted 14 October 2026. Council leader: Cllr Liam Robinson.",,Not applicable at this stage.,"Liverpool City Council, under the Department for Energy Security and Net Zero's Advanced Zoning Programme.","Liverpool city centre, with heat sourced potentially from the River Mersey or the Sandon Dock wastewater treatment plant",United Kingdom,uk,53.4084,-2.9916,65,Port / marine,New build,PCSA / preconstruction,,,None identified,"After the targeted 14 October 2026 award, with the development partner contract running from October 2026 into the following year. No construction programme published.",,"Liverpool City Council has begun procurement for a pilot heat network under DESNZ's Advanced Zoning Programme, with a development partner contract valued at £64.8m including VAT running from October 2026. Heat could be drawn from the River Mersey or the Sandon Dock wastewater treatment plant, with the council estimating savings of up to 72,000 tonnes of CO2 a year. Tenders are evaluated on technical skills (52.5%), price (35%) and social value (12.5%), with award targeted for 14 October 2026.",NEWS,New,__YES__,https://www.placenorthwest.co.uk/liverpool-seeks-development-partner-for-65m-heat-network/,aled,"AE ROUTING: UNRESOLVED — UK shared patch, no partner appointed. CONFIRMED (Place North West, 18 Feb 2026): £64.8m including VAT, DESNZ Advanced Zoning Programme, Mersey and Sandon Dock as candidate heat sources, 72,000 tonnes CO2 annual estimate, evaluation weightings, 1 Jul enquiry and 28 Jul submission deadlines, 14 Oct 2026 target award, Cllr Liam Robinson quoted. INFERRED: that concrete content is limited to energy centres, chambers and thrust blocks — from the nature of heat network construction, not from published scope. NOT CONFIRMED: bidders, construction programme, any structural scope in detail.",__NO__,__NO__,__NO__,,,Low,Low-carbon spec-in,"A heat network is buried pipework, energy centres and plant. Concrete appears as energy centre structures, pump chambers and thrust blocks — real but modest, and dwarfed by the mechanical and civils trenching content. The reason not to discard it outright is the carbon framing: the council estimates up to 72,000 tonnes of CO2 saved annually and social value carries 12.5% of the tender score, so a supplier chain that can evidence embodied carbon has a scoring reason to exist. That is a thin MixAI hook, honestly described.","Timing: MEDIUM — procurement live with award targeted 14 Oct 2026, so the partner becomes knowable soon. Opportunity: LOW — energy centre and chamber structures only. Access: LOW — no partner appointed. Coverage: MEDIUM — UK shared patch.",MixAI,Direct,reed,50-250M
BOWMER + KIRKLAND - Castle Leazes Student Village - Newcastle upon Tyne,Bowmer + Kirkland Ltd. North East and Scotland regional director: Ed Besford. B+K began demolition and enabling works June 2024 and holds the main contract.,,"Not published. Note the frame is structural steel with poured floors, so the concrete packages are cores, substructure and composite floor slabs rather than a conventional frame let.","Joint venture between Unite Students (51%, developer, asset manager and operator; CEO Joe Lister, group development director Tom Brewerton) and Newcastle University (49%, contributing the site on a 150-year lease; CFO Nick Collins). Architect: NORR. Planning: Pegasus Group. Landscape: Southern Green.","Castle Leazes, Spital Tongues, Newcastle upon Tyne, overlooking Leazes Moor",United Kingdom,uk,54.982,-1.628,274,Student accommodation,Replacement,Main works / on site,Medium,"Raft / substructure / basement,In-situ frame",None identified,"Under way. Stairwell and lift cores in the first building were completed in April 2026, with the structural steel frame following and the first of eight floors to be poured after that. Phase one completes for the 2028/29 academic year, phase two for 2029/30.",,"Redevelopment of Newcastle University's 1960s 1,250-bed Castle Leazes halls into a 2,009-bed student village, in the first joint venture of its kind in the UK between a university and Unite Students. £274m gross development value, with the construction contract reported at £240m. Two new buildings, each sub-divided into 12 blocks of brick-clad accommodation from four to nine storeys, designed by NORR and targeting Net Zero Carbon in Operation — entirely gas-free, using electrification, on-site generation and air source heat pumps. Gateway 2 approval granted by the Building Safety Regulator; JV and funding finalised December 2025. Phase one delivers 788 beds for the 2028/29 academic year, phase two 1,221 beds for 2029/30.",NEWS,New,__YES__,https://www.constructionnews.co.uk/contracts/bowmer-kirkland-appointed-to-274m-student-housing-job-29-01-2026/,aled,"NEXT ACTION (25 Aug 2026): Aled to route through the existing Unite Students relationship, not through Bowmer + Kirkland cold. Unite is developer and asset manager with 51% and has a national pipeline behind this. IMPORTANT — FRAME TYPE: this is a structural steel frame with poured floors, not a concrete frame. Newcastle University's own March 2026 update describes cores installed, then steel frame, then eight floors poured. Pitch cores, substructure and composite floor slabs; do not walk in talking about a concrete frame. CONFIRMED (Construction News 29 Jan 2026; B+K newsroom; Newcastle University press office Dec 2025 and Mar 2026; Place North East 6 Jan 2026; Unite Group announcements): B+K as main contractor, Ed Besford, £274m GDV and £240m construction figure, 2,009 beds replacing 1,250, Gateway 2 approval, JV split 51/49, 150-year lease, £70m Unite equity, phase splits and academic-year deadlines, NORR design, four-to-nine storey brick-clad blocks, two buildings of 12 blocks each, cores complete April 2026, steel frame and eight poured floors, demolition from June 2024, £9.6m social value delivered, B+K's 3,000 rooms for Unite nationally and prior Newcastle University work (Stephenson Building, Catalyst, Urban Sciences), Net Zero Carbon in Operation target, 1,600-bed nominations agreement. INFERRED: nothing material. NOT CONFIRMED: concrete volumes, floor cycle target, frame subcontractor, whether any embodied-carbon requirement exists — the published sustainability target is operational, which weakens the MixAI angle.",__YES__,__YES__,__YES__,2026-01-29,,High,Schedule-critical vertical build,"The strongest access position in the entire UK sweep so far. Unite Students is one of Aled's named accounts and is the majority JV partner, developer, asset manager and operator — so coverage is resolved outright and the relationship route already exists. On top of that the timing is real: Gateway 2 approval was granted, the JV and funding are closed, the first building's stairwell and lift cores were completed in April 2026, and eight floors are still to be poured on building one with a second building behind it. The deadline is the hardest kind there is — 788 beds must be occupiable for the start of the 2028/29 academic year and 1,221 more for 2029/30. Students arrive on a fixed date whether the building is finished or not.","Timing: HIGH — cores complete April 2026, eight floors to pour on building one, building two entirely ahead, running to 2029/30. Opportunity: MEDIUM-HIGH — 2,009 beds across two buildings sub-divided into 12 blocks each, four to nine storeys, highly repetitive; but the frame is steel, so pour volume is cores, substructure and composite slabs rather than a full frame. Access: HIGH — Unite Students is a named Aled account and is the majority partner and developer. Coverage: HIGH — named account resolves UK routing outright.","Cure / Signal,Data Hub",Direct,reed,250M+
"BALFOUR BEATTY / TECHNIP ENERGIES / GE VERNOVA - Net Zero Teesside Power - Redcar, Teesside","Consortium led by Technip Energies with GE Vernova, alongside construction partner Balfour Beatty, for the onshore power, capture and compression package. Costain holds the EPC for the onshore CO2 gathering system and gas connection, having completed the FEED. Wood holds the integrated projects management team contract. TechnipFMC delivers the subsea injection system. Nine EPC contracts across eight packages in total.",,Not published. Cavendish Northern (Billingham) holds piping prefabrication; Adey Steel and px group also named in the contractor set.,"Net Zero Teesside Power — a joint venture between bp and Equinor. CO2 transport and storage by the Northern Endurance Partnership (bp, Equinor, TotalEnergies). Backed by UK Government Track-1 CCUS funding.","Redcar, Teesside — with CO2 transport and storage infrastructure running offshore to the North Sea",United Kingdom,uk,54.61,-1.12,4000,,New build,Main works / on site,Large,"Mass concrete,Piling / foundations",Not established. A project of this scale and regulatory profile is likely to have structural monitoring already specified — check before pitching.,"Under way. Construction began mid-2025 with operations targeted for 2028. Barrier is delivering the turbine hall HVAC engineering phase, which indicates the turbine hall building programme is live.",,"Net Zero Teesside Power is building a 742MW combined cycle gas power plant with 2Mtpa carbon capture at Redcar, alongside the Northern Endurance Partnership CO2 transport and storage infrastructure. Contracts worth £4bn were awarded across nine EPC contracts and eight packages. Technip Energies and GE Vernova lead the onshore power, capture and compression package using Cansolv technology licensed from Shell, with Balfour Beatty as construction partner; Costain holds the EPC for the onshore CO2 gathering system and gas connection; Wood holds integrated project management. Construction started mid-2025 with operations expected in 2028. NZT and NEP have awarded more than 250 UK subcontracts worth over £2bn and support more than 3,000 construction jobs. The East Coast Cluster targets 20-30Mt of CO2 a year by 2030, with injection potentially starting in 2028.",NEWS,New,__YES__,https://www.newcivilengineer.com/latest/east-coast-ccus-cluster-over-230-contracts-worth-1-5bn-awarded-to-uk-suppliers-to-date-27-03-2026/,aled,"AE ROUTING: UNRESOLVED — UK shared patch, neither Balfour Beatty nor Costain is a named account. CROSS-REFERENCE: Costain now appears three times across this sweep (Sellafield IDP utilities partner, TfL station upgrades framework, and here). That is an account argument rather than three project arguments and should be raised at triage. CONFIRMED (The Chemical Engineer; NCE 27 Mar 2026; Tees Business 27 Mar 2026; Teesside Live 1 Apr 2026; Insider Media 22 Jun 2026): 742MW CCGT, 2Mtpa capture, £4bn across nine EPCs and eight packages, bp/Equinor JV, NEP composition, Technip Energies and GE Vernova lead with Cansolv, Balfour Beatty as construction partner, Costain EPC for CO2 gathering and gas connection after FEED, Wood on IPMT, TechnipFMC subsea, Cavendish Northern piping prefabrication at Billingham, Barrier on turbine hall HVAC, mid-2025 construction start, 2028 operations, 3,000 construction jobs, 250+ subcontracts worth £2bn+, 20-30Mtpa cluster target, £9.4bn government capital budget across the Spending Review period. INFERRED: that turbine hall, absorber and compressor foundations are thick-section mass concrete with tight machine-base tolerances — true of CCGT and capture plant generally, not published for NZT. NOT CONFIRMED: any concrete volumes, the civils subcontractor, existing structural monitoring, how much of the foundation programme is already complete.",__YES__,__YES__,__NO__,,,High,Mass-concrete civils,"A 742MW combined cycle gas turbine plant with 2Mtpa carbon capture is heavy industrial civils: turbine hall foundations, absorber and compressor bases, tank foundations and pipe racks, all thick sections with high consequence of failure and demanding tolerance on machine bases. Construction started mid-2025 with operations targeted for 2028, so a substantial share of the civils programme is live now. Access is unusually good for a project this size — Balfour Beatty is named construction partner and Costain holds a separate EPC, and Costain already appears twice elsewhere in this sweep (Sellafield IDP and the TfL framework), so a single account conversation reaches three live programmes. The MixAI angle is real rather than decorative here, because the entire commercial rationale of the project is carbon reduction and someone has to evidence it.","Timing: MEDIUM-HIGH — construction began mid-2025 for 2028 operations, so foundations are partly done but a large programme remains through 2027. Opportunity: HIGH — turbine hall, capture train and compression foundations are thick-section mass concrete with machine-base tolerances. Access: HIGH — Balfour Beatty and Costain both named and both identifiable; Costain is a recurring name across this sweep. Coverage: MEDIUM — UK shared patch, no named account, though Costain recurring makes an account case.","Cure / Signal,Data Hub,MixAI",Direct,reed,250M+
QTS (BLACKSTONE) - Blyth hyperscale data centre campus - Northumberland,No main contractor identified for the vertical build. QTS (owned by Blackstone) is the developer. Arcadis advised on the first reserved matters approval covering Phase A enabling works.,,Unknown.,"QTS Data Centers, owned by Blackstone. Landowner context: the former Blyth Power Station site. Part of the North East's AI Growth Zone announced in September.","Former Blyth Power Station site, Cambois, Blyth, Northumberland — 54-hectare Phase A area within a larger campus",United Kingdom,uk,55.15,-1.52,10000,Power & transmission,New build,Groundbreaking / enabling works,Large,"Mass concrete,Raft / substructure / basement,Culverts / ancillary structures",Unknown,"Phase A enabling works (compounds, vegetation clearance, perimeter fencing and extensive earthworks) roll out in stages over 16 months to autumn 2026. Structural concrete follows main works procurement; no date published.",,"QTS, owned by Blackstone, secured outline consent for a £10bn hyperscale data centre campus at the former Blyth Power Station site in Northumberland, covering up to 10 data centre buildings totalling 540,000 sq m plus substations, emergency generators and ancillary structures. Preparatory works were signed off for the first stage, with the first reserved matters approval covering Phase A enabling works — compounds, vegetation clearance, perimeter fencing and extensive earthworks — rolling out in stages over 16 months to autumn 2026 across a 54-hectare site. Arcadis advised. The campus uses QTS's closed-loop water system and is expected to generate 1,200 long-term construction jobs. It is a key feature of the North East's AI Growth Zone, with energy capacity at the Blyth site to be increased to 1.1GW over six years.",NEWS,New,__YES__,https://www.constructionenquirer.com/2025/08/26/green-light-for-10bn-data-hub-prep-works-in-northumberland/,aled,"AE ROUTING: UNRESOLVED — no contractor appointed. Also note QTS/Blackstone is a US-parented owner, so if the relationship develops group-side rather than site-side the territory answer may not be UK at all. Flagging, not deciding. NEXT ACTION (Q4 2026): Phase A enabling completes around autumn 2026. Watch for the main works contractor appointment — that single event turns the strongest opportunity in the region into a workable one. CONFIRMED (Construction Enquirer 26 Aug 2025; Place North East Dec 2025 watchlist; Glenigan): QTS/Blackstone ownership, £10bn, outline consent for up to 10 buildings totalling 540,000 sq m plus substations, generators and ancillary structures, Phase A reserved matters, 54 hectares, 16-month enabling programme to autumn 2026, Arcadis advisory role, closed-loop water system, 1,200 long-term construction jobs, AI Growth Zone designation, Blyth energy capacity rising to 1.1GW over six years. INFERRED: that slab and raft work dominates and that ten buildings gives high repeatability — true of hyperscale campuses generally, not published for Blyth. NOT CONFIRMED: main contractor, building-by-building programme, floor areas per building, concrete volumes, slab specification or tolerance requirements, whether all ten buildings will actually proceed.",__YES__,__NO__,__NO__,,,High,Mass-concrete civils,"Up to ten data centre buildings totalling 540,000 sq m on one campus is the single largest repeatable slab and raft programme identified anywhere in this UK sweep. Repeatability is the strongest signal in the mass-concrete profile and ten near-identical buildings is as repeatable as it gets — a saving on one slab pour multiplies ten times over, before counting substations, generator bases and ancillary structures. The timing is also right: Phase A enabling works run in stages over 16 months to autumn 2026, which means the main build procurement is happening now and the vertical contractor is not yet appointed. That is the moment to be known. The only weak dimension is access, and it is weak for a reason that will resolve itself within months.","Timing: HIGH — Phase A enabling runs to autumn 2026; main construction procurement is imminent and no vertical contractor is appointed. Opportunity: HIGH — up to ten buildings totalling 540,000 sq m, plus substations, emergency generators and ancillary structures; the largest repeatable slab programme in the sweep. Access: LOW today — no main contractor exists, and Blackstone-owned hyperscale developers procure through their own channels. Coverage: MEDIUM — UK shared patch; QTS/Blackstone is a US parent, so a group relationship could sit elsewhere.","Cure / Signal,Data Hub,MixAI",Direct,reed,250M+
NO DEVELOPMENT PARTNER APPOINTED (Avison Young procuring) - Forth Yards - Newcastle upon Tyne,"No development partner or contractor appointed. Procurement of a public-private delivery partner is led by Avison Young, with award expected October 2026. Lead architect: FaulknerBrowns.",,Not applicable at this stage.,"Partnership of Homes England (chair Pat Ritchie), Newcastle City Council, the North East Combined Authority and Network Rail.","Forth Yards, Newcastle upon Tyne — the city's last major undeveloped brownfield site, a gateway to the city by road and rail",United Kingdom,uk,54.966,-1.625,330,Rail / metro,New build,PCSA / preconstruction,,Marine / water-retaining,None identified,"After the October 2026 delivery partner award, then phased. The 2026 milestone is the appointment itself; construction phasing follows masterplan finalisation.",,"Forth Yards is a city-shaping initiative led by Homes England with Newcastle City Council, the North East Combined Authority and Network Rail, covering Newcastle's last major undeveloped brownfield site and a gateway to the city by road and rail. The vacant site will contain 2,500 homes at a value of £330m. Procurement of a public-private delivery partner, led by Avison Young, is expected to conclude in 2026 with award expected in October, marking the transition from enabling works into full-scale development and setting the stage for phased construction across the district. FaulknerBrowns is lead architect. Within the wider area, Hines and Olympian Homes are progressing Pottery Lane, more than 500 low-carbon BTR homes forming the city's largest multifamily development, all-electric and powered by geothermal heat pumps and on-site solar PV, with two blocks due in 2026 and 2027.",NEWS,New,__YES__,https://www.constructionenquirer.com/2025/10/29/developer-hunt-starts-for-330m-newcastle-site/,aled,"AE ROUTING: UNRESOLVED — no delivery partner appointed. POSSIBLE DUPLICATE: Glenigan separately reports a Newcastle City Council 'Quay West' development at £330m with 1,500 homes in multi-storey blocks and £122m of government funding, outline granted. Same headline value, same riverside city, different name and unit count. These may be the same scheme, overlapping parcels or genuinely separate. Resolve before working either. NEXT ACTION (Oct 2026): watch for the Avison Young-led delivery partner award. That is the trigger to rebuild and reband. CONFIRMED (Construction Enquirer 29 Oct 2025; Place North East Dec 2025 watchlist and Dec 2024): £330m, 2,500 homes, Homes England / Newcastle City Council / NECA / Network Rail partnership, Pat Ritchie quoted, Avison Young leading procurement, award expected October 2026, transition from enabling works to full development, FaulknerBrowns as lead architect, Hines/Olympian Pottery Lane at 500+ BTR homes with geothermal and PV, two blocks in 2026 and 2027. INFERRED: nothing material. NOT CONFIRMED: delivery partner, contractor, phasing, storey heights, structural systems, whether Pottery Lane sits inside the Forth Yards boundary or adjacent to it.",__NO__,__NO__,__NO__,,,Medium,Schedule-critical vertical build,"2,500 homes at £330m on Newcastle's last major undeveloped brownfield site, with Homes England, the city council, the combined authority and Network Rail all behind it — that combination of public backing makes eventual delivery considerably more likely than a speculative scheme of the same size. The delivery partner award is expected in October 2026, which is close enough to be actionable and marks the transition from enabling works into full-scale development. Medium rather than High only because nobody is appointed yet, the masterplan is still being shaped, and phased construction across a district of this size means no single pour date exists.","Timing: MEDIUM-HIGH — delivery partner award expected October 2026, marking transition from enabling works to development. Opportunity: HIGH — 2,500 homes across a phased district. Access: LOW — no partner or contractor appointed; FaulknerBrowns is the only named delivery-side organisation. Coverage: MEDIUM — UK shared patch.","Cure / Signal,Data Hub",Direct,reed,250M+
HINES / OLYMPIAN HOMES - Pottery Lane build-to-rent - Newcastle upon Tyne,No main contractor named in the source. Hines is developer in partnership with Olympian Homes.,,Not published.,Hines with Olympian Homes,"Pottery Lane, Newcastle upon Tyne — riverside, within or adjacent to the Forth Yards area",United Kingdom,uk,54.965,-1.628,,Residential,Phase of larger scheme,Main works / on site,,,None identified,Under way. Two blocks are due for delivery in 2026 and 2027 respectively.,,"Hines, in partnership with Olympian Homes, is building more than 500 build-to-rent low-carbon homes at Pottery Lane on Newcastle's riverside within the Forth Yards area. Pottery Lane will form the city's largest multifamily development and is an all-electric scheme powered by geothermal heat pumps and on-site solar PV, making it net-zero enabled from day one. Two blocks are being delivered, in 2026 and 2027.",NEWS,New,__NO__,https://www.placenortheast.co.uk/what-to-watch-north-east-projects/,aled,"AE ROUTING: UNRESOLVED — UK shared patch, no contractor named, and Hines is a US-parented developer which may complicate a group-level view. STALE SOURCE: built on a December 2024 Place North East watchlist. Verify current status. NEXT ACTION: identify the main contractor — without one this cannot be worked, and it is likely already appointed given block one delivers in 2026. CONFIRMED (Place North East, Dec 2024 watchlist): Hines with Olympian Homes, 500+ BTR low-carbon homes, city's largest multifamily development, all-electric with geothermal heat pumps and on-site solar PV, net-zero enabled from day one, two blocks in 2026 and 2027, Forth Yards location. INFERRED: that block one is complete or near complete by August 2026 — from the stated 2026 delivery, not confirmed. NOT CONFIRMED: main contractor, storey heights, structural system, whether any embodied carbon commitment exists behind the low-carbon framing, current construction status.",__NO__,__NO__,__NO__,,,Medium,Low-carbon spec-in,"More than 500 BTR homes described as the city's largest multifamily development, with two blocks delivering in 2026 and 2027 — so one block is live and a second follows, which is the pattern that lets a cycle improvement be proven on one and applied to the other. The carbon positioning is stronger than most: all-electric, geothermal heat pumps, on-site solar PV, explicitly net-zero enabled from day one and described as low carbon in the scheme's own framing. That said, every published measure is operational rather than embodied, so the MixAI angle needs testing rather than assuming. Medium because no main contractor is named and the source is a 2024 watchlist.","Timing: MEDIUM — block one delivering 2026, block two 2027, so part of the programme remains. Opportunity: MEDIUM — 500+ BTR homes across two blocks, repeating plate, rent clock at handover. Access: LOW — no main contractor named. Coverage: MEDIUM — UK shared patch; Hines is a US-parented developer, worth noting.","Cure / Signal,MixAI",Direct,reed,
"SIR ROBERT MCALPINE - North East Space Skills and Technology Centre (NESST) - Northumbria University, Newcastle","Sir Robert McAlpine, developing the facility for Northumbria University.",,Not published.,"Northumbria University, with investment from the UK Space Agency and the space and satellite division of Lockheed Martin.","Northumbria University city centre campus, Newcastle upon Tyne",United Kingdom,uk,54.978,-1.603,,Life sciences / R&D,New build,Main works / on site,,,None identified,Unknown. Described as under development in a December 2024 source; current status unverified.,,"Northumbria University's city centre campus is undergoing major development underpinned by two new research facilities: the North East Space Skills and Technology Centre (NESST) and the Centre for Health and Social Equity. NESST is being developed by Sir Robert McAlpine for the university, with investment from the UK Space Agency and the space and satellite division of Lockheed Martin.",NEWS,New,__NO__,https://www.placenortheast.co.uk/what-to-watch-north-east-projects/,aled,"AE ROUTING: UNRESOLVED — UK shared patch, SRM is not a named account. THIN RECORD, KEPT FOR ACCOUNT REASONS. CROSS-REFERENCE: Sir Robert McAlpine holds the Sellafield PPP Groundworks and Concrete Structures (Civils) framework — a 17-year concrete-specific framework, recorded in the North West file with named KDP8 civils leadership (Geoff Smith, Drag Barnett, Richard Parker). Two SRM records in two regions is an account case; the Sellafield one is far the stronger of the two. STALE SOURCE: December 2024. CONFIRMED (Place North East, Dec 2024): SRM developing NESST for Northumbria University, UK Space Agency and Lockheed Martin investment, Centre for Health and Social Equity as a second facility. INFERRED: that concrete scope is modest — from building type, no structural detail published. NOT CONFIRMED: value, programme, storey count, structural system, current status.",__NO__,__NO__,__NO__,,,Low,Schedule-critical vertical build,"A research facility on a city centre campus is a modest concrete job with no repeatability — a one-off building rather than a repeating floorplate, and cycle time is unlikely to drive its programme. Kept for one reason: Sir Robert McAlpine also holds the Sellafield Groundworks and Concrete Structures framework in the North West file, which is a seventeen-year concrete-specific framework and one of the better targets in the whole sweep. This record's value is as a second data point on the same contractor in a different region, not as an opportunity in itself.","Timing: MEDIUM — described as under development, though the source is a 2024 watchlist. Opportunity: LOW — one-off research building, no repeatability. Access: MEDIUM — SRM identifiable, and the Sellafield civils leadership team is separately published. Coverage: MEDIUM — UK shared patch.",Cure / Signal,Direct,reed,
NO CONTRACTOR IDENTIFIED - Fulwell Cain Studios Phase 1 - Sunderland,"NOT IDENTIFIED. No main contractor, designer or master planner resolved in this sweep. Fulwell (formerly Fulwell 73) and Cain International are the developer-side parties implied by the project name.",,Unknown.,Not confirmed. The project name indicates Fulwell and Cain International as backers.,"Sunderland, Tyne and Wear",United Kingdom,uk,54.92,-1.38,215,,New build,PCSA / preconstruction,,,Unknown,Unknown.,,"Fulwell Cain Studios Phase 1 is ranked second among North East construction projects by value at £215m in Barbour ABI's 2026 league table, which covers projects with a start date from six months back to six months forward.",MANUAL,New,__NO__,https://barbour-abi.com/top-construction-projects-north-east/,aled,"AE ROUTING: UNRESOLVED — no contractor. INCOMPLETE RECORD — no delivery organisation identified, breaching the standing rule. Included because it is the second-largest project in the region and missing it would be worse than recording it incompletely; it must not be presented as a target in this state. NEXT ACTION: one search to establish contractor, scope and status. CONFIRMED (Barbour ABI North East league table): project name, £215m value, second place by value in the region, the six-months-either-side start window. INFERRED: that Fulwell and Cain International are the backing parties, and that sound stage slab work would dominate the concrete scope — both from the project name and from studio construction generally. Neither is verified and both should be treated as guesses. NOT CONFIRMED: contractor, designer, client, scope, floor areas, programme, start date, whether the scheme is film studios at all.",__NO__,__NO__,__NO__,,,Low,Mass-concrete civils,"Second-largest project in the North East by value at £215m with a start date inside a twelve-month window either side of the league table date, so timing may be good. Film studio construction is large-span, heavy-slab work — sound stages need thick, flat, vibration-isolated floor slabs, which is genuinely interesting concrete. But nothing beyond the name and the value has been established: no contractor, no designer, no scope, no programme. A record with a value and nothing else cannot honestly be banded above Low, and the fit reasoning above is entirely typological.","Timing: UNKNOWN — Barbour ABI's window implies a start between roughly August 2025 and August 2026, but nothing is confirmed. Opportunity: MEDIUM if it is studios as the name suggests — thick, flat, vibration-isolated sound stage slabs. Access: LOW — no contractor, no designer, no named team. Coverage: MEDIUM — UK shared patch.",Cure / Signal,Direct,reed,50-250M
NO CONTRACTOR IDENTIFIED - Follingsby Park Phase 2 - Gateshead,"NOT IDENTIFIED. No contractor, developer or designer resolved in this sweep.",,Unknown.,Not confirmed.,"Follingsby Park, Gateshead, Tyne and Wear",United Kingdom,uk,54.935,-1.51,200,,Phase of larger scheme,PCSA / preconstruction,,,Unknown,Unknown.,,Follingsby Park Phase 2 in Gateshead is ranked third among North East construction projects by value at £200m in Barbour ABI's 2026 league table.,MANUAL,New,__NO__,https://barbour-abi.com/top-construction-projects-north-east/,aled,"AE ROUTING: UNRESOLVED — no contractor. INCOMPLETE RECORD — no delivery organisation identified. NEXT ACTION: one search, and be prepared to disqualify. CONFIRMED (Barbour ABI North East league table): project name, £200m value, third by value in the region. INFERRED: that this is logistics or industrial development, and that large power-floated ground-bearing slabs would dominate — from the established character of Follingsby Park, not from anything published about phase 2. NOT CONFIRMED: contractor, developer, scope, unit mix, floor areas, programme, start date.",__NO__,__NO__,__NO__,,,Low,Mass-concrete civils,"Third-largest North East project by value at £200m. Follingsby Park is an established logistics and industrial location, and big-shed logistics means large power-floated ground-bearing slabs — high volume, flat and repetitive, with early trafficking a real programme driver. That is a legitimate Signal use case. But logistics slabs are also a commoditised, price-driven part of the market where monitoring rarely gets specified, and with no contractor, developer or scope confirmed there is nothing here beyond a value and a location.",Timing: UNKNOWN — Barbour ABI window only. Opportunity: LOW-MEDIUM — large ground-bearing slabs if it is logistics; high volume but low value per cubic metre and typically price-led. Access: LOW — no contractor or developer identified. Coverage: MEDIUM — UK shared patch.,Cure / Signal,Direct,reed,50-250M
BOWMER + KIRKLAND - Pilgrim's Quarter - Newcastle upon Tyne,"Bowmer + Kirkland. Project team: Reuben Brothers (Newcastle) Ltd as client, Avison Young, Ryder Architecture, Cundall and Oobe Landscape Architects.",,Not published.,Reuben Brothers (Newcastle) Ltd,"Pilgrim's Quarter, Newcastle city centre",United Kingdom,uk,54.9725,-1.6115,,,New build,Main works / on site,,,None identified,Likely complete. No remaining programme identified.,,"Pilgrim's Quarter was among the standout winners at the 2026 Constructing Excellence North East Awards, recognised for its contribution to collaboration, value delivery and regional regeneration. Judges praised its scale, complexity and collaborative delivery and its role in the ongoing regeneration of Newcastle city centre, commending it for balancing commercial success with heritage preservation, sustainability objectives and social value outcomes. Delivered by Bowmer + Kirkland for Reuben Brothers (Newcastle) Ltd, with Avison Young, Ryder Architecture, Cundall and Oobe Landscape Architects.",NEWS,New,__NO__,https://www.buildnews.co.uk/constructing-excellence-north-east-awards-honour-regions-best-projects/,aled,"AE ROUTING: UNRESOLVED — UK shared patch, B+K is not a named account (though its client on Castle Leazes, Unite Students, is). RECORD KEPT FOR CONTEXT — the concrete is almost certainly behind us. CROSS-REFERENCE: second Bowmer + Kirkland record in the region; Castle Leazes is the live one. Avison Young also appears on Forth Yards. CONFIRMED (Constructing Excellence North East 2026 awards and finalists list; Build News 23 Jun 2026): B+K as contractor, full project team, award recognition, city centre regeneration role, heritage and sustainability commendation. INFERRED: that the project is complete or near complete — from award recognition, which normally follows delivery. Not stated. NOT CONFIRMED: value, scope, storey counts, actual completion status, any remaining phases.",__NO__,__NO__,__NO__,,,Low,Schedule-critical vertical build,"A standout winner at the 2026 Constructing Excellence North East Awards, praised for scale, complexity and its role in Newcastle city centre regeneration, and commended for balancing commercial success with heritage preservation. That is the problem for timing: award recognition of this kind usually means the project is complete or very near it, so the pours are behind us. Kept because it is a second Bowmer + Kirkland record in the region alongside Castle Leazes, and because the named team — Ryder, Cundall, Avison Young — recurs elsewhere in this file.",Timing: LOW — award-winning status implies completion or near-completion. Opportunity: LOW — no remaining pour identified. Access: HIGH — B+K is already the target on Castle Leazes and the full project team is named. Coverage: MEDIUM — UK shared patch.,Cure / Signal,Direct,reed,
TEES VALLEY COMBINED AUTHORITY / SOUTH TEES DEVELOPMENT CORPORATION - Teesworks - Redcar and Teesside,"Multiple. Rainton Construction is a confirmed recent contractor under NEPO211 Civil and Infrastructure Works Framework Lot 7 (£11.79m, June 2025 to March 2026). Delivery is through a collaboration of regional partners and national government bodies rather than a single contractor.",,Not published.,"South Tees Development Corporation / Tees Valley Combined Authority, supported by more than £500m in public investment and several billion pounds of private-sector commitment.","Teesworks, spanning 4,500 acres across Redcar and Teesside",United Kingdom,uk,54.59,-1.1,,,New build,Main works / on site,,Piling / foundations,Unknown,Continuous and plot-dependent. Individual call-offs are let through the NEPO211 Civil and Infrastructure Works Framework.,,"Teesworks spans 4,500 acres across Redcar and Teesside, delivered through a collaboration of regional partners and national government bodies supported by more than £500m in public investment and several billion pounds of private-sector commitment. Civil and infrastructure works are procured through the NEPO211 Civil and Infrastructure Works Framework; a £11.79m call-off under Lot 7 was awarded to Rainton Construction of Durham, running June 2025 to March 2026, following an expression of interest stage in which only two firms recorded interest.",NEWS,New,__YES__,https://www.contractsfinder.service.gov.uk/Notice/44c3c420-eec0-4f47-b446-1bff975b4add,aled,"AE ROUTING: UNRESOLVED — UK shared patch, multiple counterparties. SITE NOT PROJECT — recorded because it is the platform under several other North East records rather than as a standalone opportunity. USEFUL DETAIL: the Contracts Finder notice records that only two firms expressed interest in the £11.79m Lot 7 competition. A thin bidder field on an eight-figure civils package is worth knowing — it suggests the regional civils market here is not crowded. CONFIRMED (Place North East Dec 2025 watchlist; Contracts Finder ref STDC-PROC-0476): 4,500 acres, £500m+ public investment, delivery collaboration, NEPO211 Civil and Infrastructure Works Framework Lot 7, £11,792,058.99 award to Rainton Construction, 16 Jun 2025 to 22 Mar 2026 term, two-firm EOI field, Tees Valley Combined Authority as buyer. INFERRED: that foundation, piling and slab work is substantial across the site — from the nature of heavy industrial development on reclaimed ground, not quantified anywhere. NOT CONFIRMED: the full NEPO211 framework contractor list, forward pipeline, concrete volumes, which plots are live.",__YES__,__NO__,__NO__,,,Medium,Mass-concrete civils,"4,500 acres with over £500m of public investment and several billion of private commitment is a site rather than a project, which normally means it cannot be scored. What makes it worth a Medium is that it is the physical platform underneath several other records — Net Zero Teesside sits on Teesside, the East Coast Cluster supply chain is concentrated here, and heavy industrial development on reclaimed and remediated ground means substantial foundation, piling and slab work across many separate plots. The NEPO211 Civil and Infrastructure Works Framework is the live procurement route and a confirmed £11.79m call-off to Rainton Construction shows it is being used. The framework, not the site, is the thing to understand.","Timing: MEDIUM — continuous development across a multi-decade site. Opportunity: MEDIUM — foundations and slabs across many plots, but fragmented into separate call-offs rather than one programme. Access: MEDIUM — the NEPO211 framework is a defined route and Rainton Construction is a confirmed user of it. Coverage: MEDIUM — UK shared patch.","Cure / Signal,Data Hub",Direct,reed,
STELLIUM DATA CENTRES - Cobalt Business Park campus expansion - North Tyneside,Main contractor appointed for a data centre plant refurbishment project but not named in the source.,,Unknown.,Stellium Data Centres,"Cobalt Business Park, North Tyneside, Newcastle upon Tyne",United Kingdom,uk,55.025,-1.49,,Data centre,Phase of larger scheme,Main works / on site,,,Unknown,Not applicable to the identified project; further campus expansion has no published programme.,,"Further expansion is planned at the Stellium Data Centre Campus at Cobalt Business Park in Newcastle. One small project at the site, a data centre plant refurbishment, has detailed plans granted and a main contractor appointed with work getting under way. The new data centres in the region will also involve major work to expand supporting energy infrastructure, with energy capacity at the Blyth site to be increased to 1.1GW over the next six years.",NEWS,New,__NO__,https://www.glenigan.com/construction-projects-in-the-north-east-hit-new-highs/,aled,"AE ROUTING: UNRESOLVED — UK shared patch, contractor not named. THIN RECORD — kept as a regional signal rather than an opportunity. CROSS-REFERENCE: read alongside the QTS Blyth record, which is the substantial data centre opportunity in this region. CONFIRMED (Glenigan, Nov 2025): Stellium campus at Cobalt Business Park, further expansion planned, plant refurbishment project with detailed plans granted and main contractor appointed, Blyth energy capacity rising to 1.1GW over six years, major energy infrastructure work to support the regional data centre sector. INFERRED: nothing material. NOT CONFIRMED: contractor name, expansion scope, values, programme, whether any new-build data halls are in the pipeline as opposed to refurbishment.",__NO__,__NO__,__NO__,,,Low,Mass-concrete civils,"The specific project identified is a data centre plant refurbishment, which is small and largely mechanical — not a concrete opportunity. Recorded because further expansion is planned at the Stellium campus and because it sits alongside the much larger QTS Blyth scheme within the same regional data centre and energy build-out, where capacity at Blyth is being raised to 1.1GW over six years. The regional pattern is worth tracking even where this individual project is not.","Timing: MEDIUM — detailed plans granted and a contractor appointed, work getting under way. Opportunity: LOW — plant refurbishment, largely mechanical. Access: LOW — contractor appointed but not named. Coverage: MEDIUM — UK shared patch.",Cure / Signal,Direct,reed,
SIR ROBERT MCALPINE - Tata Steel Port Talbot Electric Arc Furnace - Neath Port Talbot,"Sir Robert McAlpine as main works contractor for the site's decarbonisation, appointed January 2025 and breaking ground July 2025. At peak SRM's team is around 60 staff on site supported by more than 400 specialist subcontractors. Furnace supplied by Tenova (Italy). Work Package Lead: Peter Jones.",,Not published. Sheet piling work is under way at the steelworks.,Tata Steel UK. Executive director and chief financial officer: Koushik Chatterjee. Supported by £500m of UK Government funding alongside £750m from Tata Steel UK.,"Tata Steel Port Talbot Steelworks, Grange Road, Margam, Neath Port Talbot SA13 2NG — including the former P Field scrap yard, the BOS lagoon, and the former Harsco Bank",United Kingdom,uk,51.5786,-3.7736,1250,Rail / metro,Replacement,Main works / on site,Large,Piling / foundations,Not established.,"Under way. Groundbreaking July 2025; twelve months on, foundations are being prepared for the fume extraction plant, the BOS lagoon has been partially infilled with 220,000 tonnes of stone and 400,000 tonnes of material removed at the former Harsco Bank. Commissioning was targeted for end-2027 but National Grid has formally notified Tata of a six to eight month delay to the power connection, potentially longer.",,"Tata Steel UK's £1.25bn Electric Arc Furnace project at Port Talbot will create the UK's largest low-carbon steelmaking facility, replacing blast furnaces closed in September 2024. Neath Port Talbot Council approved the scheme in February 2025 and work began on site in July 2025, with Sir Robert McAlpine as main works contractor and Tenova of Italy supplying the furnace. The development comprises one electric arc furnace and two ladle furnaces with a crude steel capacity of 3 million tonnes a year, tapping molten metal at 320 tonnes every 42 minutes, alongside chemical and material storage and transfer infrastructure, pipework and cabling, buildings, fume and dust treatment plant, water treatment, material handling systems, electrical control rooms and power infrastructure, new and amended roads and rail lines, and a scrap metal handling facility. It is expected to cut carbon emissions from steelmaking at the site by around 90%. Funding comprises £500m from the UK Government and £750m from Tata Steel UK. Twelve months into construction, 220,000 tonnes of stone had been used to infill part of the BOS lagoon creating a scrap route from the rail yard, 400,000 tonnes of material had been removed at the former Harsco Bank, foundations were being prepared for the fume extraction plant, and the former P Field scrap yard was under construction as the gateway for around 70,000 tonnes of scrap a week, with around 1,200 workers on site. Commissioning was targeted for end-2027, but National Grid has formally notified Tata that its connectivity programme is delayed by six to eight months and potentially longer.",NEWS,New,__YES__,https://www.constructionenquirer.com/2026/06/08/national-grid-delay-threatens-mcalpines-1-25bn-steel-furnace-finish/,aled,"AE ROUTING: UNRESOLVED — UK shared patch, Sir Robert McAlpine is not a named account. CROSS-REFERENCE: SRM also holds the Sellafield PPP Groundworks and Concrete Structures (Civils) framework — seventeen years, concrete-specific by name, with named KDP8 civils leadership (Geoff Smith, Drag Barnett, Richard Parker) — recorded in the North West file, plus NESST at Northumbria in the North East file. Three SRM records across three regions, two of them heavily concrete. Worth raising as an account. THE DELAY IS AN OPPORTUNITY, NOT A PROBLEM: National Grid's six to eight month slip extends the construction window rather than shortening it. That is unusual and it means there is more time to get in front of the civils work than the original programme allowed. NEXT ACTION (25 Aug 2026): approach SRM via the Sellafield civils team as one account conversation covering both programmes. CONFIRMED (Construction Enquirer 8 Jun 2026; Tata Steel UK; Neath Port Talbot Council Feb 2025 and Jul 2025; ITV Wales Feb 2025; Swansea Bay News): £1.25bn value, SRM as main works contractor, Tenova furnace supply, Feb 2025 planning approval and Jul 2025 groundbreaking, 1 EAF plus 2 ladle furnaces, 3m tonnes a year capacity, 320t tapped every 42 minutes, ~90% emissions reduction, £500m UK Government plus £750m Tata funding, full planning scope, 220,000t lagoon infill, 400,000t removed at Harsco Bank, fume extraction plant foundations, P Field scrap yard and 70,000t weekly scrap, ~1,200 workers, ~60 SRM staff at peak and 400+ specialist subcontractors, sheet piling under way, National Grid six to eight month delay notification, Koushik Chatterjee and Peter Jones named. INFERRED: that EAF and ladle furnace foundations involve very thick sections under cyclical thermal and dynamic loading — true of arc furnace construction generally, not published. NOT CONFIRMED: concrete volumes, foundation depths or specifications, concrete subcontractor, revised commissioning date.",__YES__,__YES__,__YES__,,,High,Mass-concrete civils,"One of the UK's biggest live industrial construction jobs and the concrete is squarely in front of us rather than behind. Heavy industrial foundations for an electric arc furnace and two ladle furnaces mean very thick sections carrying enormous dynamic loads — molten metal is tapped at 320 tonnes every 42 minutes, which is a cyclical thermal and mechanical loading regime that foundations have to absorb for decades. Published progress confirms the civils phase is active: 220,000 tonnes of stone infilling the BOS lagoon, 400,000 tonnes removed at the former Harsco Bank, foundations being prepared for the fume extraction plant, and sheet piling under way. Sir Robert McAlpine is identifiable, has around 60 staff on site and 400-plus specialist subcontractors, and separately holds the seventeen-year Sellafield Groundworks and Concrete Structures framework recorded in the North West file. Two SRM concrete-heavy programmes is an account argument.","Timing: HIGH — groundbreaking July 2025, foundations actively being prepared, commissioning was end-2027 and has slipped six to eight months, extending the construction window. Opportunity: HIGH — EAF and two ladle furnace foundations plus fume extraction plant, scrap yard and material handling; thick sections under cyclical thermal and dynamic load. Access: MEDIUM-HIGH — SRM is the named main works contractor with named project personnel, and appears twice across this sweep. Coverage: MEDIUM — UK shared patch, SRM is not a named account.","Cure / Signal,Data Hub,MixAI",Direct,reed,250M+
"LAING O'ROURKE - National Grid Margam Connection Project - Port Talbot, Neath Port Talbot","Laing O'Rourke as principal contractor, working with National Grid through early collaboration on design and implementation. Managing director for Laing O'Rourke's Europe hub: Peter Lyons.",,Not published. Piling works are under way for the new 275kV substation.,National Grid,"Margam 275kV substation off the A4241 Harbour Way, on land between Tata Steel and the M4 near the Margam Green Energy Plant, plus a second 275kV substation within the Tata Steelworks site, connected by a 2km underground cable",United Kingdom,uk,51.5661,-3.7472,,Highway / road,New build,Main works / on site,Large,"Piling / foundations,Precast",Not established.,"Under way. Teams have been on site since September, with piling under way for the new 275kV substation. National Grid cites ground conditions, environmental constraints and planning issues emerging after work started as causes of programme delay.",,"National Grid's Margam Connection Project expands the existing Margam 275kV substation with a new gas-insulated substation and creates a second 275kV GIS facility within the Tata Steel Port Talbot site, connected by a 2km underground cable, alongside supergrid transformers. Both sites use SF6-free switchgear technology. Works include a gas-insulated switchgear hall, demolition of the existing control and amenities building and replacement, improved lighting, CCTV and car parking, internal access roads, a diesel generator, storage building, and a water storage tank with a flood defence wall. Neath Port Talbot Council unanimously approved the extension in March 2026, describing it as nationally important. Laing O'Rourke is principal contractor, having worked with National Grid through early collaboration on design and implementation. The project is on the critical path for Tata Steel's electric arc furnace: National Grid has formally notified Tata that its connectivity programme is delayed by six to eight months, citing ground conditions, environmental constraints and planning issues emerging after work started. National Grid is planning £35bn of transmission network investment across Wales and England between 2026 and 2031.",NEWS,New,__YES__,https://www.nationalgrid.com/media-centre/press-releases/National-Grid-shares-plans-for-vital-network-upgrades-in-Port-Talbot,aled,"AE ROUTING: UNRESOLVED — UK shared patch, Laing O'Rourke is not a named account. LAING O'ROURKE IS THE MOST RECURRING ORGANISATION IN THE ENTIRE SWEEP: Sizewell C Civil Works Alliance member (East of England), BYLOR JV at Hinkley Point C operating the on-site concrete plants (South West), Explore Manufacturing precast at Worksop supplying HS2 (East Midlands), Everton's Hill Dickinson Stadium (North West), and principal contractor here. Five programmes across five regions, several of them the largest concrete jobs in the country. If any single account case should be raised at triage, it is this one. THE £35BN CONTEXT MATTERS: National Grid is planning £35bn of transmission investment across Wales and England from 2026 to 2031. Margam is one project inside a programme that will generate substantial substation civils for five years, and Laing O'Rourke already has an early-collaboration relationship with the client. That is the real prize. CONFIRMED (National Grid press release; Switchgear Magazine Jul 2025; Herald.Wales Mar 2026; Swansea Bay News Mar and Jun 2026; Construction Enquirer 8 Jun 2026): Laing O'Rourke as principal contractor, Peter Lyons quoted, early collaboration on design and implementation, Margam 275kV extension plus second GIS inside the Tata site, 2km underground cable, supergrid transformers, SF6-free switchgear, full planning scope including GIS hall and flood defence wall, unanimous NPT Council approval March 2026, teams on site since September, piling under way, six to eight month delay notification and its stated causes, £35bn National Grid transmission investment 2026-2031, up to 12 months of local roadworks. INFERRED: that GIS halls and transformer bases carry heavy static loads on tight tolerances — true of substation construction generally. NOT CONFIRMED: concrete volumes, foundation specifications, contract value, revised programme.",__YES__,__YES__,__YES__,,,High,Mass-concrete civils,"Two new 275kV gas-insulated substations plus supergrid transformers is genuinely concrete-heavy work — GIS halls, transformer bases and plinths carry very heavy static loads on tight tolerances, and a transformer foundation failure is a multi-month outage. Piling is under way and the project is on the critical path for the entire £1.25bn Port Talbot green steel transition, which means schedule pressure is intense and publicly visible: National Grid's slip is the reason Tata's furnace commissioning has moved by six to eight months. That is the most acute programme pressure identified anywhere in this sweep. Laing O'Rourke is also the single most recurring organisation across the whole UK sweep, appearing in the Sizewell C Civil Works Alliance, the BYLOR JV at Hinkley Point C, Explore Manufacturing at Worksop, and Everton's stadium.","Timing: HIGH — piling under way, planning approved March 2026, teams on site since September, delivery running behind and being accelerated. Opportunity: MEDIUM-HIGH — two GIS substations, supergrid transformer bases and a 2km cable route; heavy static loads and tight tolerances rather than large volume. Access: HIGH — Laing O'Rourke is the most recurring organisation in this sweep with named leadership and an explicitly collaborative early-engagement relationship with National Grid. Coverage: MEDIUM — UK shared patch.","Cure / Signal,Data Hub,MixAI",Direct,reed,
ROLLS-ROYCE SMR / GREAT BRITISH ENERGY - NUCLEAR - Wylfa SMR programme - Anglesey,"No construction contractor appointed. Rolls-Royce SMR holds the technology design contract. Litmus Nuclear — a joint venture of Amentum and Cavendish Nuclear — holds a £300m owner's engineer contract of up to 14 years, delivering independent assurance and technical guidance across design, safety, engineering, construction and commissioning. WSP and Mott MacDonald hold a £25m environmental services and permitting contract.",,Not applicable at this stage.,"Great British Energy - Nuclear (GBE-N), a UK Government body. DevCo development director: Kenny Douglas. GBE-N purchased the Wylfa land in 2024 for £160m.","Wylfa, Isle of Anglesey (Ynys Môn), North Wales — the site of the decommissioned Magnox Wylfa nuclear power station",United Kingdom,uk,53.4167,-4.4794,2600,Nuclear,New build,PCSA / preconstruction,Large,"Mass concrete,Precast,DfMA / modular",Not established.,"Not before a final investment decision, which has not been taken. Rolls-Royce SMR is working with GBE-N on site-specific design, regulatory issues and planning ahead of FID. Previous reports state the goal is for the Wylfa SMRs to be supplying power by the mid-2030s.",,"Great British Energy - Nuclear selected Wylfa on Anglesey in November 2025 as the lead site for the UK's first fleet of small modular reactors, and in April 2026 formally awarded Rolls-Royce SMR the contract for technology design activities alongside a £599m government loan. The 1.4GWe three-reactor project will use 470MW Rolls-Royce SMRs and is intended to supply the equivalent of three million homes for more than sixty years, creating around 3,000 jobs at peak construction at Wylfa and another 5,000 across the UK supply chain. The contract requires Rolls-Royce SMR to work with GBE-N on site-specific design, regulatory issues and planning before a final investment decision is reached. £2.6bn was allocated to GBE-N in the 2025 Spending Review and GBE-N has awarded more than £350m in supply chain contracts, with one report putting total awards near £900m. Litmus Nuclear, an Amentum and Cavendish Nuclear joint venture, holds a £300m owner's engineer contract of up to fourteen years covering design, safety, engineering, construction and commissioning assurance. WSP and Mott MacDonald hold a £25m contract for environmental services and permitting. Wylfa previously hosted two 490MW Magnox reactors shut down in 2012 and 2015 and defuelled in 2019; GBE-N bought the land in 2024 for £160m. The site offers deep-water cooling access and stable seismic bedrock.",NEWS,New,__YES__,https://www.newcivilengineer.com/latest/rolls-royce-smr-secures-wylfa-contract-and-599m-government-loan-13-04-2026/,aled,"AE ROUTING: GENUINELY AMBIGUOUS AND WORTH A DECISION. Three pulls: the site is UK shared patch; the DfMA and standardised-module character points to avi under the schema tiebreaker; and Rolls-Royce SMR's fleet spans the UK, Czech Republic and Sweden, which touches Lisa's Continental Europe patch. Deliberately left unset rather than picked silently. CRITICAL CROSS-REFERENCE: this is the other half of the Rolls-Royce SMR Pioneer Works record in the East Midlands file. Pioneer Works in Derby opens Q4 2026 specifically to establish the build processes, precision assembly and advanced testing needed to de-risk SMR fleet delivery — and Wylfa is where those processes get used. One account conversation should cover both, and the East Midlands file separately flags an unresolved question about who is delivering SMR nuclear at Cottam, which may be the same programme again. THE QUESTION THAT DECIDES WHETHER THIS IS REAL: as with Pioneer Works, it is not confirmed that concrete or precast elements feature materially in the SMR module design. If the modules are mechanical and the concrete is conventional site-built containment, the DfMA framing is wrong and this is a straightforward mass-concrete civils job instead — still good, but a different pitch. Settle that first. CONFIRMED (NCE 13 Apr 2026; ANS Nuclear Newswire 15 Apr 2026; NucNet 4 Mar 2026; North Wales Live Feb 2026): Wylfa selected November 2025, Rolls-Royce SMR contract signed April 2026 with £599m government loan, three 470MW reactors totalling 1.4GWe, three million homes for 60+ years, ~3,000 peak Wylfa jobs and 5,000 UK supply chain, site-specific design and regulatory work before FID, £2.6bn GBE-N Spending Review allocation, £350m+ supply chain contracts awarded, Litmus Nuclear composition and £300m/14-year owner's engineer contract, WSP and Mott MacDonald £25m environmental and permitting contract, Magnox history and 2019 defuelling, £160m 2024 land purchase, mid-2030s power target, Kenny Douglas named. INFERRED: that fleet replication makes this repeatability at scale — from the Rolls-Royce SMR proposition, not from published module detail. NOT CONFIRMED: FID date or outcome, construction contractor, whether concrete or precast features in the module design, concrete volumes, any construction programme.",__YES__,__YES__,__NO__,2026-04-13,,High,Industrialised construction / DfMA,"Three 470MW reactors totalling 1.4GWe on one site, with no construction contractor yet appointed and a final investment decision still ahead — the entire delivery structure is being assembled now. The distinguishing feature is that this is a fleet, not a one-off: Rolls-Royce SMR's whole proposition is factory-built, standardised, repeatable nuclear plants, and Wylfa is the proving ground the Department for Energy Security and Net Zero expects to unlock fleet-scale deployment across other decommissioned sites. Three identical units on one site, then more elsewhere, is repeatability at exactly the scale the scoring model rewards most. And it connects directly to the Rolls-Royce SMR Pioneer Works record in the East Midlands file — the Derby facility exists specifically to define the build processes that will be used here.","Timing: HIGH — contract signed April 2026, site-specific design and regulatory work under way, FID still ahead, no construction contractor appointed. The delivery structure is being built now. Opportunity: HIGH — three identical 470MW units with fleet replication behind them; ~3,000 peak construction jobs at Wylfa plus 5,000 across the UK supply chain. Access: MEDIUM — no construction contractor to approach yet, but GBE-N, Rolls-Royce SMR, Litmus Nuclear, WSP and Mott MacDonald are all named and reachable. Coverage: MEDIUM — UK shared patch; Rolls-Royce SMR's fleet spans the UK, Czech Republic and Sweden, which touches Lisa's Continental Europe patch, and the DfMA character points to Avi.","Cure / Signal,Data Hub,MixAI",Direct,reed,250M+
"MCLAREN CONSTRUCTION - New Cardiff Bay Arena, Atlantic Wharf - Cardiff","McLaren Construction appointed as contractor at financial close. Delivered by a consortium of Live Nation and Robertson Property, with Oak View Group named alongside Live Nation UK as operator. Architects: Populous and HOK. WSP and Turner & Townsend also named on the project team.",,Not published.,"Cardiff Council as freeholder, contributing financing, granting a 99-199 year lease to the developer with a 40-45 year operating concession. Council leader: Huw Thomas.","Atlantic Wharf, Cardiff Bay — on the site of Cardiff Council's County Hall car park, near the Wales Millennium Centre",United Kingdom,uk,51.4686,-3.1645,300,Stadium / arena / convention,New build,Main works / on site,Large,"Mass concrete,Precast",None identified,"Under way. Groundbreaking took place in September 2025 following financial close, with the arena expected to open in 2028. Construction is planned in four phases over multiple years.",2028-12-31,"The New Cardiff Bay Arena, also known as Atlantic Wharf Arena, is a 16,500-capacity multi-purpose indoor arena under construction at Atlantic Wharf on the site of Cardiff Council's County Hall car park, near the Wales Millennium Centre. Construction cost is projected at £300m with opening in 2028; the concession notice put the procurement value at £183m excluding VAT against an estimated £150m. Cardiff Council is freeholder and is contributing financing, granting the developer a 99-199 year lease with a 40-45 year operating concession. A consortium of Live Nation and Robertson Property announced financial close and appointed McLaren Construction as contractor; Live Nation UK and Oak View Group are named as operators. Architects are Populous and HOK. Groundbreaking took place in September 2025 after a number of delays, with construction expected in four phases over multiple years: first the arena, the Wales Millennium Centre's digital and immersive arts theatre, a replacement hotel and a multi-storey car park; then relocation of the Red Dragon Centre's tenants into a new complex; then new office space with an additional hotel; and finally new homes and apartments with potential for more commercial space. The arena is expected to create 1,000 jobs and attract more than one million visitors annually. A 182-room hotel forms part of the scheme.",NEWS,New,__YES__,https://feeds.bbci.co.uk/news/articles/cdrk7zkr0p3o,aled,"AE ROUTING: UNRESOLVED — UK shared patch, McLaren is not a named account. MCLAREN IS NOW A SIX-TOUCHPOINT GROUP ACROSS FOUR REGIONS: McLaren Construction here; McLaren Construction on the Corscale £253.9m data centre at Iver under PCSA (South East); McLaren Property/Living on Wellington Square Leeds (45 storeys, 464 BTR homes) and Beck Yard (£85m, 375 homes) in Yorkshire; McLaren Living on the Oasis BTR in Birmingham with Winvic; and McLaren Construction Midlands and North on the Birmingham England Temple. That is a group account case comparable to Winvic's. CONTRACTOR STRUCTURE IS MUDDLED ACROSS SOURCES: the Wikipedia entry lists McLaren Construction Group as builder, Robertson Group as main contractors and WSP/Turner & Townsend as general contractor, which is not a coherent structure. The BBC report naming McLaren Construction as contractor at financial close is treated as authoritative here; verify before approaching. THIRD STADIUM/ARENA RECORD IN THE SWEEP after Everton's Hill Dickinson Stadium (Laing O'Rourke, with Banagher Precast Concrete) and the Elland Road expansion. The UK precast supply chain for these venues is small and worth understanding as a sector rather than three separate pursuits. CONFIRMED (BBC; Wikipedia entry, sourced; Find a Tender concession notice 2024/S 000-030012; Insider Media Apr 2026): 16,500 capacity (15,358 seated), Atlantic Wharf location on the County Hall car park site, £300m projected cost, September 2025 groundbreaking, 2028 opening, Live Nation and Robertson Property consortium and financial close, McLaren Construction appointment, Live Nation UK and Oak View Group as operators, Populous and HOK architects, Cardiff Council freeholder role and financing contribution, 99-199 year lease and 40-45 year concession, £150m estimated and £183m total procurement values, four-phase masterplan and its contents, 1,000 jobs and 1m+ annual visitors, 182-room hotel. INFERRED: that precast terracing and raker beams dominate the concrete scope — from arena construction generally and the Everton precedent, not published for Cardiff. NOT CONFIRMED: precast supplier, concrete volumes, current construction stage, phase two onwards programme.",__YES__,__YES__,__YES__,,,High,Mass-concrete civils,"A 16,500-capacity indoor arena is dominated by precast terracing units and raker beams — the same unit repeated hundreds of times, which is the strongest signal in the mass-concrete profile. Construction broke ground in September 2025 for a 2028 opening, so roughly two years of programme remain and the structural phase is live now. The wider masterplan matters more than the arena: this is phase one of four, with a Wales Millennium Centre digital theatre, replacement hotel and multi-storey car park in the same phase, then the Red Dragon Centre relocation, then offices and a further hotel, then homes and apartments. A multi-storey car park is reliably concrete-framed and a decade of phases behind one developer relationship is worth more than the arena alone. McLaren Construction is also the most recurring developer-contractor group in this sweep at six touchpoints.","Timing: HIGH — broke ground September 2025 for a 2028 opening, so the structural programme is live with roughly two years to run. Opportunity: HIGH — repetitive precast terracing and raker beams on a 16,500-capacity arena, plus an MSCP in the same phase and three further masterplan phases. Access: HIGH — McLaren Construction is named, appointed and appears six times across this sweep. Coverage: MEDIUM — UK shared patch, McLaren is not a named account.","Cure / Signal,Data Hub",Direct,reed,250M+
"BAM / SIEMENS ENERGY - SSEN Greens 400kV substation - New Deer, Aberdeenshire","BAM and Siemens Energy, contract signed May 2026. BAM director of energy networks Scotland: Adrian Collins.",,Not published.,SSEN Transmission. Director of onshore capital delivery: Paul Cooley.,"Greens substation, near New Deer, Aberdeenshire",United Kingdom,uk,57.52,-2.18,,Power & transmission,New build,Awarded - pre-start,,Piling / foundations,Not established.,"Main construction beginning later in 2026, following the May 2026 contract signature.",,"SSEN Transmission awarded a major contract to BAM and Siemens Energy to deliver its Greens substation project in Aberdeenshire — a new 400kV substation near New Deer that will strengthen the north-east electricity network and enable the connection of renewable energy across the UK. The contract signing is the first for an onshore substation being delivered by SSEN Transmission under its accelerated strategic transmission investment. The Greens substation forms part of SSEN Transmission's £29bn programme to upgrade the electricity transmission network across the north of Scotland. The project includes community benefit funding and the delivery of 69 new homes in Turriff, and creates opportunities for local businesses in Aberdeenshire. Main construction was due to begin later in 2026.",NEWS,New,__YES__,https://projectscot.com/2026/05/ssen-transmission-awards-major-contract-for-aberdeenshire-project/,lisa,"AE ROUTING: RESOLVED to lisa — BAM is a named Lisa account under the named-account-wins-outright rule. THE PROGRAMME IS THE PRIZE, NOT THE SUBSTATION: SSEN Transmission is running a £29bn upgrade of the transmission network across the north of Scotland, and Greens is explicitly the FIRST onshore substation contract signed under the accelerated strategic transmission investment. Establishing a position on the first one is worth far more than the individual project value. NEXT ACTION (25 Aug 2026): Lisa to work BAM's energy networks Scotland business via Adrian Collins, with the SSEN programme as the objective. Main construction was due to begin later in 2026, so the concrete packages are being let now. CROSS-REFERENCE: this is the second major transmission record in the sweep alongside National Grid's Margam Connection Project in Wales (Laing O'Rourke principal contractor, inside a £35bn National Grid investment programme for 2026-2031). Two named transmission programmes totalling £64bn across two nations, both with substation civils, both at an early stage. That is a sector view worth taking rather than two project pursuits. CONFIRMED (Project Scotland, May/June 2026): BAM and Siemens Energy contract award, Greens substation near New Deer, 400kV, first onshore substation contract under the accelerated strategic transmission investment, £29bn north-of-Scotland transmission programme, 69 new homes in Turriff and community benefit funding, main construction beginning later in 2026, Paul Cooley and Adrian Collins named. INFERRED: that GIS halls and transformer bases carry heavy static loads on tight tolerances — true of substation construction generally, not published for Greens. NOT CONFIRMED: contract value, concrete volumes, foundation specifications, programme duration, whether any concrete package has been let.",__YES__,__YES__,__YES__,2026-05-28,,High,Mass-concrete civils,"The strongest record in Scotland, and it is the account rather than the individual substation that makes it so. BAM is one of Lisa's named accounts, which resolves coverage outright, and this is explicitly the first onshore substation contract SSEN Transmission has signed under its accelerated strategic transmission investment — inside a £29bn programme to upgrade the transmission network across the north of Scotland. Being the supplier on the first one is a materially different position from being the supplier on the twentieth. The timing is also right: contract signed May 2026 with main construction beginning later in the year, so the concrete packages are being assembled now. A 400kV substation means GIS halls, transformer bases and plinths carrying very heavy static loads on tight tolerances, where a foundation problem is a multi-month outage.","Timing: HIGH — contract signed May 2026, main construction beginning later in 2026, everything ahead. Opportunity: MEDIUM-HIGH for this substation alone; HIGH across the £29bn programme behind it. Access: HIGH — BAM is a named Lisa account with named Scottish energy networks leadership. Coverage: HIGH — named account resolves routing outright.","Cure / Signal,Data Hub,MixAI",Direct,reed,
"NO CONTRACTOR IDENTIFIED - Cruachan 2 pumped storage hydro - Loch Awe, Argyll","NOT IDENTIFIED. No contractor, designer or delivery partner resolved in this sweep. Drax Group is the owner of the existing Cruachan station and the developer of the expansion.",,Unknown.,Not confirmed in this sweep. Drax Group owns and operates the existing Cruachan pumped storage station.,"Cruachan, Loch Awe, Argyll and Bute — expansion of the existing underground pumped storage power station inside Ben Cruachan",United Kingdom,uk,56.39,-5.12,500,Dam / hydro / reservoir,Phase of larger scheme,PCSA / preconstruction,Large,"Mass concrete,Piling / foundations",Unknown,"Unknown. Barbour ABI's April 2026 table covers projects with a start date from six months back to six months forward, implying a start between roughly October 2025 and October 2026, but this is not confirmed.",,"Cruachan 2 Hydro Electric Power Station Alterations is ranked second among Scottish construction projects by total value at £500m in Barbour ABI's April 2026 league table. It is one of 16 utilities projects in Scotland's top 30 worth £2.7bn in aggregate, alongside six battery storage centres worth £928m and six wind farms worth £803m.",MANUAL,New,__NO__,https://barbour-abi.com/top-construction-projects-scotland/,aled,"AE ROUTING: UNRESOLVED — no contractor identified. INCOMPLETE RECORD — no delivery organisation named, which breaches the standing rule. Included because it is the second largest project in Scotland and by typology the best concrete opportunity in the country, and missing it would be far worse than recording it incompletely. It must not be presented as a priority target in this state. NEXT ACTION (25 Aug 2026): this is the single highest-value research gap in the Scotland file and probably in the last three regions. One targeted search should resolve the contractor, the delivery structure and the programme. A pumped storage cavern with a named contractor would be an immediate High with full confidence. CONFIRMED (Barbour ABI Scotland league table, updated April 2026; Scottish Daily Express analysis, June 2026): project name, £500m value, second place by value in Scotland, the six-months-either-side start window, and its place within 16 utilities projects worth £2.7bn in the top 30. INFERRED: that Drax Group is the developer, and that the scope involves an underground machine hall cavern, headrace and tailrace tunnels and machine foundations. Both come from general knowledge of the Cruachan expansion rather than from any source retrieved in this sweep, and both should be verified. NOT CONFIRMED: contractor, designer, client, scope, capacity, programme, start date, concrete volumes.",__NO__,__NO__,__NO__,,,High,Mass-concrete civils,"The second largest construction project in Scotland by value at £500m, and by typology the single largest mass-concrete opportunity in the country north of the border. A pumped storage expansion means a new underground machine hall cavern, headrace and tailrace tunnels, and heavy machine foundations — thick sections, sprayed and cast linings, extreme consequence of failure, and a construction environment where early strength governs when the next excavation round can proceed. Every dimension of the concrete argument is strong. The problem is that no contractor, designer or delivery partner was identified, which makes this an incomplete record on the region's best typology.","Timing: MEDIUM — Barbour ABI's league table covers projects starting within six months either side of April 2026, so a start is plausibly near, but nothing is confirmed. Opportunity: HIGH — cavern, tunnels and machine foundations; the best concrete typology in Scotland. Access: LOW — no contractor, designer or delivery partner identified. Coverage: MEDIUM — UK shared patch.","Cure / Signal,Data Hub",Direct,reed,250M+
"NO CONTRACTOR IDENTIFIED - Monklands Hospital Replacement (University Monklands) - Airdrie, North Lanarkshire","NOT IDENTIFIED. No contractor, designer or delivery partner resolved in this sweep. NHS Lanarkshire is the client body.",,Unknown.,NHS Lanarkshire (not confirmed in the sources retrieved).,"Airdrie, North Lanarkshire — replacement for University Hospital Monklands",United Kingdom,uk,55.87,-3.95,700,Hospital / healthcare,Replacement,PCSA / preconstruction,,,Unknown,"Unknown. Barbour ABI's April 2026 table covers projects starting within six months either side, implying a start between roughly October 2025 and October 2026; not confirmed.",,"Monklands Hospital Replacement is ranked as the largest construction project in Scotland by total value at £700m in Barbour ABI's April 2026 league table. Glenigan separately recorded the £700m University Monklands Hospital among significant Scottish projects securing approval, alongside the £400m HMP Glasgow.",MANUAL,New,__NO__,https://barbour-abi.com/top-construction-projects-scotland/,aled,"AE ROUTING: UNRESOLVED — no contractor. INCOMPLETE RECORD — no delivery organisation identified. Included because it is the largest project in Scotland; must not be presented as a priority target in this state. NEXT ACTION: one search to establish contractor, delivery structure and structural system. The structural system question decides whether this is worth anything — healthcare buildings are frequently steel-framed. CROSS-REFERENCE: Converge already has NHP hospital work in England, where Morgan Sindall is incumbent on the MKUH campus and the specification window for Hospital 2.0 standardised design runs through 2027. Scottish healthcare procurement is separate, but the sector knowledge transfers and standardised hospital design is exactly the repeatability the model rewards. CONFIRMED (Barbour ABI Scotland league table April 2026; Glenigan): project name, £700m value, first place by value in Scotland, approval secured, the six-months-either-side start window. INFERRED: NHS Lanarkshire as client — from the hospital's location and name, not from a retrieved source. NOT CONFIRMED: contractor, designer, structural system, bed count, floor areas, programme, procurement route.",__NO__,__NO__,__NO__,,,Medium,Schedule-critical vertical build,"The largest construction project in Scotland by value at £700m, with planning approval secured. A replacement acute hospital at that value is a substantial building programme with repeating ward floorplates, and the New Hospital Programme work already in Converge's pipeline in England shows hospital campuses are a workable sector. But two things hold it at Medium: no contractor, designer or delivery partner has been identified, and healthcare buildings are as often steel-framed as concrete-framed, so the structural system is a genuine unknown rather than a detail.","Timing: MEDIUM — approval secured and a start plausibly near per the league table window, but no contractor and no programme. Opportunity: MEDIUM — £700m acute hospital with repeating ward plates, structural system unknown. Access: LOW — no delivery organisation identified. Coverage: MEDIUM — UK shared patch.","Cure / Signal,Data Hub",Direct,reed,250M+
CCG (SCOTLAND) - 2026 housing pipeline - central belt and beyond,CCG (Scotland) Ltd — a vertically integrated contractor delivering many projects from conception to completion through integrated pre-construction and offsite manufacturing capability. Managing director: David Wylie.,,"Self-delivered within CCG's integrated model where applicable. Note CCG operates offsite manufacturing, so the primary structural system on much of this pipeline may be timber kit rather than concrete.","Local authorities, housing associations and other public-sector clients, alongside a number of private developments. More than 75% of the work is secured through direct procurement.","Across the central belt and beyond — Glasgow, Edinburgh, Lanarkshire, Stirling, Fife, Dumfries & Galloway, East Lothian, West Dunbartonshire and East Renfrewshire",United Kingdom,uk,55.8642,-4.2518,510,Residential,New build,PCSA / preconstruction,Medium,"Raft / substructure / basement,In-situ frame,DfMA / modular",None identified,"Staged through 2026 across 36 projects, alongside more than 800 homes already under construction.",,"CCG (Scotland) revealed a £510m pipeline of work scheduled to begin in 2026, comprising 36 new projects totalling 2,000 new homes including approximately 1,650 for affordable rent, alongside more than 800 already under construction. The projects are delivered through partnerships with local authorities, housing associations and other public-sector clients plus a number of private developments, with more than 75% of the work secured through direct procurement. They are located across the central belt and beyond, including Glasgow, Edinburgh, Lanarkshire, Stirling, Fife, Dumfries & Galloway, East Lothian, West Dunbartonshire and East Renfrewshire, ranging from large-scale regeneration and placemaking schemes to smaller locally focused projects. A major proportion will be led by CCG from conception to completion through the integration of its specialist pre-construction capability. CCG has separately commenced Phase 2 of the Athletes' Village development in Glasgow's East End. Managing director: David Wylie.",NEWS,New,__YES__,https://projectscot.com/2026/01/ccg-reveals-510m-pipeline-of-work-scheduled-to-begin-this-year/,aled,"AE ROUTING: UNRESOLVED — UK shared patch, CCG is not a named account. Note the DfMA character would point to avi under the schema tiebreaker if the offsite element dominates; deliberately not set until the structural system is established. THE QUESTION THAT DECIDES EVERYTHING: what is CCG's primary structural system across this pipeline? CCG operates offsite manufacturing and Scottish affordable housing at volume is frequently timber kit. If the pipeline is predominantly timber, there is very little concrete here regardless of the £510m. That single question should be answered before any effort goes in, and it is the reason this is Medium rather than High. NEXT ACTION (25 Aug 2026): one call to establish the structural system. If a meaningful share is concrete frame or has substantial in-situ substructure, this becomes one of the best repeatable relationships in the sweep — one MD, one delivery model, 36 projects a year, over 75% directly procured. CONFIRMED (Project Scotland, 26 Jan 2026): £510m pipeline, 36 new projects in 2026, 2,000 homes with ~1,650 for affordable rent, 800+ already under construction, client mix and >75% direct procurement, geographic spread, conception-to-completion delivery through integrated pre-construction, Athletes' Village Phase 2 in Glasgow's East End, David Wylie quoted. INFERRED: that the structural system may be timber kit — from CCG's offsite manufacturing capability and Scottish affordable housing norms, not stated. NOT CONFIRMED: structural systems, individual project values or locations, foundation types, whether any element is concrete-framed.",__YES__,__NO__,__NO__,,,Medium,Industrialised construction / DfMA,"A £510m pipeline across 36 new projects starting in one year, totalling 2,000 homes with 800 more already under construction, from a single vertically integrated contractor who leads most projects from conception to completion and secures over 75% of work through direct procurement. That combination — one decision-maker, one delivery model, repeated 36 times in twelve months — is structurally the most repeatable relationship in Scotland. The reason it is Medium rather than High is a real doubt about the material: CCG runs offsite manufacturing and Scottish affordable housing at this scale is frequently timber kit rather than concrete frame. If the pipeline is predominantly timber, this is not a Converge opportunity in any meaningful volume.","Timing: HIGH — 36 projects starting during 2026, most secured through direct procurement, so the delivery method is CCG's own decision and is being made repeatedly right now. Opportunity: UNKNOWN — 2,000 homes is substantial, but the structural system is unconfirmed and may be timber. Access: HIGH — a single vertically integrated contractor with a named MD and an explicitly early-engagement culture. Coverage: MEDIUM — UK shared patch.",Data Hub,Direct,reed,250M+
MITIE POWER & GRID / REVERA ENERGY - Windyhill Battery Energy Storage Site - near Glasgow,"Mitie Power & Grid with Carlyle-backed partners Revera Energy, having broken ground in August 2026.",,Not published.,Revera Energy (Carlyle-backed).,"Windyhill, near Glasgow",United Kingdom,uk,55.92,-4.4,,Power & transmission,New build,Groundbreaking / enabling works,,"Mass concrete,Piling / foundations",None identified,Imminent to under way. Ground was broken in August 2026; a second phase of the same scale is planned.,,"Mitie Power & Grid and Carlyle-backed partners Revera Energy have broken ground on the Windyhill Battery Energy Storage Site near Glasgow. In the first phase, the 400MWh site will store enough energy for 50,000 homes for two hours, with a second phase of the same scale planned.",NEWS,New,__YES__,https://www.theconstructionindex.co.uk/news/index/list/category/scotland,aled,"AE ROUTING: UNRESOLVED — UK shared patch, neither party is a named account. THIRD BATTERY STORAGE RECORD IN THE SWEEP after Thorpe Marsh Green Energy Hub (Yorkshire, £1.04bn, 1,400MW/3,100MWh) and the Slough data centre BESS (South East). The argument is consistent across all three: hundreds of near-identical container plinths give real repeatability even though each pour is small, but total volume is modest against headline values dominated by battery hardware. Scotland's top 30 also includes six battery storage centres worth £928m in aggregate, so this is a sector with genuine scale in Scotland specifically — worth a dedicated view rather than three separate project records. NEXT ACTION: this is the freshest start in the file. Approach now, while phase one foundations are being laid and before phase two is designed. CONFIRMED (The Construction Index, August 2026): Mitie Power & Grid and Revera Energy as partners, Carlyle backing, Windyhill site near Glasgow, groundbreaking, 400MWh first phase, capacity for 50,000 homes for two hours, second phase of the same scale planned. INFERRED: that hundreds of near-identical container plinths dominate the concrete scope — from BESS construction generally, not published for Windyhill. NOT CONFIRMED: project value, foundation design, plinth count, concrete volumes, programme, phase two timing.",__YES__,__NO__,__NO__,,,Medium,Mass-concrete civils,"Broke ground in August 2026, so this is the freshest start in the Scotland file and the entire foundation programme is ahead. A 400MWh first phase with a second phase of the same scale planned means hundreds of near-identical battery container plinths and foundation pads laid across a large area — repeatability, which is the strongest signal in the mass-concrete profile even where individual pours are small. The two-phase structure is the useful part: prove something on phase one, apply it to phase two on the same site with the same team. The counterweight is the same as at Thorpe Marsh in the Yorkshire file — total volume is modest and battery storage value is dominated by hardware rather than civils.","Timing: HIGH — broke ground August 2026, foundations entirely ahead, second phase behind it. Opportunity: MEDIUM — high repeatability across many small identical pours; modest total volume. Access: MEDIUM — Mitie Power & Grid and Revera Energy are both identifiable and newly on site. Coverage: MEDIUM — UK shared patch.",Cure / Signal,Direct,reed,
KIER CONSTRUCTION - HMP Glasgow - Glasgow,"Kier Construction, appointed main contractor.",,Not published.,Scottish Prison Service (not confirmed in the source retrieved).,Glasgow — replacement for HMP Barlinnie,United Kingdom,uk,55.88,-4.19,400,Hospital / healthcare,Replacement,Main works / on site,Large,Precast,Not established.,Unknown. Kier was appointed main contractor and the project secured approval per an October 2024 source; the current position has not been verified.,,"HMP Glasgow is a £400m prison project for which Kier Construction has been appointed main contractor, recorded by Glenigan among significant Scottish projects securing approval alongside the £700m University Monklands Hospital.",NEWS,New,__NO__,https://www.glenigan.com/boost-for-scottish-construction-as-new-projects-advance/,aled,"AE ROUTING: UNRESOLVED — UK shared patch, Kier is not a named account. SOURCE AGE WARNING: the Glenigan source naming Kier is dated October 2024. Nearly two years old. Verify appointment and current construction status before working. KIER IS NOW THE MOST RECURRING CONTRACTOR IN THE ENTIRE SWEEP — SEVEN APPEARANCES: STEP Fusion construction partner via ILIOS (East Midlands, £200m first tranche of a programme with up to £10bn future opportunity), the National Highways £1bn Legacy Concrete Roads Reconstruction framework 2026-2032 with Graham and Sisk, YORbuild Major Works 2, Sizewell C North Plaza (£50-70m), Kier BAM as main works contractor on Devonport 10 Dock, the Southern Construction Framework incumbent lists, a £23m Edinburgh retrofit via the Scottish Procurement Alliance, and HMP Glasgow. Alongside Laing O'Rourke and Balfour Beatty, this is one of the three strongest account cases in the whole sweep and should be raised at triage rather than pursued project by project. WHY PRISONS ARE WORTH KNOWING ABOUT: custodial buildings are built in concrete for security reasons and cell structures repeat identically hundreds of times. It is one of the better concrete typologies in public sector construction and it is easy to overlook. CONFIRMED (Glenigan, October 2024): £400m value, Kier Construction appointed main contractor, approval secured. INFERRED: Scottish Prison Service as client and the replacement of HMP Barlinnie — from general knowledge, not from the retrieved source. That custodial construction is concrete-heavy with repeated cell structures — from building type generally, not published for HMP Glasgow. NOT CONFIRMED: client, structural approach, houseblock count, capacity, programme, current construction status, concrete volumes.",__YES__,__NO__,__NO__,,,Medium,Schedule-critical vertical build,"A £400m prison is an unusually good concrete typology that is easy to overlook. Custodial buildings are built almost entirely in concrete for security reasons — heavy in-situ or precast cell structures, repeated identically hundreds of times across houseblocks. That is repeatability of exactly the kind the scoring model rewards most, in a building type where the material choice is not really optional. Kier is also the most recurring contractor in the entire sweep at seven appearances. Held at Medium rather than High only because the source naming Kier is dated October 2024 and neither the current construction status nor the structural approach has been verified.","Timing: UNKNOWN — Kier was appointed and the project approved per an October 2024 source; current status unverified. Opportunity: MEDIUM-HIGH — custodial construction is concrete-heavy with identical repeated cell structures across houseblocks. Access: HIGH — Kier is the most recurring contractor in this sweep. Coverage: MEDIUM — UK shared patch, Kier is not a named account.","Cure / Signal,Data Hub",Direct,reed,250M+
NO CONTRACTOR IDENTIFIED - Shawlands Regeneration Phase 1 - Glasgow,"NOT IDENTIFIED. No contractor, developer or designer resolved in this sweep.",,Unknown.,Not confirmed.,"Shawlands, Glasgow",United Kingdom,uk,55.83,-4.29,150,Port / marine,New build,PCSA / preconstruction,Medium,"In-situ frame,Marine / water-retaining",Unknown,Unknown.,,"Shawlands Regeneration Glasgow Phase 1, comprising 329 apartments with a value of £150m, is ranked the top construction project in Glasgow by total value in Barbour ABI's April 2026 league table, which covers projects with a start date from six months back to six months forward. Second place is the £100m Lancefield Quay Phase 1 with 409 apartments, and third the £72m 620-bed student accommodation at 172-184 Sauchiehall Street.",MANUAL,New,__NO__,https://barbour-abi.com/top-construction-projects-glasgow/,aled,"AE ROUTING: UNRESOLVED — nothing identified. INCOMPLETE RECORD — kept so the largest Glasgow project is not absent from the file. NEXT ACTION: one search covering all three top Glasgow projects at once — Shawlands Phase 1 (£150m, 329 apartments), Lancefield Quay Phase 1 (£100m, 409 apartments) and 172-184 Sauchiehall Street (£72m, 620 student beds). Together they are £322m and around 1,350 units in one city, and a single search should resolve contractors for all three. That is the most efficient remaining research action in the Scotland file after Cruachan 2. CONFIRMED (Barbour ABI Glasgow league table, updated April 2026): project name, £150m value, 329 apartments, top ranking in Glasgow, and the second and third placed projects with their values and contents. INFERRED: nothing. NOT CONFIRMED: contractor, developer, designer, structural system, storey heights, programme, start date, tenure.",__NO__,__NO__,__NO__,,,Low,Schedule-critical vertical build,"The top construction project in Glasgow by value at £150m with 329 apartments, and a start plausibly near per the league table window. But nothing beyond the name, the value and the unit count is established — no contractor, no developer, no designer, no structural system. Glasgow residential at this scale could be concrete frame or could be something else entirely. Recorded so the largest Glasgow project is not simply absent from the file, but it cannot honestly be banded above Low in this state.",Timing: UNKNOWN — Barbour ABI window only. Opportunity: MEDIUM if concrete-framed — 329 apartments is a real repeating-plate programme. Access: LOW — nothing and nobody identified. Coverage: MEDIUM — UK shared patch.,Cure / Signal,Direct,reed,50-250M
GRAHAM - St Vincent Street PBSA - Glasgow,"GRAHAM, having marked handover of the completed development.",,Not published.,Artisan Real Estate with a housing partner named in part in the source.,"St Vincent Street, Glasgow city centre",United Kingdom,uk,55.8617,-4.2583,38,Student accommodation,New build,Main works / on site,,,None identified,Complete. Handed over ahead of the 2026/27 academic year.,,GRAHAM marked the handover of a 321-apartment purpose-built student accommodation development in Glasgow city centre ahead of the 2026/27 academic year. The £38m development on St Vincent Street was delivered on behalf of Artisan Real Estate. GRAHAM has separately completed the £10m retrofit of Brunstane Primary School in Edinburgh.,NEWS,New,__YES__,https://www.scottishconstructionnow.com/tag/glasgow,aled,"AE ROUTING: UNRESOLVED — UK shared patch, GRAHAM is not a named account. RECORD KEPT AS CONTRACTOR INTELLIGENCE — the building is handed over. GRAHAM ACROSS THE SWEEP: the National Highways £1bn Legacy Concrete Roads Reconstruction framework 2026-2032 alongside Kier and Sisk (a framework literally named after the material), reported sole bidder to be strategic delivery partner on London Metropolitan University's £284m estate overhaul (London file), the Southern Construction Framework London incumbent list, and active Scottish PBSA and education work. Worth a contractor view. CONFIRMED (Scottish Construction Now): 321 apartments, £38m, St Vincent Street Glasgow, handover ahead of the 2026/27 academic year, Artisan Real Estate as client, Brunstane Primary School £10m retrofit completion in Edinburgh. INFERRED: nothing. NOT CONFIRMED: structural system, the second client party named only partially in the source, any forward Scottish pipeline.",__NO__,__NO__,__NO__,,,Low,Schedule-critical vertical build,"Handed over ahead of the 2026/27 academic year, so the building is complete and there is nothing to pour. Recorded as contractor intelligence: GRAHAM is active across Scotland on both PBSA and education retrofit, appears on the National Highways £1bn Legacy Concrete Roads framework with Kier and Sisk, and was reported as sole bidder to become strategic delivery partner on London Metropolitan University's £284m estate overhaul. Three touchpoints across three regions makes GRAHAM worth a contractor view even though this particular building is finished.",Timing: LOW — handed over for the 2026/27 academic year. Opportunity: LOW — complete. Access: MEDIUM — GRAHAM is identifiable and recurring. Coverage: MEDIUM — UK shared patch.,Cure / Signal,Direct,reed,Under 50M
